customer_id,first_name,last_name,email,country,city,segment,registration_date
CUST-00001,FirstName_0,LastName_0,user0@example.com,United States,London,Corporate,2021-10-16
CUST-00002,FirstName_1,LastName_1,user1@example.com,Australia,Manchester,Consumer,2020-04-24
CUST-00003,FirstName_2,LastName_2,user2@example.com,United Kingdom,Chicago,Home Office,2020-01-26
CUST-00004,FirstName_3,LastName_3,user3@example.com,Canada,London,Corporate,2022-01-29
CUST-00005,FirstName_4,LastName_4,user4@example.com,United States,Toronto,Consumer,2020-10-08
CUST-00006,FirstName_5,LastName_5,user5@example.com,United States,Berlin,Consumer,2020-09-07
CUST-00007,FirstName_6,LastName_6,user6@example.com,United States,Sydney,Consumer,2020-08-16
CUST-00008,FirstName_7,LastName_7,user7@example.com,Germany,Sydney,Consumer,2020-05-22
CUST-00009,FirstName_8,LastName_8,user8@example.com,United Kingdom,Chicago,Consumer,2022-01-24
CUST-00010,FirstName_9,LastName_9,user9@example.com,United Kingdom,Sydney,Corporate,2020-04-14
CUST-00011,FirstName_10,LastName_10,user10@example.com,United States,London,Home Office,2021-11-23
CUST-00012,FirstName_11,LastName_11,user11@example.com,Australia,Melbourne,Consumer,2022-01-28
CUST-00013,FirstName_12,LastName_12,user12@example.com,Germany,Sydney,Consumer,2022-07-02
CUST-00014,FirstName_13,LastName_13,user13@example.com,United States,Chicago,Consumer,2021-07-12
CUST-00015,FirstName_14,LastName_14,user14@example.com,United States,Sydney,Consumer,2020-03-30
CUST-00016,FirstName_15,LastName_15,user15@example.com,United States,Sydney,Consumer,2021-08-27
CUST-00017,FirstName_16,LastName_16,user16@example.com,United States,Munich,Corporate,2021-03-08
CUST-00018,FirstName_17,LastName_17,user17@example.com,Canada,London,Home Office,2020-02-02
CUST-00019,FirstName_18,LastName_18,user18@example.com,Canada,Toronto,Consumer,2020-01-31
CUST-00020,FirstName_19,LastName_19,user19@example.com,United States,New York,Corporate,2020-04-05
CUST-00021,FirstName_20,LastName_20,user20@example.com,United Kingdom,Melbourne,Home Office,2020-08-11
CUST-00022,FirstName_21,LastName_21,user21@example.com,United States,Sydney,Consumer,2020-08-26
CUST-00023,FirstName_22,LastName_22,user22@example.com,United States,Manchester,Corporate,2021-06-01
CUST-00024,FirstName_23,LastName_23,user23@example.com,United States,Sydney,Corporate,2021-09-08
CUST-00025,FirstName_24,LastName_24,user24@example.com,Canada,Munich,Consumer,2020-01-28
CUST-00026,FirstName_25,LastName_25,user25@example.com,Germany,Toronto,Consumer,2021-07-28
CUST-00027,FirstName_26,LastName_26,user26@example.com,United States,Manchester,Corporate,2020-07-22
CUST-00028,FirstName_27,LastName_27,user27@example.com,Canada,Melbourne,Corporate,2022-01-03
CUST-00029,FirstName_28,LastName_28,user28@example.com,Canada,Manchester,Consumer,2021-10-27
CUST-00030,FirstName_29,LastName_29,user29@example.com,United States,London,Consumer,2021-12-19
CUST-00031,FirstName_30,LastName_30,user30@example.com,United Kingdom,Chicago,Consumer,2021-07-12
CUST-00032,FirstName_31,LastName_31,user31@example.com,United States,Chicago,Home Office,2021-03-05
CUST-00033,FirstName_32,LastName_32,user32@example.com,United States,Melbourne,Consumer,2020-08-13
CUST-00034,FirstName_33,LastName_33,user33@example.com,Australia,Toronto,Corporate,2021-04-04
CUST-00035,FirstName_34,LastName_34,user34@example.com,Australia,Chicago,Consumer,2021-08-26
CUST-00036,FirstName_35,LastName_35,user35@example.com,Germany,Los Angeles,Consumer,2020-10-11
CUST-00037,FirstName_36,LastName_36,user36@example.com,United States,Munich,Consumer,2022-04-08
CUST-00038,FirstName_37,LastName_37,user37@example.com,United States,Melbourne,Consumer,2022-06-09
CUST-00039,FirstName_38,LastName_38,user38@example.com,United Kingdom,Melbourne,Consumer,2020-01-07
CUST-00040,FirstName_39,LastName_39,user39@example.com,Canada,New York,Consumer,2022-02-16
CUST-00041,FirstName_40,LastName_40,user40@example.com,United States,New York,Consumer,2022-04-05
CUST-00042,FirstName_41,LastName_41,user41@example.com,Canada,London,Consumer,2020-06-12
CUST-00043,FirstName_42,LastName_42,user42@example.com,United States,London,Consumer,2021-12-15
CUST-00044,FirstName_43,LastName_43,user43@example.com,Australia,New York,Consumer,2021-03-08
CUST-00045,FirstName_44,LastName_44,user44@example.com,United States,Chicago,Corporate,2020-12-14
CUST-00046,FirstName_45,LastName_45,user45@example.com,United Kingdom,Berlin,Corporate,2020-10-11
CUST-00047,FirstName_46,LastName_46,user46@example.com,United States,Melbourne,Home Office,2020-06-08
CUST-00048,FirstName_47,LastName_47,user47@example.com,Canada,Los Angeles,Consumer,2020-08-08
CUST-00049,FirstName_48,LastName_48,user48@example.com,Canada,Melbourne,Consumer,2022-09-07
CUST-00050,FirstName_49,LastName_49,user49@example.com,United States,Sydney,Consumer,2022-02-20
CUST-00051,FirstName_50,LastName_50,user50@example.com,Australia,Toronto,Consumer,2020-12-10
CUST-00052,FirstName_51,LastName_51,user51@example.com,Germany,Munich,Corporate,2020-04-14
CUST-00053,FirstName_52,LastName_52,user52@example.com,Australia,Berlin,Consumer,2020-04-04
CUST-00054,FirstName_53,LastName_53,user53@example.com,Germany,Los Angeles,Consumer,2021-01-24
CUST-00055,FirstName_54,LastName_54,user54@example.com,Canada,Sydney,Consumer,2020-04-09
CUST-00056,FirstName_55,LastName_55,user55@example.com,Australia,London,Home Office,2021-01-02
CUST-00057,FirstName_56,LastName_56,user56@example.com,United States,Los Angeles,Home Office,2022-05-17
CUST-00058,FirstName_57,LastName_57,user57@example.com,United States,New York,Consumer,2020-12-18
CUST-00059,FirstName_58,LastName_58,user58@example.com,United States,Melbourne,Consumer,2021-09-10
CUST-00060,FirstName_59,LastName_59,user59@example.com,United States,Los Angeles,Corporate,2020-09-27
CUST-00061,FirstName_60,LastName_60,user60@example.com,United States,Toronto,Home Office,2022-04-06
CUST-00062,FirstName_61,LastName_61,user61@example.com,United States,Manchester,Consumer,2020-02-14
CUST-00063,FirstName_62,LastName_62,user62@example.com,Germany,London,Consumer,2022-01-17
CUST-00064,FirstName_63,LastName_63,user63@example.com,United States,Munich,Home Office,2021-04-15
CUST-00065,FirstName_64,LastName_64,user64@example.com,United States,Munich,Corporate,2021-07-03
CUST-00066,FirstName_65,LastName_65,user65@example.com,Canada,Los Angeles,Consumer,2020-05-07
CUST-00067,FirstName_66,LastName_66,user66@example.com,United States,Manchester,Consumer,2022-09-23
CUST-00068,FirstName_67,LastName_67,user67@example.com,Germany,Melbourne,Home Office,2022-08-02
CUST-00069,FirstName_68,LastName_68,user68@example.com,United States,Sydney,Corporate,2021-01-22
CUST-00070,FirstName_69,LastName_69,user69@example.com,Australia,Berlin,Corporate,2020-03-21
CUST-00071,FirstName_70,LastName_70,user70@example.com,Germany,Melbourne,Corporate,2021-07-19
CUST-00072,FirstName_71,LastName_71,user71@example.com,United States,Sydney,Consumer,2020-10-27
CUST-00073,FirstName_72,LastName_72,user72@example.com,United States,Berlin,Corporate,2022-04-29
CUST-00074,FirstName_73,LastName_73,user73@example.com,Germany,Manchester,Consumer,2021-10-05
CUST-00075,FirstName_74,LastName_74,user74@example.com,United Kingdom,Berlin,Home Office,2021-09-25
CUST-00076,FirstName_75,LastName_75,user75@example.com,United Kingdom,Melbourne,Consumer,2022-06-25
CUST-00077,FirstName_76,LastName_76,user76@example.com,Germany,Toronto,Home Office,2022-06-01
CUST-00078,FirstName_77,LastName_77,user77@example.com,United States,Los Angeles,Consumer,2021-01-05
CUST-00079,FirstName_78,LastName_78,user78@example.com,United States,Sydney,Consumer,2021-08-14
CUST-00080,FirstName_79,LastName_79,user79@example.com,United States,Toronto,Consumer,2020-07-15
CUST-00081,FirstName_80,LastName_80,user80@example.com,Germany,Sydney,Corporate,2021-12-22
CUST-00082,FirstName_81,LastName_81,user81@example.com,United Kingdom,Los Angeles,Corporate,2020-03-12
CUST-00083,FirstName_82,LastName_82,user82@example.com,United States,Chicago,Corporate,2020-02-16
CUST-00084,FirstName_83,LastName_83,user83@example.com,United States,Berlin,Consumer,2021-11-08
CUST-00085,FirstName_84,LastName_84,user84@example.com,United States,Manchester,Consumer,2020-08-21
CUST-00086,FirstName_85,LastName_85,user85@example.com,United States,Chicago,Home Office,2022-03-02
CUST-00087,FirstName_86,LastName_86,user86@example.com,United Kingdom,Chicago,Corporate,2020-10-23
CUST-00088,FirstName_87,LastName_87,user87@example.com,United Kingdom,Munich,Corporate,2020-03-22
CUST-00089,FirstName_88,LastName_88,user88@example.com,Germany,New York,Corporate,2022-05-25
CUST-00090,FirstName_89,LastName_89,user89@example.com,Canada,Melbourne,Corporate,2020-08-26
CUST-00091,FirstName_90,LastName_90,user90@example.com,United States,Toronto,Consumer,2022-06-06
CUST-00092,FirstName_91,LastName_91,user91@example.com,United Kingdom,Toronto,Corporate,2020-04-13
CUST-00093,FirstName_92,LastName_92,user92@example.com,Germany,Toronto,Corporate,2021-01-24
CUST-00094,FirstName_93,LastName_93,user93@example.com,Canada,Toronto,Home Office,2020-10-11
CUST-00095,FirstName_94,LastName_94,user94@example.com,Germany,Melbourne,Corporate,2021-04-09
CUST-00096,FirstName_95,LastName_95,user95@example.com,Canada,Chicago,Consumer,2021-10-12
CUST-00097,FirstName_96,LastName_96,user96@example.com,Canada,Melbourne,Consumer,2022-05-04
CUST-00098,FirstName_97,LastName_97,user97@example.com,Canada,Toronto,Consumer,2021-01-08
CUST-00099,FirstName_98,LastName_98,user98@example.com,United States,New York,Consumer,2020-06-15
CUST-00100,FirstName_99,LastName_99,user99@example.com,United States,London,Corporate,2021-01-14
CUST-00101,FirstName_100,LastName_100,user100@example.com,United States,Los Angeles,Home Office,2020-12-29
CUST-00102,FirstName_101,LastName_101,user101@example.com,United Kingdom,Toronto,Consumer,2020-08-02
CUST-00103,FirstName_102,LastName_102,user102@example.com,United States,Manchester,Consumer,2021-11-17
CUST-00104,FirstName_103,LastName_103,user103@example.com,Canada,London,Home Office,2020-09-30
CUST-00105,FirstName_104,LastName_104,user104@example.com,Australia,Melbourne,Corporate,2021-12-19
CUST-00106,FirstName_105,LastName_105,user105@example.com,United States,Manchester,Consumer,2022-08-17
CUST-00107,FirstName_106,LastName_106,user106@example.com,Canada,Manchester,Corporate,2021-11-30
CUST-00108,FirstName_107,LastName_107,user107@example.com,Germany,Sydney,Consumer,2021-10-25
CUST-00109,FirstName_108,LastName_108,user108@example.com,United States,Manchester,Consumer,2020-03-14
CUST-00110,FirstName_109,LastName_109,user109@example.com,United States,Toronto,Consumer,2021-09-15
CUST-00111,FirstName_110,LastName_110,user110@example.com,United States,Sydney,Consumer,2021-10-12
CUST-00112,FirstName_111,LastName_111,user111@example.com,United States,Munich,Consumer,2020-06-24
CUST-00113,FirstName_112,LastName_112,user112@example.com,Australia,Chicago,Home Office,2021-06-30
CUST-00114,FirstName_113,LastName_113,user113@example.com,Germany,Manchester,Corporate,2022-01-16
CUST-00115,FirstName_114,LastName_114,user114@example.com,United Kingdom,New York,Consumer,2020-09-07
CUST-00116,FirstName_115,LastName_115,user115@example.com,Germany,Los Angeles,Consumer,2020-06-16
CUST-00117,FirstName_116,LastName_116,user116@example.com,Germany,Manchester,Consumer,2021-04-18
CUST-00118,FirstName_117,LastName_117,user117@example.com,United States,Munich,Corporate,2021-01-23
CUST-00119,FirstName_118,LastName_118,user118@example.com,Germany,Berlin,Corporate,2020-10-03
CUST-00120,FirstName_119,LastName_119,user119@example.com,Canada,Melbourne,Consumer,2022-08-05
CUST-00121,FirstName_120,LastName_120,user120@example.com,Germany,Melbourne,Consumer,2021-10-17
CUST-00122,FirstName_121,LastName_121,user121@example.com,Germany,Munich,Corporate,2021-12-05
CUST-00123,FirstName_122,LastName_122,user122@example.com,United States,Berlin,Consumer,2021-07-24
CUST-00124,FirstName_123,LastName_123,user123@example.com,United States,Melbourne,Consumer,2020-08-12
CUST-00125,FirstName_124,LastName_124,user124@example.com,United States,Melbourne,Corporate,2021-12-02
CUST-00126,FirstName_125,LastName_125,user125@example.com,Canada,Melbourne,Consumer,2020-11-28
CUST-00127,FirstName_126,LastName_126,user126@example.com,Germany,Munich,Consumer,2022-05-13
CUST-00128,FirstName_127,LastName_127,user127@example.com,Germany,Chicago,Consumer,2022-02-25
CUST-00129,FirstName_128,LastName_128,user128@example.com,United States,Los Angeles,Consumer,2022-03-05
CUST-00130,FirstName_129,LastName_129,user129@example.com,Canada,Munich,Home Office,2020-02-27
CUST-00131,FirstName_130,LastName_130,user130@example.com,Canada,Berlin,Home Office,2020-08-22
CUST-00132,FirstName_131,LastName_131,user131@example.com,United States,Manchester,Home Office,2022-04-21
CUST-00133,FirstName_132,LastName_132,user132@example.com,United States,Chicago,Corporate,2020-02-02
CUST-00134,FirstName_133,LastName_133,user133@example.com,United States,Chicago,Consumer,2022-04-04
CUST-00135,FirstName_134,LastName_134,user134@example.com,Australia,Manchester,Corporate,2020-11-19
CUST-00136,FirstName_135,LastName_135,user135@example.com,United States,New York,Home Office,2021-02-14
CUST-00137,FirstName_136,LastName_136,user136@example.com,Canada,Sydney,Consumer,2020-10-01
CUST-00138,FirstName_137,LastName_137,user137@example.com,United Kingdom,Los Angeles,Consumer,2020-03-08
CUST-00139,FirstName_138,LastName_138,user138@example.com,United States,Los Angeles,Corporate,2020-08-04
CUST-00140,FirstName_139,LastName_139,user139@example.com,Australia,New York,Corporate,2022-07-24
CUST-00141,FirstName_140,LastName_140,user140@example.com,Australia,Sydney,Consumer,2022-08-23
CUST-00142,FirstName_141,LastName_141,user141@example.com,United States,Los Angeles,Consumer,2021-08-03
CUST-00143,FirstName_142,LastName_142,user142@example.com,Canada,Berlin,Corporate,2022-06-16
CUST-00144,FirstName_143,LastName_143,user143@example.com,United States,London,Consumer,2022-01-05
CUST-00145,FirstName_144,LastName_144,user144@example.com,United States,London,Corporate,2020-11-18
CUST-00146,FirstName_145,LastName_145,user145@example.com,United States,Los Angeles,Consumer,2020-08-05
CUST-00147,FirstName_146,LastName_146,user146@example.com,United Kingdom,Toronto,Home Office,2021-11-02
CUST-00148,FirstName_147,LastName_147,user147@example.com,Canada,Los Angeles,Consumer,2021-05-26
CUST-00149,FirstName_148,LastName_148,user148@example.com,United States,Manchester,Consumer,2021-02-09
CUST-00150,FirstName_149,LastName_149,user149@example.com,United States,Manchester,Consumer,2022-06-24
CUST-00151,FirstName_150,LastName_150,user150@example.com,Australia,Sydney,Consumer,2022-07-25
CUST-00152,FirstName_151,LastName_151,user151@example.com,United States,Melbourne,Corporate,2021-10-20
CUST-00153,FirstName_152,LastName_152,user152@example.com,United States,Chicago,Consumer,2021-04-14
CUST-00154,FirstName_153,LastName_153,user153@example.com,Canada,Berlin,Consumer,2020-05-26
CUST-00155,FirstName_154,LastName_154,user154@example.com,Australia,New York,Consumer,2020-09-28
CUST-00156,FirstName_155,LastName_155,user155@example.com,United States,Los Angeles,Corporate,2020-05-22
CUST-00157,FirstName_156,LastName_156,user156@example.com,United Kingdom,Melbourne,Corporate,2020-09-09
CUST-00158,FirstName_157,LastName_157,user157@example.com,Germany,Melbourne,Consumer,2022-02-01
CUST-00159,FirstName_158,LastName_158,user158@example.com,United States,Berlin,Corporate,2021-07-28
CUST-00160,FirstName_159,LastName_159,user159@example.com,United Kingdom,New York,Corporate,2021-07-05
CUST-00161,FirstName_160,LastName_160,user160@example.com,United States,Manchester,Corporate,2020-09-26
CUST-00162,FirstName_161,LastName_161,user161@example.com,United Kingdom,Munich,Consumer,2022-02-03
CUST-00163,FirstName_162,LastName_162,user162@example.com,United Kingdom,Berlin,Corporate,2021-08-21
CUST-00164,FirstName_163,LastName_163,user163@example.com,Canada,Melbourne,Consumer,2021-03-14
CUST-00165,FirstName_164,LastName_164,user164@example.com,United States,London,Consumer,2022-07-08
CUST-00166,FirstName_165,LastName_165,user165@example.com,Germany,Los Angeles,Consumer,2021-08-20
CUST-00167,FirstName_166,LastName_166,user166@example.com,United States,Sydney,Consumer,2021-02-12
CUST-00168,FirstName_167,LastName_167,user167@example.com,United States,London,Consumer,2021-01-05
CUST-00169,FirstName_168,LastName_168,user168@example.com,United States,Melbourne,Home Office,2020-08-12
CUST-00170,FirstName_169,LastName_169,user169@example.com,Canada,Chicago,Consumer,2020-05-21
CUST-00171,FirstName_170,LastName_170,user170@example.com,United Kingdom,Toronto,Consumer,2021-06-05
CUST-00172,FirstName_171,LastName_171,user171@example.com,United States,New York,Consumer,2021-05-20
CUST-00173,FirstName_172,LastName_172,user172@example.com,Canada,Manchester,Consumer,2020-04-03
CUST-00174,FirstName_173,LastName_173,user173@example.com,United States,Los Angeles,Consumer,2022-02-12
CUST-00175,FirstName_174,LastName_174,user174@example.com,United Kingdom,Sydney,Consumer,2020-02-18
CUST-00176,FirstName_175,LastName_175,user175@example.com,United States,Munich,Consumer,2022-05-31
CUST-00177,FirstName_176,LastName_176,user176@example.com,United Kingdom,Manchester,Consumer,2020-04-22
CUST-00178,FirstName_177,LastName_177,user177@example.com,United States,Los Angeles,Consumer,2020-06-05
CUST-00179,FirstName_178,LastName_178,user178@example.com,Australia,Munich,Consumer,2021-10-04
CUST-00180,FirstName_179,LastName_179,user179@example.com,United States,Sydney,Corporate,2020-06-12
CUST-00181,FirstName_180,LastName_180,user180@example.com,United States,Melbourne,Corporate,2022-03-22
CUST-00182,FirstName_181,LastName_181,user181@example.com,United States,Toronto,Corporate,2021-11-27
CUST-00183,FirstName_182,LastName_182,user182@example.com,Australia,London,Consumer,2021-03-08
CUST-00184,FirstName_183,LastName_183,user183@example.com,Germany,London,Consumer,2021-09-02
CUST-00185,FirstName_184,LastName_184,user184@example.com,United States,Melbourne,Home Office,2020-03-06
CUST-00186,FirstName_185,LastName_185,user185@example.com,United Kingdom,Manchester,Consumer,2021-01-29
CUST-00187,FirstName_186,LastName_186,user186@example.com,Germany,Melbourne,Consumer,2021-01-25
CUST-00188,FirstName_187,LastName_187,user187@example.com,Canada,Melbourne,Consumer,2021-09-02
CUST-00189,FirstName_188,LastName_188,user188@example.com,Canada,Los Angeles,Consumer,2021-04-24
CUST-00190,FirstName_189,LastName_189,user189@example.com,United States,Los Angeles,Consumer,2021-06-25
CUST-00191,FirstName_190,LastName_190,user190@example.com,United States,Sydney,Corporate,2020-09-14
CUST-00192,FirstName_191,LastName_191,user191@example.com,Germany,Toronto,Consumer,2022-09-21
CUST-00193,FirstName_192,LastName_192,user192@example.com,Australia,Los Angeles,Home Office,2021-07-20
CUST-00194,FirstName_193,LastName_193,user193@example.com,United Kingdom,Sydney,Consumer,2022-05-31
CUST-00195,FirstName_194,LastName_194,user194@example.com,United States,Chicago,Consumer,2022-08-23
CUST-00196,FirstName_195,LastName_195,user195@example.com,United States,Melbourne,Home Office,2020-01-12
CUST-00197,FirstName_196,LastName_196,user196@example.com,United Kingdom,Melbourne,Corporate,2021-11-27
CUST-00198,FirstName_197,LastName_197,user197@example.com,Germany,Manchester,Consumer,2022-01-08
CUST-00199,FirstName_198,LastName_198,user198@example.com,Germany,Chicago,Consumer,2020-04-27
CUST-00200,FirstName_199,LastName_199,user199@example.com,Germany,Manchester,Corporate,2021-11-29
CUST-00201,FirstName_200,LastName_200,user200@example.com,United Kingdom,Munich,Consumer,2022-06-25
CUST-00202,FirstName_201,LastName_201,user201@example.com,United States,Sydney,Consumer,2021-07-03
CUST-00203,FirstName_202,LastName_202,user202@example.com,United States,Sydney,Corporate,2022-02-07
CUST-00204,FirstName_203,LastName_203,user203@example.com,Germany,Melbourne,Consumer,2020-09-30
CUST-00205,FirstName_204,LastName_204,user204@example.com,United Kingdom,Berlin,Consumer,2022-02-26
CUST-00206,FirstName_205,LastName_205,user205@example.com,United States,Munich,Consumer,2021-10-18
CUST-00207,FirstName_206,LastName_206,user206@example.com,United States,Sydney,Consumer,2020-12-14
CUST-00208,FirstName_207,LastName_207,user207@example.com,United Kingdom,Los Angeles,Home Office,2020-04-24
CUST-00209,FirstName_208,LastName_208,user208@example.com,United States,Melbourne,Consumer,2020-10-27
CUST-00210,FirstName_209,LastName_209,user209@example.com,United States,Manchester,Home Office,2021-03-21
CUST-00211,FirstName_210,LastName_210,user210@example.com,Canada,Chicago,Consumer,2020-06-10
CUST-00212,FirstName_211,LastName_211,user211@example.com,United Kingdom,Manchester,Consumer,2021-04-09
CUST-00213,FirstName_212,LastName_212,user212@example.com,United Kingdom,London,Consumer,2020-01-04
CUST-00214,FirstName_213,LastName_213,user213@example.com,United States,Berlin,Corporate,2022-09-03
CUST-00215,FirstName_214,LastName_214,user214@example.com,United Kingdom,Sydney,Home Office,2022-01-09
CUST-00216,FirstName_215,LastName_215,user215@example.com,United States,Toronto,Consumer,2022-06-15
CUST-00217,FirstName_216,LastName_216,user216@example.com,United States,New York,Consumer,2022-01-06
CUST-00218,FirstName_217,LastName_217,user217@example.com,United Kingdom,Berlin,Consumer,2020-09-26
CUST-00219,FirstName_218,LastName_218,user218@example.com,United Kingdom,Melbourne,Corporate,2022-09-22
CUST-00220,FirstName_219,LastName_219,user219@example.com,Germany,Sydney,Consumer,2021-05-27
CUST-00221,FirstName_220,LastName_220,user220@example.com,United Kingdom,Chicago,Corporate,2022-02-19
CUST-00222,FirstName_221,LastName_221,user221@example.com,Canada,Sydney,Consumer,2020-07-01
CUST-00223,FirstName_222,LastName_222,user222@example.com,United States,New York,Consumer,2021-06-03
CUST-00224,FirstName_223,LastName_223,user223@example.com,United States,Chicago,Consumer,2022-07-23
CUST-00225,FirstName_224,LastName_224,user224@example.com,United States,Manchester,Consumer,2020-04-18
CUST-00226,FirstName_225,LastName_225,user225@example.com,United States,Chicago,Corporate,2022-06-10
CUST-00227,FirstName_226,LastName_226,user226@example.com,Australia,Berlin,Corporate,2021-10-02
CUST-00228,FirstName_227,LastName_227,user227@example.com,United States,Manchester,Consumer,2020-11-01
CUST-00229,FirstName_228,LastName_228,user228@example.com,Germany,Sydney,Consumer,2022-05-11
CUST-00230,FirstName_229,LastName_229,user229@example.com,United Kingdom,Melbourne,Consumer,2021-10-16
CUST-00231,FirstName_230,LastName_230,user230@example.com,Germany,Munich,Corporate,2021-06-03
CUST-00232,FirstName_231,LastName_231,user231@example.com,Canada,Melbourne,Consumer,2021-09-15
CUST-00233,FirstName_232,LastName_232,user232@example.com,Canada,Sydney,Consumer,2020-07-22
CUST-00234,FirstName_233,LastName_233,user233@example.com,Canada,New York,Consumer,2020-06-05
CUST-00235,FirstName_234,LastName_234,user234@example.com,United States,Munich,Consumer,2021-01-17
CUST-00236,FirstName_235,LastName_235,user235@example.com,United Kingdom,Sydney,Consumer,2022-02-19
CUST-00237,FirstName_236,LastName_236,user236@example.com,United States,Toronto,Consumer,2020-06-14
CUST-00238,FirstName_237,LastName_237,user237@example.com,United States,Berlin,Consumer,2021-07-06
CUST-00239,FirstName_238,LastName_238,user238@example.com,United Kingdom,Toronto,Corporate,2022-09-03
CUST-00240,FirstName_239,LastName_239,user239@example.com,United States,Manchester,Consumer,2022-03-08
CUST-00241,FirstName_240,LastName_240,user240@example.com,Australia,London,Consumer,2022-08-02
CUST-00242,FirstName_241,LastName_241,user241@example.com,Australia,Sydney,Corporate,2021-06-27
CUST-00243,FirstName_242,LastName_242,user242@example.com,Australia,Los Angeles,Consumer,2022-07-29
CUST-00244,FirstName_243,LastName_243,user243@example.com,United States,Los Angeles,Corporate,2020-01-01
CUST-00245,FirstName_244,LastName_244,user244@example.com,United States,Chicago,Consumer,2021-09-05
CUST-00246,FirstName_245,LastName_245,user245@example.com,Australia,Melbourne,Consumer,2020-11-27
CUST-00247,FirstName_246,LastName_246,user246@example.com,Canada,Melbourne,Consumer,2021-05-15
CUST-00248,FirstName_247,LastName_247,user247@example.com,Australia,Melbourne,Consumer,2020-01-20
CUST-00249,FirstName_248,LastName_248,user248@example.com,Australia,Toronto,Corporate,2020-04-24
CUST-00250,FirstName_249,LastName_249,user249@example.com,Germany,Berlin,Consumer,2022-08-09
CUST-00251,FirstName_250,LastName_250,user250@example.com,United States,Sydney,Consumer,2021-01-06
CUST-00252,FirstName_251,LastName_251,user251@example.com,United States,New York,Consumer,2022-06-18
CUST-00253,FirstName_252,LastName_252,user252@example.com,Germany,Chicago,Consumer,2022-05-01
CUST-00254,FirstName_253,LastName_253,user253@example.com,United States,Manchester,Consumer,2022-04-06
CUST-00255,FirstName_254,LastName_254,user254@example.com,United States,Munich,Consumer,2020-11-10
CUST-00256,FirstName_255,LastName_255,user255@example.com,Canada,Manchester,Consumer,2020-09-02
CUST-00257,FirstName_256,LastName_256,user256@example.com,Australia,Sydney,Corporate,2020-02-29
CUST-00258,FirstName_257,LastName_257,user257@example.com,United Kingdom,London,Consumer,2020-09-03
CUST-00259,FirstName_258,LastName_258,user258@example.com,Canada,Melbourne,Corporate,2022-06-18
CUST-00260,FirstName_259,LastName_259,user259@example.com,United States,Munich,Home Office,2021-08-03
CUST-00261,FirstName_260,LastName_260,user260@example.com,United Kingdom,Toronto,Consumer,2022-08-27
CUST-00262,FirstName_261,LastName_261,user261@example.com,Australia,Sydney,Corporate,2020-03-21
CUST-00263,FirstName_262,LastName_262,user262@example.com,United States,London,Corporate,2020-03-28
CUST-00264,FirstName_263,LastName_263,user263@example.com,Canada,Toronto,Consumer,2022-01-19
CUST-00265,FirstName_264,LastName_264,user264@example.com,Germany,London,Home Office,2021-05-12
CUST-00266,FirstName_265,LastName_265,user265@example.com,United Kingdom,Melbourne,Consumer,2022-04-15
CUST-00267,FirstName_266,LastName_266,user266@example.com,United Kingdom,Toronto,Consumer,2020-03-11
CUST-00268,FirstName_267,LastName_267,user267@example.com,United Kingdom,Berlin,Corporate,2022-02-17
CUST-00269,FirstName_268,LastName_268,user268@example.com,United States,Los Angeles,Consumer,2021-06-29
CUST-00270,FirstName_269,LastName_269,user269@example.com,United States,Manchester,Consumer,2022-02-23
CUST-00271,FirstName_270,LastName_270,user270@example.com,Germany,Berlin,Consumer,2020-05-08
CUST-00272,FirstName_271,LastName_271,user271@example.com,Germany,Munich,Corporate,2020-05-11
CUST-00273,FirstName_272,LastName_272,user272@example.com,Germany,Chicago,Corporate,2021-11-06
CUST-00274,FirstName_273,LastName_273,user273@example.com,Australia,Los Angeles,Consumer,2021-05-01
CUST-00275,FirstName_274,LastName_274,user274@example.com,Canada,Berlin,Home Office,2022-08-27
CUST-00276,FirstName_275,LastName_275,user275@example.com,Canada,Sydney,Consumer,2021-07-16
CUST-00277,FirstName_276,LastName_276,user276@example.com,Germany,London,Consumer,2020-06-18
CUST-00278,FirstName_277,LastName_277,user277@example.com,United Kingdom,Munich,Corporate,2020-09-28
CUST-00279,FirstName_278,LastName_278,user278@example.com,United Kingdom,Sydney,Corporate,2021-06-24
CUST-00280,FirstName_279,LastName_279,user279@example.com,Germany,Los Angeles,Consumer,2022-06-12
CUST-00281,FirstName_280,LastName_280,user280@example.com,Germany,London,Consumer,2021-09-13
CUST-00282,FirstName_281,LastName_281,user281@example.com,United States,Munich,Corporate,2021-03-09
CUST-00283,FirstName_282,LastName_282,user282@example.com,United States,Chicago,Home Office,2022-09-14
CUST-00284,FirstName_283,LastName_283,user283@example.com,United States,Los Angeles,Corporate,2020-08-04
CUST-00285,FirstName_284,LastName_284,user284@example.com,Canada,Munich,Consumer,2022-08-09
CUST-00286,FirstName_285,LastName_285,user285@example.com,United States,Berlin,Home Office,2021-07-06
CUST-00287,FirstName_286,LastName_286,user286@example.com,Canada,Munich,Home Office,2022-02-12
CUST-00288,FirstName_287,LastName_287,user287@example.com,Canada,Los Angeles,Consumer,2022-01-17
CUST-00289,FirstName_288,LastName_288,user288@example.com,United States,Melbourne,Corporate,2021-12-07
CUST-00290,FirstName_289,LastName_289,user289@example.com,Canada,Berlin,Corporate,2020-07-24
CUST-00291,FirstName_290,LastName_290,user290@example.com,United States,Sydney,Home Office,2021-12-31
CUST-00292,FirstName_291,LastName_291,user291@example.com,United States,Los Angeles,Corporate,2020-11-15
CUST-00293,FirstName_292,LastName_292,user292@example.com,Germany,Melbourne,Corporate,2021-02-12
CUST-00294,FirstName_293,LastName_293,user293@example.com,United States,New York,Corporate,2021-11-18
CUST-00295,FirstName_294,LastName_294,user294@example.com,United States,Chicago,Consumer,2021-10-27
CUST-00296,FirstName_295,LastName_295,user295@example.com,Canada,Melbourne,Corporate,2021-01-17
CUST-00297,FirstName_296,LastName_296,user296@example.com,Germany,New York,Corporate,2021-03-24
CUST-00298,FirstName_297,LastName_297,user297@example.com,United States,Manchester,Home Office,2022-07-10
CUST-00299,FirstName_298,LastName_298,user298@example.com,United Kingdom,London,Consumer,2021-06-13
CUST-00300,FirstName_299,LastName_299,user299@example.com,United States,Melbourne,Consumer,2021-04-07
CUST-00301,FirstName_300,LastName_300,user300@example.com,United States,Toronto,Consumer,2020-05-03
CUST-00302,FirstName_301,LastName_301,user301@example.com,Canada,Chicago,Corporate,2020-09-10
CUST-00303,FirstName_302,LastName_302,user302@example.com,Canada,Melbourne,Corporate,2020-08-18
CUST-00304,FirstName_303,LastName_303,user303@example.com,United Kingdom,New York,Consumer,2020-03-06
CUST-00305,FirstName_304,LastName_304,user304@example.com,United Kingdom,Toronto,Consumer,2020-12-12
CUST-00306,FirstName_305,LastName_305,user305@example.com,Australia,Chicago,Consumer,2020-01-22
CUST-00307,FirstName_306,LastName_306,user306@example.com,Canada,Toronto,Consumer,2021-08-25
CUST-00308,FirstName_307,LastName_307,user307@example.com,United States,Berlin,Corporate,2021-07-21
CUST-00309,FirstName_308,LastName_308,user308@example.com,Germany,New York,Consumer,2020-08-23
CUST-00310,FirstName_309,LastName_309,user309@example.com,United States,Munich,Consumer,2021-08-25
CUST-00311,FirstName_310,LastName_310,user310@example.com,Canada,Berlin,Consumer,2020-08-13
CUST-00312,FirstName_311,LastName_311,user311@example.com,United States,Chicago,Consumer,2020-01-08
CUST-00313,FirstName_312,LastName_312,user312@example.com,United States,Chicago,Corporate,2020-03-13
CUST-00314,FirstName_313,LastName_313,user313@example.com,Australia,Los Angeles,Consumer,2021-12-25
CUST-00315,FirstName_314,LastName_314,user314@example.com,Germany,New York,Home Office,2021-10-08
CUST-00316,FirstName_315,LastName_315,user315@example.com,United Kingdom,Manchester,Consumer,2020-03-01
CUST-00317,FirstName_316,LastName_316,user316@example.com,Canada,Manchester,Consumer,2020-08-22
CUST-00318,FirstName_317,LastName_317,user317@example.com,United States,Chicago,Consumer,2020-03-10
CUST-00319,FirstName_318,LastName_318,user318@example.com,United States,Manchester,Corporate,2022-07-16
CUST-00320,FirstName_319,LastName_319,user319@example.com,United States,London,Consumer,2020-02-02
CUST-00321,FirstName_320,LastName_320,user320@example.com,Canada,Los Angeles,Home Office,2022-05-30
CUST-00322,FirstName_321,LastName_321,user321@example.com,United Kingdom,Chicago,Corporate,2020-12-04
CUST-00323,FirstName_322,LastName_322,user322@example.com,United Kingdom,Manchester,Consumer,2020-03-13
CUST-00324,FirstName_323,LastName_323,user323@example.com,United States,New York,Corporate,2021-06-10
CUST-00325,FirstName_324,LastName_324,user324@example.com,Australia,Melbourne,Home Office,2020-08-31
CUST-00326,FirstName_325,LastName_325,user325@example.com,United Kingdom,Munich,Consumer,2020-10-12
CUST-00327,FirstName_326,LastName_326,user326@example.com,Canada,Berlin,Consumer,2021-11-16
CUST-00328,FirstName_327,LastName_327,user327@example.com,United Kingdom,Berlin,Corporate,2021-05-12
CUST-00329,FirstName_328,LastName_328,user328@example.com,Canada,London,Consumer,2020-08-07
CUST-00330,FirstName_329,LastName_329,user329@example.com,United States,Toronto,Home Office,2021-07-06
CUST-00331,FirstName_330,LastName_330,user330@example.com,United States,New York,Consumer,2020-05-15
CUST-00332,FirstName_331,LastName_331,user331@example.com,Germany,Toronto,Consumer,2022-01-10
CUST-00333,FirstName_332,LastName_332,user332@example.com,United States,Los Angeles,Home Office,2022-08-15
CUST-00334,FirstName_333,LastName_333,user333@example.com,United States,Munich,Corporate,2022-06-22
CUST-00335,FirstName_334,LastName_334,user334@example.com,United States,Los Angeles,Consumer,2021-08-07
CUST-00336,FirstName_335,LastName_335,user335@example.com,United States,Chicago,Home Office,2021-08-13
CUST-00337,FirstName_336,LastName_336,user336@example.com,Germany,New York,Consumer,2021-04-29
CUST-00338,FirstName_337,LastName_337,user337@example.com,United Kingdom,Chicago,Consumer,2020-09-05
CUST-00339,FirstName_338,LastName_338,user338@example.com,Canada,Sydney,Home Office,2022-03-14
CUST-00340,FirstName_339,LastName_339,user339@example.com,United States,Manchester,Consumer,2021-04-29
CUST-00341,FirstName_340,LastName_340,user340@example.com,Canada,Berlin,Consumer,2022-04-06
CUST-00342,FirstName_341,LastName_341,user341@example.com,Canada,Melbourne,Consumer,2021-02-20
CUST-00343,FirstName_342,LastName_342,user342@example.com,United States,Chicago,Corporate,2020-07-13
CUST-00344,FirstName_343,LastName_343,user343@example.com,Canada,Toronto,Consumer,2020-04-06
CUST-00345,FirstName_344,LastName_344,user344@example.com,United States,Sydney,Consumer,2020-04-09
CUST-00346,FirstName_345,LastName_345,user345@example.com,United Kingdom,Berlin,Corporate,2021-11-05
CUST-00347,FirstName_346,LastName_346,user346@example.com,United Kingdom,Chicago,Consumer,2021-03-17
CUST-00348,FirstName_347,LastName_347,user347@example.com,United States,Sydney,Corporate,2020-12-28
CUST-00349,FirstName_348,LastName_348,user348@example.com,United States,Sydney,Home Office,2021-03-09
CUST-00350,FirstName_349,LastName_349,user349@example.com,United Kingdom,New York,Consumer,2021-02-24
CUST-00351,FirstName_350,LastName_350,user350@example.com,Canada,Los Angeles,Consumer,2021-04-23
CUST-00352,FirstName_351,LastName_351,user351@example.com,Germany,Sydney,Consumer,2022-06-03
CUST-00353,FirstName_352,LastName_352,user352@example.com,United Kingdom,London,Corporate,2022-01-16
CUST-00354,FirstName_353,LastName_353,user353@example.com,United States,Los Angeles,Home Office,2020-02-25
CUST-00355,FirstName_354,LastName_354,user354@example.com,United States,Berlin,Consumer,2021-11-20
CUST-00356,FirstName_355,LastName_355,user355@example.com,United Kingdom,Berlin,Consumer,2021-10-31
CUST-00357,FirstName_356,LastName_356,user356@example.com,United States,Berlin,Consumer,2021-10-23
CUST-00358,FirstName_357,LastName_357,user357@example.com,Canada,Berlin,Consumer,2020-04-10
CUST-00359,FirstName_358,LastName_358,user358@example.com,Australia,London,Consumer,2020-03-03
CUST-00360,FirstName_359,LastName_359,user359@example.com,Canada,Chicago,Corporate,2021-02-16
CUST-00361,FirstName_360,LastName_360,user360@example.com,United States,Munich,Consumer,2022-01-15
CUST-00362,FirstName_361,LastName_361,user361@example.com,United Kingdom,Sydney,Corporate,2020-12-13
CUST-00363,FirstName_362,LastName_362,user362@example.com,Canada,Berlin,Consumer,2022-03-30
CUST-00364,FirstName_363,LastName_363,user363@example.com,Canada,Los Angeles,Consumer,2022-06-01
CUST-00365,FirstName_364,LastName_364,user364@example.com,Australia,Los Angeles,Consumer,2020-04-21
CUST-00366,FirstName_365,LastName_365,user365@example.com,United States,Sydney,Corporate,2020-09-11
CUST-00367,FirstName_366,LastName_366,user366@example.com,Australia,Chicago,Consumer,2020-07-15
CUST-00368,FirstName_367,LastName_367,user367@example.com,Australia,Melbourne,Consumer,2020-07-13
CUST-00369,FirstName_368,LastName_368,user368@example.com,United States,Melbourne,Consumer,2021-07-03
CUST-00370,FirstName_369,LastName_369,user369@example.com,United States,Munich,Corporate,2021-04-04
CUST-00371,FirstName_370,LastName_370,user370@example.com,United States,Chicago,Consumer,2020-05-23
CUST-00372,FirstName_371,LastName_371,user371@example.com,United States,Sydney,Consumer,2021-03-08
CUST-00373,FirstName_372,LastName_372,user372@example.com,United States,Melbourne,Corporate,2020-07-06
CUST-00374,FirstName_373,LastName_373,user373@example.com,United Kingdom,Melbourne,Corporate,2020-10-12
CUST-00375,FirstName_374,LastName_374,user374@example.com,United States,Melbourne,Consumer,2021-04-18
CUST-00376,FirstName_375,LastName_375,user375@example.com,United States,Toronto,Corporate,2020-09-12
CUST-00377,FirstName_376,LastName_376,user376@example.com,Germany,London,Consumer,2022-06-14
CUST-00378,FirstName_377,LastName_377,user377@example.com,United States,Sydney,Corporate,2022-08-03
CUST-00379,FirstName_378,LastName_378,user378@example.com,Germany,Manchester,Home Office,2020-03-18
CUST-00380,FirstName_379,LastName_379,user379@example.com,United States,New York,Consumer,2021-03-29
CUST-00381,FirstName_380,LastName_380,user380@example.com,United States,New York,Corporate,2022-04-07
CUST-00382,FirstName_381,LastName_381,user381@example.com,United Kingdom,Chicago,Consumer,2022-06-01
CUST-00383,FirstName_382,LastName_382,user382@example.com,United Kingdom,Sydney,Consumer,2022-05-26
CUST-00384,FirstName_383,LastName_383,user383@example.com,Germany,Sydney,Corporate,2021-07-17
CUST-00385,FirstName_384,LastName_384,user384@example.com,United Kingdom,New York,Home Office,2020-04-10
CUST-00386,FirstName_385,LastName_385,user385@example.com,Germany,Munich,Consumer,2020-02-21
CUST-00387,FirstName_386,LastName_386,user386@example.com,United States,New York,Consumer,2021-10-29
CUST-00388,FirstName_387,LastName_387,user387@example.com,United States,Sydney,Consumer,2021-07-07
CUST-00389,FirstName_388,LastName_388,user388@example.com,Germany,Melbourne,Home Office,2022-05-06
CUST-00390,FirstName_389,LastName_389,user389@example.com,Germany,Munich,Corporate,2020-01-16
CUST-00391,FirstName_390,LastName_390,user390@example.com,Australia,Berlin,Corporate,2022-09-19
CUST-00392,FirstName_391,LastName_391,user391@example.com,Canada,Manchester,Consumer,2020-04-05
CUST-00393,FirstName_392,LastName_392,user392@example.com,United States,Toronto,Home Office,2022-08-06
CUST-00394,FirstName_393,LastName_393,user393@example.com,Germany,London,Corporate,2022-02-10
CUST-00395,FirstName_394,LastName_394,user394@example.com,United States,Berlin,Corporate,2022-05-19
CUST-00396,FirstName_395,LastName_395,user395@example.com,Australia,Los Angeles,Consumer,2020-08-30
CUST-00397,FirstName_396,LastName_396,user396@example.com,Germany,New York,Consumer,2020-06-19
CUST-00398,FirstName_397,LastName_397,user397@example.com,Canada,Manchester,Consumer,2021-02-20
CUST-00399,FirstName_398,LastName_398,user398@example.com,Germany,New York,Corporate,2021-05-12
CUST-00400,FirstName_399,LastName_399,user399@example.com,Germany,New York,Consumer,2021-05-07
CUST-00401,FirstName_400,LastName_400,user400@example.com,United States,Berlin,Corporate,2020-08-06
CUST-00402,FirstName_401,LastName_401,user401@example.com,Australia,Melbourne,Consumer,2022-06-04
CUST-00403,FirstName_402,LastName_402,user402@example.com,Canada,Melbourne,Corporate,2021-02-14
CUST-00404,FirstName_403,LastName_403,user403@example.com,Germany,Toronto,Consumer,2022-07-13
CUST-00405,FirstName_404,LastName_404,user404@example.com,United States,Munich,Consumer,2020-03-01
CUST-00406,FirstName_405,LastName_405,user405@example.com,Germany,New York,Consumer,2020-06-17
CUST-00407,FirstName_406,LastName_406,user406@example.com,United States,Chicago,Consumer,2021-01-23
CUST-00408,FirstName_407,LastName_407,user407@example.com,United States,Melbourne,Consumer,2020-01-03
CUST-00409,FirstName_408,LastName_408,user408@example.com,Australia,Sydney,Corporate,2021-02-03
CUST-00410,FirstName_409,LastName_409,user409@example.com,United States,Manchester,Consumer,2020-09-28
CUST-00411,FirstName_410,LastName_410,user410@example.com,United States,Chicago,Consumer,2022-08-06
CUST-00412,FirstName_411,LastName_411,user411@example.com,Australia,Berlin,Consumer,2022-03-13
CUST-00413,FirstName_412,LastName_412,user412@example.com,Australia,Berlin,Consumer,2022-03-14
CUST-00414,FirstName_413,LastName_413,user413@example.com,Canada,Toronto,Consumer,2021-04-10
CUST-00415,FirstName_414,LastName_414,user414@example.com,United Kingdom,Toronto,Consumer,2020-10-19
CUST-00416,FirstName_415,LastName_415,user415@example.com,Canada,Munich,Consumer,2021-03-09
CUST-00417,FirstName_416,LastName_416,user416@example.com,United States,Sydney,Consumer,2021-12-14
CUST-00418,FirstName_417,LastName_417,user417@example.com,United States,Manchester,Corporate,2022-09-07
CUST-00419,FirstName_418,LastName_418,user418@example.com,United Kingdom,Sydney,Consumer,2022-01-18
CUST-00420,FirstName_419,LastName_419,user419@example.com,Germany,Los Angeles,Consumer,2022-03-13
CUST-00421,FirstName_420,LastName_420,user420@example.com,Germany,Toronto,Consumer,2021-07-23
CUST-00422,FirstName_421,LastName_421,user421@example.com,Germany,Munich,Home Office,2021-11-08
CUST-00423,FirstName_422,LastName_422,user422@example.com,United States,London,Corporate,2022-01-05
CUST-00424,FirstName_423,LastName_423,user423@example.com,Canada,New York,Corporate,2021-05-13
CUST-00425,FirstName_424,LastName_424,user424@example.com,United States,New York,Consumer,2020-06-07
CUST-00426,FirstName_425,LastName_425,user425@example.com,Canada,London,Corporate,2020-07-13
CUST-00427,FirstName_426,LastName_426,user426@example.com,Canada,Melbourne,Consumer,2020-10-30
CUST-00428,FirstName_427,LastName_427,user427@example.com,Germany,Sydney,Consumer,2020-08-10
CUST-00429,FirstName_428,LastName_428,user428@example.com,United States,London,Corporate,2022-09-18
CUST-00430,FirstName_429,LastName_429,user429@example.com,United States,Munich,Consumer,2020-02-29
CUST-00431,FirstName_430,LastName_430,user430@example.com,United States,Manchester,Home Office,2021-08-16
CUST-00432,FirstName_431,LastName_431,user431@example.com,Germany,London,Consumer,2022-01-23
CUST-00433,FirstName_432,LastName_432,user432@example.com,United Kingdom,Munich,Home Office,2021-07-09
CUST-00434,FirstName_433,LastName_433,user433@example.com,United States,Toronto,Corporate,2020-03-03
CUST-00435,FirstName_434,LastName_434,user434@example.com,United States,Chicago,Consumer,2022-02-04
CUST-00436,FirstName_435,LastName_435,user435@example.com,United Kingdom,Berlin,Consumer,2020-11-17
CUST-00437,FirstName_436,LastName_436,user436@example.com,United States,Berlin,Consumer,2020-02-28
CUST-00438,FirstName_437,LastName_437,user437@example.com,Germany,Los Angeles,Home Office,2020-02-21
CUST-00439,FirstName_438,LastName_438,user438@example.com,United Kingdom,Sydney,Consumer,2021-08-21
CUST-00440,FirstName_439,LastName_439,user439@example.com,United States,Manchester,Corporate,2021-05-03
CUST-00441,FirstName_440,LastName_440,user440@example.com,United States,Chicago,Home Office,2021-05-29
CUST-00442,FirstName_441,LastName_441,user441@example.com,Australia,Chicago,Consumer,2022-07-30
CUST-00443,FirstName_442,LastName_442,user442@example.com,United States,Toronto,Consumer,2022-05-23
CUST-00444,FirstName_443,LastName_443,user443@example.com,United States,London,Corporate,2021-06-27
CUST-00445,FirstName_444,LastName_444,user444@example.com,Germany,Sydney,Consumer,2020-06-10
CUST-00446,FirstName_445,LastName_445,user445@example.com,Australia,New York,Consumer,2020-02-28
CUST-00447,FirstName_446,LastName_446,user446@example.com,Australia,Chicago,Consumer,2022-09-10
CUST-00448,FirstName_447,LastName_447,user447@example.com,Germany,Munich,Consumer,2021-06-04
CUST-00449,FirstName_448,LastName_448,user448@example.com,United States,New York,Corporate,2020-03-23
CUST-00450,FirstName_449,LastName_449,user449@example.com,United States,Los Angeles,Consumer,2022-05-21
CUST-00451,FirstName_450,LastName_450,user450@example.com,Germany,London,Home Office,2020-07-09
CUST-00452,FirstName_451,LastName_451,user451@example.com,Canada,London,Consumer,2020-03-11
CUST-00453,FirstName_452,LastName_452,user452@example.com,Canada,Manchester,Corporate,2021-09-01
CUST-00454,FirstName_453,LastName_453,user453@example.com,Australia,Chicago,Consumer,2020-03-10
CUST-00455,FirstName_454,LastName_454,user454@example.com,United States,Toronto,Consumer,2021-11-22
CUST-00456,FirstName_455,LastName_455,user455@example.com,Canada,Melbourne,Consumer,2022-06-01
CUST-00457,FirstName_456,LastName_456,user456@example.com,United States,Melbourne,Corporate,2020-08-28
CUST-00458,FirstName_457,LastName_457,user457@example.com,Canada,Berlin,Home Office,2021-02-17
CUST-00459,FirstName_458,LastName_458,user458@example.com,United States,Munich,Consumer,2020-05-02
CUST-00460,FirstName_459,LastName_459,user459@example.com,United States,New York,Consumer,2022-08-22
CUST-00461,FirstName_460,LastName_460,user460@example.com,United States,Los Angeles,Consumer,2022-06-30
CUST-00462,FirstName_461,LastName_461,user461@example.com,United Kingdom,Berlin,Consumer,2021-08-06
CUST-00463,FirstName_462,LastName_462,user462@example.com,United Kingdom,London,Corporate,2020-09-09
CUST-00464,FirstName_463,LastName_463,user463@example.com,Canada,New York,Corporate,2021-08-15
CUST-00465,FirstName_464,LastName_464,user464@example.com,Australia,Sydney,Consumer,2021-08-31
CUST-00466,FirstName_465,LastName_465,user465@example.com,United States,Chicago,Home Office,2020-02-10
CUST-00467,FirstName_466,LastName_466,user466@example.com,United States,Los Angeles,Consumer,2021-09-26
CUST-00468,FirstName_467,LastName_467,user467@example.com,Germany,Sydney,Corporate,2020-03-24
CUST-00469,FirstName_468,LastName_468,user468@example.com,United States,Toronto,Consumer,2021-03-05
CUST-00470,FirstName_469,LastName_469,user469@example.com,Australia,Chicago,Consumer,2021-11-04
CUST-00471,FirstName_470,LastName_470,user470@example.com,United States,New York,Consumer,2021-08-20
CUST-00472,FirstName_471,LastName_471,user471@example.com,Australia,Chicago,Consumer,2021-08-01
CUST-00473,FirstName_472,LastName_472,user472@example.com,United States,Berlin,Corporate,2021-06-19
CUST-00474,FirstName_473,LastName_473,user473@example.com,Germany,Manchester,Corporate,2020-11-19
CUST-00475,FirstName_474,LastName_474,user474@example.com,Canada,Berlin,Consumer,2022-08-15
CUST-00476,FirstName_475,LastName_475,user475@example.com,Australia,Toronto,Corporate,2020-09-24
CUST-00477,FirstName_476,LastName_476,user476@example.com,United States,Munich,Consumer,2020-07-28
CUST-00478,FirstName_477,LastName_477,user477@example.com,Canada,Sydney,Corporate,2021-11-16
CUST-00479,FirstName_478,LastName_478,user478@example.com,Australia,Berlin,Consumer,2022-01-03
CUST-00480,FirstName_479,LastName_479,user479@example.com,Canada,Manchester,Consumer,2020-11-17
CUST-00481,FirstName_480,LastName_480,user480@example.com,United Kingdom,Munich,Consumer,2020-09-01
CUST-00482,FirstName_481,LastName_481,user481@example.com,United Kingdom,Berlin,Consumer,2020-09-28
CUST-00483,FirstName_482,LastName_482,user482@example.com,Canada,London,Corporate,2021-02-09
CUST-00484,FirstName_483,LastName_483,user483@example.com,United Kingdom,Manchester,Consumer,2020-05-14
CUST-00485,FirstName_484,LastName_484,user484@example.com,Canada,Sydney,Consumer,2021-11-18
CUST-00486,FirstName_485,LastName_485,user485@example.com,Australia,Los Angeles,Consumer,2021-10-22
CUST-00487,FirstName_486,LastName_486,user486@example.com,United States,Melbourne,Corporate,2020-11-03
CUST-00488,FirstName_487,LastName_487,user487@example.com,United States,Munich,Corporate,2021-04-13
CUST-00489,FirstName_488,LastName_488,user488@example.com,Australia,London,Consumer,2020-11-19
CUST-00490,FirstName_489,LastName_489,user489@example.com,Germany,Los Angeles,Consumer,2022-08-09
CUST-00491,FirstName_490,LastName_490,user490@example.com,Canada,New York,Corporate,2022-02-08
CUST-00492,FirstName_491,LastName_491,user491@example.com,United Kingdom,Manchester,Consumer,2022-08-16
CUST-00493,FirstName_492,LastName_492,user492@example.com,United States,London,Consumer,2020-03-15
CUST-00494,FirstName_493,LastName_493,user493@example.com,United States,Chicago,Consumer,2020-01-10
CUST-00495,FirstName_494,LastName_494,user494@example.com,Canada,New York,Consumer,2021-04-14
CUST-00496,FirstName_495,LastName_495,user495@example.com,United States,New York,Consumer,2021-09-28
CUST-00497,FirstName_496,LastName_496,user496@example.com,Canada,Munich,Corporate,2021-07-30
CUST-00498,FirstName_497,LastName_497,user497@example.com,United States,Manchester,Consumer,2020-04-12
CUST-00499,FirstName_498,LastName_498,user498@example.com,Australia,London,Corporate,2020-03-16
CUST-00500,FirstName_499,LastName_499,user499@example.com,Australia,Toronto,Consumer,2021-07-04
CUST-00501,FirstName_500,LastName_500,user500@example.com,United Kingdom,London,Corporate,2020-08-06
CUST-00502,FirstName_501,LastName_501,user501@example.com,Canada,Berlin,Consumer,2021-06-02
CUST-00503,FirstName_502,LastName_502,user502@example.com,United States,New York,Consumer,2020-09-28
CUST-00504,FirstName_503,LastName_503,user503@example.com,Germany,Sydney,Consumer,2020-05-15
CUST-00505,FirstName_504,LastName_504,user504@example.com,United Kingdom,New York,Consumer,2022-08-13
CUST-00506,FirstName_505,LastName_505,user505@example.com,United States,New York,Consumer,2020-12-23
CUST-00507,FirstName_506,LastName_506,user506@example.com,Australia,Melbourne,Corporate,2022-06-21
CUST-00508,FirstName_507,LastName_507,user507@example.com,Germany,Chicago,Consumer,2020-03-11
CUST-00509,FirstName_508,LastName_508,user508@example.com,Australia,Toronto,Home Office,2022-06-19
CUST-00510,FirstName_509,LastName_509,user509@example.com,United Kingdom,Los Angeles,Home Office,2020-09-07
CUST-00511,FirstName_510,LastName_510,user510@example.com,United Kingdom,Los Angeles,Consumer,2021-01-13
CUST-00512,FirstName_511,LastName_511,user511@example.com,Canada,Chicago,Home Office,2020-10-18
CUST-00513,FirstName_512,LastName_512,user512@example.com,Australia,New York,Consumer,2020-06-10
CUST-00514,FirstName_513,LastName_513,user513@example.com,Germany,Los Angeles,Consumer,2021-03-24
CUST-00515,FirstName_514,LastName_514,user514@example.com,United States,Manchester,Consumer,2022-05-03
CUST-00516,FirstName_515,LastName_515,user515@example.com,United States,Toronto,Consumer,2021-07-10
CUST-00517,FirstName_516,LastName_516,user516@example.com,United States,Los Angeles,Consumer,2021-12-21
CUST-00518,FirstName_517,LastName_517,user517@example.com,Germany,Chicago,Home Office,2020-11-05
CUST-00519,FirstName_518,LastName_518,user518@example.com,Australia,Berlin,Consumer,2021-09-18
CUST-00520,FirstName_519,LastName_519,user519@example.com,United States,Los Angeles,Consumer,2022-04-06
CUST-00521,FirstName_520,LastName_520,user520@example.com,Canada,Toronto,Corporate,2021-10-31
CUST-00522,FirstName_521,LastName_521,user521@example.com,United States,Munich,Consumer,2021-06-25
CUST-00523,FirstName_522,LastName_522,user522@example.com,Australia,Munich,Consumer,2020-01-09
CUST-00524,FirstName_523,LastName_523,user523@example.com,Germany,Manchester,Corporate,2021-11-14
CUST-00525,FirstName_524,LastName_524,user524@example.com,Germany,London,Consumer,2022-04-16
CUST-00526,FirstName_525,LastName_525,user525@example.com,Canada,London,Consumer,2021-07-21
CUST-00527,FirstName_526,LastName_526,user526@example.com,Canada,Los Angeles,Consumer,2020-11-02
CUST-00528,FirstName_527,LastName_527,user527@example.com,United States,Sydney,Consumer,2022-08-12
CUST-00529,FirstName_528,LastName_528,user528@example.com,United States,Berlin,Home Office,2021-11-10
CUST-00530,FirstName_529,LastName_529,user529@example.com,Germany,Chicago,Corporate,2020-04-16
CUST-00531,FirstName_530,LastName_530,user530@example.com,Germany,Berlin,Consumer,2022-08-19
CUST-00532,FirstName_531,LastName_531,user531@example.com,Australia,Munich,Consumer,2022-06-18
CUST-00533,FirstName_532,LastName_532,user532@example.com,Australia,Los Angeles,Consumer,2020-05-17
CUST-00534,FirstName_533,LastName_533,user533@example.com,Canada,Toronto,Home Office,2020-09-27
CUST-00535,FirstName_534,LastName_534,user534@example.com,Germany,Chicago,Consumer,2020-04-28
CUST-00536,FirstName_535,LastName_535,user535@example.com,Australia,Berlin,Consumer,2022-06-30
CUST-00537,FirstName_536,LastName_536,user536@example.com,Germany,Toronto,Corporate,2020-04-19
CUST-00538,FirstName_537,LastName_537,user537@example.com,United States,Chicago,Home Office,2022-01-30
CUST-00539,FirstName_538,LastName_538,user538@example.com,Canada,Berlin,Consumer,2021-07-20
CUST-00540,FirstName_539,LastName_539,user539@example.com,United States,Manchester,Consumer,2020-06-08
CUST-00541,FirstName_540,LastName_540,user540@example.com,Australia,Munich,Consumer,2020-10-05
CUST-00542,FirstName_541,LastName_541,user541@example.com,United Kingdom,New York,Consumer,2020-10-15
CUST-00543,FirstName_542,LastName_542,user542@example.com,United States,Chicago,Corporate,2021-09-11
CUST-00544,FirstName_543,LastName_543,user543@example.com,United Kingdom,Munich,Corporate,2020-08-03
CUST-00545,FirstName_544,LastName_544,user544@example.com,United Kingdom,Melbourne,Corporate,2022-01-04
CUST-00546,FirstName_545,LastName_545,user545@example.com,United States,Sydney,Consumer,2020-12-17
CUST-00547,FirstName_546,LastName_546,user546@example.com,United States,Los Angeles,Consumer,2020-07-27
CUST-00548,FirstName_547,LastName_547,user547@example.com,United Kingdom,Melbourne,Consumer,2021-12-04
CUST-00549,FirstName_548,LastName_548,user548@example.com,Canada,Toronto,Consumer,2021-10-11
CUST-00550,FirstName_549,LastName_549,user549@example.com,Germany,Chicago,Corporate,2022-05-23
CUST-00551,FirstName_550,LastName_550,user550@example.com,Canada,Los Angeles,Consumer,2020-09-27
CUST-00552,FirstName_551,LastName_551,user551@example.com,Germany,Los Angeles,Consumer,2021-06-01
CUST-00553,FirstName_552,LastName_552,user552@example.com,Canada,Melbourne,Consumer,2021-05-15
CUST-00554,FirstName_553,LastName_553,user553@example.com,Canada,Melbourne,Consumer,2020-09-14
CUST-00555,FirstName_554,LastName_554,user554@example.com,Germany,New York,Consumer,2022-07-16
CUST-00556,FirstName_555,LastName_555,user555@example.com,Canada,Berlin,Corporate,2022-07-18
CUST-00557,FirstName_556,LastName_556,user556@example.com,United States,Chicago,Consumer,2022-05-16
CUST-00558,FirstName_557,LastName_557,user557@example.com,United States,Munich,Corporate,2020-02-22
CUST-00559,FirstName_558,LastName_558,user558@example.com,Germany,London,Consumer,2020-04-04
CUST-00560,FirstName_559,LastName_559,user559@example.com,United Kingdom,Chicago,Consumer,2021-10-11
CUST-00561,FirstName_560,LastName_560,user560@example.com,United Kingdom,Chicago,Home Office,2021-03-09
CUST-00562,FirstName_561,LastName_561,user561@example.com,United States,Chicago,Consumer,2022-04-29
CUST-00563,FirstName_562,LastName_562,user562@example.com,United States,Los Angeles,Corporate,2020-10-10
CUST-00564,FirstName_563,LastName_563,user563@example.com,United States,Toronto,Consumer,2020-02-15
CUST-00565,FirstName_564,LastName_564,user564@example.com,United States,Los Angeles,Consumer,2020-01-04
CUST-00566,FirstName_565,LastName_565,user565@example.com,Canada,Toronto,Corporate,2020-12-07
CUST-00567,FirstName_566,LastName_566,user566@example.com,United States,Melbourne,Home Office,2022-02-28
CUST-00568,FirstName_567,LastName_567,user567@example.com,Canada,London,Corporate,2020-05-13
CUST-00569,FirstName_568,LastName_568,user568@example.com,Australia,Los Angeles,Consumer,2021-10-14
CUST-00570,FirstName_569,LastName_569,user569@example.com,United States,Toronto,Consumer,2020-09-25
CUST-00571,FirstName_570,LastName_570,user570@example.com,Canada,Los Angeles,Corporate,2020-06-14
CUST-00572,FirstName_571,LastName_571,user571@example.com,Germany,Sydney,Corporate,2022-01-29
CUST-00573,FirstName_572,LastName_572,user572@example.com,United States,Los Angeles,Consumer,2021-03-28
CUST-00574,FirstName_573,LastName_573,user573@example.com,United Kingdom,London,Consumer,2021-07-18
CUST-00575,FirstName_574,LastName_574,user574@example.com,Germany,London,Corporate,2021-12-23
CUST-00576,FirstName_575,LastName_575,user575@example.com,Australia,Toronto,Consumer,2021-03-13
CUST-00577,FirstName_576,LastName_576,user576@example.com,United States,Toronto,Consumer,2021-07-28
CUST-00578,FirstName_577,LastName_577,user577@example.com,Australia,Melbourne,Home Office,2020-01-10
CUST-00579,FirstName_578,LastName_578,user578@example.com,Canada,London,Consumer,2020-04-24
CUST-00580,FirstName_579,LastName_579,user579@example.com,United States,London,Consumer,2020-03-18
CUST-00581,FirstName_580,LastName_580,user580@example.com,Canada,New York,Corporate,2022-08-25
CUST-00582,FirstName_581,LastName_581,user581@example.com,Australia,Chicago,Consumer,2022-06-23
CUST-00583,FirstName_582,LastName_582,user582@example.com,Canada,Manchester,Corporate,2021-12-08
CUST-00584,FirstName_583,LastName_583,user583@example.com,United States,Los Angeles,Consumer,2022-07-14
CUST-00585,FirstName_584,LastName_584,user584@example.com,United Kingdom,Berlin,Consumer,2020-06-01
CUST-00586,FirstName_585,LastName_585,user585@example.com,United States,Melbourne,Consumer,2021-07-12
CUST-00587,FirstName_586,LastName_586,user586@example.com,United States,Chicago,Home Office,2020-02-06
CUST-00588,FirstName_587,LastName_587,user587@example.com,United States,Manchester,Consumer,2022-05-04
CUST-00589,FirstName_588,LastName_588,user588@example.com,United States,New York,Consumer,2021-01-13
CUST-00590,FirstName_589,LastName_589,user589@example.com,United States,Berlin,Consumer,2021-08-19
CUST-00591,FirstName_590,LastName_590,user590@example.com,United States,Toronto,Consumer,2021-07-19
CUST-00592,FirstName_591,LastName_591,user591@example.com,United Kingdom,London,Consumer,2020-05-31
CUST-00593,FirstName_592,LastName_592,user592@example.com,United States,Sydney,Consumer,2021-03-16
CUST-00594,FirstName_593,LastName_593,user593@example.com,United States,Melbourne,Consumer,2020-05-10
CUST-00595,FirstName_594,LastName_594,user594@example.com,Germany,Munich,Consumer,2020-02-12
CUST-00596,FirstName_595,LastName_595,user595@example.com,Canada,London,Corporate,2020-11-11
CUST-00597,FirstName_596,LastName_596,user596@example.com,United Kingdom,Sydney,Corporate,2021-01-08
CUST-00598,FirstName_597,LastName_597,user597@example.com,United States,Manchester,Consumer,2022-07-09
CUST-00599,FirstName_598,LastName_598,user598@example.com,United States,Toronto,Consumer,2022-08-13
CUST-00600,FirstName_599,LastName_599,user599@example.com,United States,Berlin,Corporate,2022-03-26
CUST-00601,FirstName_600,LastName_600,user600@example.com,United States,Manchester,Corporate,2022-09-22
CUST-00602,FirstName_601,LastName_601,user601@example.com,United States,London,Consumer,2022-05-31
CUST-00603,FirstName_602,LastName_602,user602@example.com,United States,London,Home Office,2020-02-10
CUST-00604,FirstName_603,LastName_603,user603@example.com,United States,Berlin,Consumer,2022-07-09
CUST-00605,FirstName_604,LastName_604,user604@example.com,United States,Munich,Consumer,2021-01-01
CUST-00606,FirstName_605,LastName_605,user605@example.com,Canada,Sydney,Consumer,2020-08-03
CUST-00607,FirstName_606,LastName_606,user606@example.com,United States,Manchester,Home Office,2021-11-29
CUST-00608,FirstName_607,LastName_607,user607@example.com,United States,Toronto,Consumer,2020-09-12
CUST-00609,FirstName_608,LastName_608,user608@example.com,Canada,London,Corporate,2021-11-13
CUST-00610,FirstName_609,LastName_609,user609@example.com,United Kingdom,Manchester,Consumer,2020-04-15
CUST-00611,FirstName_610,LastName_610,user610@example.com,United States,Munich,Consumer,2020-12-28
CUST-00612,FirstName_611,LastName_611,user611@example.com,Germany,Manchester,Consumer,2022-03-09
CUST-00613,FirstName_612,LastName_612,user612@example.com,United Kingdom,Berlin,Corporate,2021-07-27
CUST-00614,FirstName_613,LastName_613,user613@example.com,United States,Toronto,Consumer,2022-06-24
CUST-00615,FirstName_614,LastName_614,user614@example.com,Germany,New York,Consumer,2022-06-14
CUST-00616,FirstName_615,LastName_615,user615@example.com,Australia,Berlin,Consumer,2021-02-20
CUST-00617,FirstName_616,LastName_616,user616@example.com,United States,Manchester,Home Office,2022-09-24
CUST-00618,FirstName_617,LastName_617,user617@example.com,United States,New York,Consumer,2021-09-27
CUST-00619,FirstName_618,LastName_618,user618@example.com,Germany,London,Consumer,2022-02-06
CUST-00620,FirstName_619,LastName_619,user619@example.com,United Kingdom,New York,Consumer,2020-06-07
CUST-00621,FirstName_620,LastName_620,user620@example.com,United States,Munich,Home Office,2022-08-05
CUST-00622,FirstName_621,LastName_621,user621@example.com,United States,Los Angeles,Home Office,2022-08-10
CUST-00623,FirstName_622,LastName_622,user622@example.com,United States,Munich,Corporate,2020-08-30
CUST-00624,FirstName_623,LastName_623,user623@example.com,Canada,Berlin,Consumer,2022-06-04
CUST-00625,FirstName_624,LastName_624,user624@example.com,United Kingdom,Los Angeles,Consumer,2020-06-15
CUST-00626,FirstName_625,LastName_625,user625@example.com,United States,Berlin,Home Office,2022-09-26
CUST-00627,FirstName_626,LastName_626,user626@example.com,Canada,Melbourne,Consumer,2022-03-30
CUST-00628,FirstName_627,LastName_627,user627@example.com,United Kingdom,Toronto,Consumer,2022-04-10
CUST-00629,FirstName_628,LastName_628,user628@example.com,United States,Chicago,Consumer,2020-06-30
CUST-00630,FirstName_629,LastName_629,user629@example.com,United States,London,Home Office,2022-06-21
CUST-00631,FirstName_630,LastName_630,user630@example.com,United Kingdom,London,Consumer,2021-02-26
CUST-00632,FirstName_631,LastName_631,user631@example.com,Germany,Melbourne,Consumer,2020-01-26
CUST-00633,FirstName_632,LastName_632,user632@example.com,Canada,Manchester,Corporate,2020-07-02
CUST-00634,FirstName_633,LastName_633,user633@example.com,Canada,Sydney,Consumer,2022-01-24
CUST-00635,FirstName_634,LastName_634,user634@example.com,United States,Berlin,Consumer,2022-08-04
CUST-00636,FirstName_635,LastName_635,user635@example.com,Canada,Chicago,Home Office,2020-12-06
CUST-00637,FirstName_636,LastName_636,user636@example.com,Canada,Chicago,Home Office,2022-03-12
CUST-00638,FirstName_637,LastName_637,user637@example.com,United States,Munich,Corporate,2022-08-11
CUST-00639,FirstName_638,LastName_638,user638@example.com,United States,Munich,Corporate,2021-02-25
CUST-00640,FirstName_639,LastName_639,user639@example.com,United States,Sydney,Consumer,2022-04-01
CUST-00641,FirstName_640,LastName_640,user640@example.com,United States,Manchester,Home Office,2021-11-16
CUST-00642,FirstName_641,LastName_641,user641@example.com,United States,Melbourne,Consumer,2022-06-03
CUST-00643,FirstName_642,LastName_642,user642@example.com,United States,New York,Corporate,2022-01-22
CUST-00644,FirstName_643,LastName_643,user643@example.com,United States,Munich,Home Office,2022-04-10
CUST-00645,FirstName_644,LastName_644,user644@example.com,United States,Manchester,Corporate,2020-09-11
CUST-00646,FirstName_645,LastName_645,user645@example.com,Germany,Toronto,Corporate,2020-09-30
CUST-00647,FirstName_646,LastName_646,user646@example.com,Canada,London,Corporate,2020-06-12
CUST-00648,FirstName_647,LastName_647,user647@example.com,United Kingdom,London,Consumer,2022-03-17
CUST-00649,FirstName_648,LastName_648,user648@example.com,Germany,Manchester,Corporate,2021-12-19
CUST-00650,FirstName_649,LastName_649,user649@example.com,Canada,Sydney,Consumer,2020-04-20
CUST-00651,FirstName_650,LastName_650,user650@example.com,United States,Melbourne,Consumer,2021-01-26
CUST-00652,FirstName_651,LastName_651,user651@example.com,Canada,Chicago,Consumer,2022-06-12
CUST-00653,FirstName_652,LastName_652,user652@example.com,Canada,Sydney,Consumer,2020-02-09
CUST-00654,FirstName_653,LastName_653,user653@example.com,United Kingdom,Manchester,Corporate,2022-05-29
CUST-00655,FirstName_654,LastName_654,user654@example.com,Canada,Melbourne,Home Office,2021-04-26
CUST-00656,FirstName_655,LastName_655,user655@example.com,United States,Melbourne,Consumer,2020-08-15
CUST-00657,FirstName_656,LastName_656,user656@example.com,United States,Berlin,Consumer,2020-07-23
CUST-00658,FirstName_657,LastName_657,user657@example.com,United States,Los Angeles,Consumer,2022-04-16
CUST-00659,FirstName_658,LastName_658,user658@example.com,United Kingdom,London,Home Office,2022-07-29
CUST-00660,FirstName_659,LastName_659,user659@example.com,Canada,Manchester,Consumer,2021-04-16
CUST-00661,FirstName_660,LastName_660,user660@example.com,United States,Chicago,Corporate,2020-12-24
CUST-00662,FirstName_661,LastName_661,user661@example.com,Australia,Los Angeles,Home Office,2020-11-08
CUST-00663,FirstName_662,LastName_662,user662@example.com,United Kingdom,Toronto,Consumer,2022-04-20
CUST-00664,FirstName_663,LastName_663,user663@example.com,United States,Munich,Home Office,2022-03-25
CUST-00665,FirstName_664,LastName_664,user664@example.com,United States,Berlin,Home Office,2022-06-11
CUST-00666,FirstName_665,LastName_665,user665@example.com,United States,Munich,Home Office,2020-08-21
CUST-00667,FirstName_666,LastName_666,user666@example.com,United States,Los Angeles,Consumer,2020-08-16
CUST-00668,FirstName_667,LastName_667,user667@example.com,United States,Los Angeles,Consumer,2020-01-25
CUST-00669,FirstName_668,LastName_668,user668@example.com,United States,Munich,Home Office,2021-11-06
CUST-00670,FirstName_669,LastName_669,user669@example.com,United States,Chicago,Consumer,2020-07-16
CUST-00671,FirstName_670,LastName_670,user670@example.com,United States,Chicago,Corporate,2021-02-12
CUST-00672,FirstName_671,LastName_671,user671@example.com,Germany,New York,Consumer,2020-12-02
CUST-00673,FirstName_672,LastName_672,user672@example.com,United States,Toronto,Consumer,2020-10-12
CUST-00674,FirstName_673,LastName_673,user673@example.com,Canada,Chicago,Consumer,2022-06-04
CUST-00675,FirstName_674,LastName_674,user674@example.com,Canada,Toronto,Consumer,2020-03-12
CUST-00676,FirstName_675,LastName_675,user675@example.com,Australia,Toronto,Consumer,2022-09-17
CUST-00677,FirstName_676,LastName_676,user676@example.com,United States,Los Angeles,Consumer,2022-03-02
CUST-00678,FirstName_677,LastName_677,user677@example.com,United States,Toronto,Consumer,2020-10-12
CUST-00679,FirstName_678,LastName_678,user678@example.com,Australia,Berlin,Corporate,2020-12-25
CUST-00680,FirstName_679,LastName_679,user679@example.com,Germany,Munich,Corporate,2021-10-18
CUST-00681,FirstName_680,LastName_680,user680@example.com,Germany,New York,Consumer,2021-06-05
CUST-00682,FirstName_681,LastName_681,user681@example.com,United States,Manchester,Consumer,2021-02-13
CUST-00683,FirstName_682,LastName_682,user682@example.com,United States,Sydney,Consumer,2021-11-26
CUST-00684,FirstName_683,LastName_683,user683@example.com,United Kingdom,New York,Consumer,2022-05-13
CUST-00685,FirstName_684,LastName_684,user684@example.com,Australia,Berlin,Consumer,2021-07-03
CUST-00686,FirstName_685,LastName_685,user685@example.com,Canada,New York,Consumer,2020-12-05
CUST-00687,FirstName_686,LastName_686,user686@example.com,Canada,Toronto,Consumer,2022-08-19
CUST-00688,FirstName_687,LastName_687,user687@example.com,United States,Los Angeles,Corporate,2020-01-29
CUST-00689,FirstName_688,LastName_688,user688@example.com,Germany,Sydney,Consumer,2020-04-28
CUST-00690,FirstName_689,LastName_689,user689@example.com,United States,Chicago,Home Office,2022-06-17
CUST-00691,FirstName_690,LastName_690,user690@example.com,United States,Los Angeles,Consumer,2022-09-20
CUST-00692,FirstName_691,LastName_691,user691@example.com,Canada,Toronto,Home Office,2020-09-24
CUST-00693,FirstName_692,LastName_692,user692@example.com,Canada,Toronto,Consumer,2020-07-01
CUST-00694,FirstName_693,LastName_693,user693@example.com,United States,Sydney,Consumer,2021-08-17
CUST-00695,FirstName_694,LastName_694,user694@example.com,United States,Sydney,Consumer,2022-09-12
CUST-00696,FirstName_695,LastName_695,user695@example.com,United Kingdom,London,Consumer,2020-09-28
CUST-00697,FirstName_696,LastName_696,user696@example.com,United States,Melbourne,Consumer,2020-02-09
CUST-00698,FirstName_697,LastName_697,user697@example.com,Canada,Melbourne,Consumer,2020-04-21
CUST-00699,FirstName_698,LastName_698,user698@example.com,United States,Los Angeles,Corporate,2021-09-02
CUST-00700,FirstName_699,LastName_699,user699@example.com,Canada,Chicago,Consumer,2021-03-20
CUST-00701,FirstName_700,LastName_700,user700@example.com,Canada,New York,Corporate,2020-12-19
CUST-00702,FirstName_701,LastName_701,user701@example.com,United States,Toronto,Consumer,2022-01-16
CUST-00703,FirstName_702,LastName_702,user702@example.com,United States,Toronto,Home Office,2022-03-16
CUST-00704,FirstName_703,LastName_703,user703@example.com,United States,London,Consumer,2020-11-17
CUST-00705,FirstName_704,LastName_704,user704@example.com,United States,Los Angeles,Consumer,2021-03-22
CUST-00706,FirstName_705,LastName_705,user705@example.com,Australia,Los Angeles,Consumer,2021-09-12
CUST-00707,FirstName_706,LastName_706,user706@example.com,United States,Munich,Consumer,2021-06-07
CUST-00708,FirstName_707,LastName_707,user707@example.com,Germany,Sydney,Consumer,2020-04-28
CUST-00709,FirstName_708,LastName_708,user708@example.com,United States,Chicago,Consumer,2021-01-29
CUST-00710,FirstName_709,LastName_709,user709@example.com,United Kingdom,Sydney,Corporate,2022-07-10
CUST-00711,FirstName_710,LastName_710,user710@example.com,Germany,Chicago,Home Office,2021-08-13
CUST-00712,FirstName_711,LastName_711,user711@example.com,Canada,Berlin,Consumer,2020-07-13
CUST-00713,FirstName_712,LastName_712,user712@example.com,Canada,Manchester,Home Office,2020-09-17
CUST-00714,FirstName_713,LastName_713,user713@example.com,Canada,Melbourne,Home Office,2020-02-15
CUST-00715,FirstName_714,LastName_714,user714@example.com,United States,Melbourne,Home Office,2021-12-26
CUST-00716,FirstName_715,LastName_715,user715@example.com,Australia,Chicago,Consumer,2021-03-22
CUST-00717,FirstName_716,LastName_716,user716@example.com,Germany,Melbourne,Consumer,2020-01-02
CUST-00718,FirstName_717,LastName_717,user717@example.com,Australia,Sydney,Consumer,2021-06-16
CUST-00719,FirstName_718,LastName_718,user718@example.com,United States,Toronto,Corporate,2022-08-05
CUST-00720,FirstName_719,LastName_719,user719@example.com,United Kingdom,Sydney,Consumer,2022-04-05
CUST-00721,FirstName_720,LastName_720,user720@example.com,Australia,Chicago,Consumer,2021-07-05
CUST-00722,FirstName_721,LastName_721,user721@example.com,United States,Los Angeles,Consumer,2021-12-04
CUST-00723,FirstName_722,LastName_722,user722@example.com,United States,Sydney,Consumer,2022-01-06
CUST-00724,FirstName_723,LastName_723,user723@example.com,United Kingdom,Melbourne,Corporate,2022-08-20
CUST-00725,FirstName_724,LastName_724,user724@example.com,Canada,London,Consumer,2022-01-29
CUST-00726,FirstName_725,LastName_725,user725@example.com,Germany,Munich,Corporate,2022-01-24
CUST-00727,FirstName_726,LastName_726,user726@example.com,United States,Toronto,Corporate,2021-11-17
CUST-00728,FirstName_727,LastName_727,user727@example.com,Germany,Melbourne,Consumer,2020-07-20
CUST-00729,FirstName_728,LastName_728,user728@example.com,United States,London,Consumer,2021-01-07
CUST-00730,FirstName_729,LastName_729,user729@example.com,United States,Chicago,Corporate,2021-03-17
CUST-00731,FirstName_730,LastName_730,user730@example.com,United States,Berlin,Consumer,2020-03-12
CUST-00732,FirstName_731,LastName_731,user731@example.com,Germany,London,Consumer,2022-08-29
CUST-00733,FirstName_732,LastName_732,user732@example.com,United Kingdom,Manchester,Consumer,2021-11-11
CUST-00734,FirstName_733,LastName_733,user733@example.com,Canada,Berlin,Consumer,2022-07-31
CUST-00735,FirstName_734,LastName_734,user734@example.com,United States,New York,Consumer,2020-12-04
CUST-00736,FirstName_735,LastName_735,user735@example.com,Germany,Toronto,Consumer,2021-09-30
CUST-00737,FirstName_736,LastName_736,user736@example.com,United States,Melbourne,Consumer,2020-11-17
CUST-00738,FirstName_737,LastName_737,user737@example.com,Germany,New York,Consumer,2021-11-10
CUST-00739,FirstName_738,LastName_738,user738@example.com,Canada,Sydney,Corporate,2022-05-18
CUST-00740,FirstName_739,LastName_739,user739@example.com,United States,Chicago,Consumer,2020-05-07
CUST-00741,FirstName_740,LastName_740,user740@example.com,Canada,Toronto,Corporate,2022-01-07
CUST-00742,FirstName_741,LastName_741,user741@example.com,United States,Los Angeles,Consumer,2022-07-10
CUST-00743,FirstName_742,LastName_742,user742@example.com,United Kingdom,Berlin,Corporate,2020-11-03
CUST-00744,FirstName_743,LastName_743,user743@example.com,Canada,Los Angeles,Consumer,2021-06-03
CUST-00745,FirstName_744,LastName_744,user744@example.com,United States,New York,Corporate,2020-11-12
CUST-00746,FirstName_745,LastName_745,user745@example.com,Germany,London,Consumer,2021-11-13
CUST-00747,FirstName_746,LastName_746,user746@example.com,United States,London,Corporate,2021-02-22
CUST-00748,FirstName_747,LastName_747,user747@example.com,Canada,Chicago,Consumer,2020-11-30
CUST-00749,FirstName_748,LastName_748,user748@example.com,Australia,New York,Consumer,2021-02-16
CUST-00750,FirstName_749,LastName_749,user749@example.com,United Kingdom,Munich,Consumer,2021-12-14
CUST-00751,FirstName_750,LastName_750,user750@example.com,United States,Toronto,Corporate,2020-10-29
CUST-00752,FirstName_751,LastName_751,user751@example.com,Australia,Berlin,Corporate,2021-07-21
CUST-00753,FirstName_752,LastName_752,user752@example.com,United Kingdom,London,Consumer,2020-05-10
CUST-00754,FirstName_753,LastName_753,user753@example.com,United States,London,Corporate,2020-07-15
CUST-00755,FirstName_754,LastName_754,user754@example.com,United States,Los Angeles,Corporate,2021-03-06
CUST-00756,FirstName_755,LastName_755,user755@example.com,Germany,Los Angeles,Home Office,2021-11-11
CUST-00757,FirstName_756,LastName_756,user756@example.com,United Kingdom,Melbourne,Corporate,2022-08-20
CUST-00758,FirstName_757,LastName_757,user757@example.com,Canada,Sydney,Corporate,2021-01-23
CUST-00759,FirstName_758,LastName_758,user758@example.com,Germany,Munich,Consumer,2021-11-24
CUST-00760,FirstName_759,LastName_759,user759@example.com,Germany,Los Angeles,Corporate,2022-02-05
CUST-00761,FirstName_760,LastName_760,user760@example.com,United States,Los Angeles,Consumer,2022-07-13
CUST-00762,FirstName_761,LastName_761,user761@example.com,United States,Toronto,Home Office,2020-06-27
CUST-00763,FirstName_762,LastName_762,user762@example.com,United States,Melbourne,Consumer,2021-09-22
CUST-00764,FirstName_763,LastName_763,user763@example.com,United Kingdom,Los Angeles,Consumer,2021-08-05
CUST-00765,FirstName_764,LastName_764,user764@example.com,United States,Berlin,Consumer,2020-11-04
CUST-00766,FirstName_765,LastName_765,user765@example.com,Canada,Toronto,Corporate,2021-02-19
CUST-00767,FirstName_766,LastName_766,user766@example.com,Germany,Sydney,Home Office,2021-07-15
CUST-00768,FirstName_767,LastName_767,user767@example.com,Germany,New York,Consumer,2022-05-03
CUST-00769,FirstName_768,LastName_768,user768@example.com,United States,Toronto,Corporate,2020-01-01
CUST-00770,FirstName_769,LastName_769,user769@example.com,Germany,New York,Corporate,2020-11-07
CUST-00771,FirstName_770,LastName_770,user770@example.com,United States,London,Corporate,2020-10-20
CUST-00772,FirstName_771,LastName_771,user771@example.com,Germany,Melbourne,Consumer,2020-08-03
CUST-00773,FirstName_772,LastName_772,user772@example.com,United States,Sydney,Corporate,2021-03-16
CUST-00774,FirstName_773,LastName_773,user773@example.com,United States,Melbourne,Consumer,2022-03-15
CUST-00775,FirstName_774,LastName_774,user774@example.com,Germany,Sydney,Corporate,2021-08-16
CUST-00776,FirstName_775,LastName_775,user775@example.com,United States,Melbourne,Consumer,2021-09-13
CUST-00777,FirstName_776,LastName_776,user776@example.com,United States,Toronto,Consumer,2021-11-01
CUST-00778,FirstName_777,LastName_777,user777@example.com,United Kingdom,Melbourne,Corporate,2020-11-25
CUST-00779,FirstName_778,LastName_778,user778@example.com,United Kingdom,Manchester,Consumer,2021-04-21
CUST-00780,FirstName_779,LastName_779,user779@example.com,United Kingdom,Sydney,Consumer,2021-03-28
CUST-00781,FirstName_780,LastName_780,user780@example.com,United Kingdom,New York,Corporate,2021-03-28
CUST-00782,FirstName_781,LastName_781,user781@example.com,Canada,Sydney,Consumer,2021-11-22
CUST-00783,FirstName_782,LastName_782,user782@example.com,United States,London,Consumer,2020-08-06
CUST-00784,FirstName_783,LastName_783,user783@example.com,United States,Berlin,Consumer,2021-06-07
CUST-00785,FirstName_784,LastName_784,user784@example.com,United States,Manchester,Consumer,2021-04-29
CUST-00786,FirstName_785,LastName_785,user785@example.com,Australia,Chicago,Consumer,2022-03-23
CUST-00787,FirstName_786,LastName_786,user786@example.com,Canada,Sydney,Consumer,2022-07-11
CUST-00788,FirstName_787,LastName_787,user787@example.com,Canada,Los Angeles,Home Office,2022-09-09
CUST-00789,FirstName_788,LastName_788,user788@example.com,Canada,Toronto,Consumer,2022-03-26
CUST-00790,FirstName_789,LastName_789,user789@example.com,Australia,Toronto,Consumer,2022-01-23
CUST-00791,FirstName_790,LastName_790,user790@example.com,United States,Melbourne,Consumer,2020-06-22
CUST-00792,FirstName_791,LastName_791,user791@example.com,Canada,Melbourne,Consumer,2021-11-05
CUST-00793,FirstName_792,LastName_792,user792@example.com,Canada,Toronto,Corporate,2020-03-27
CUST-00794,FirstName_793,LastName_793,user793@example.com,United Kingdom,Munich,Corporate,2020-10-17
CUST-00795,FirstName_794,LastName_794,user794@example.com,United States,Manchester,Consumer,2021-06-11
CUST-00796,FirstName_795,LastName_795,user795@example.com,Germany,Manchester,Consumer,2021-11-10
CUST-00797,FirstName_796,LastName_796,user796@example.com,Australia,New York,Consumer,2021-10-10
CUST-00798,FirstName_797,LastName_797,user797@example.com,Canada,Sydney,Corporate,2021-09-26
CUST-00799,FirstName_798,LastName_798,user798@example.com,United Kingdom,Chicago,Consumer,2020-12-09
CUST-00800,FirstName_799,LastName_799,user799@example.com,Australia,Toronto,Consumer,2020-04-05
CUST-00801,FirstName_800,LastName_800,user800@example.com,United Kingdom,Sydney,Consumer,2022-04-18
CUST-00802,FirstName_801,LastName_801,user801@example.com,United States,Manchester,Corporate,2022-09-01
CUST-00803,FirstName_802,LastName_802,user802@example.com,Canada,London,Home Office,2022-02-08
CUST-00804,FirstName_803,LastName_803,user803@example.com,United Kingdom,Toronto,Home Office,2020-08-28
CUST-00805,FirstName_804,LastName_804,user804@example.com,Canada,Sydney,Consumer,2021-11-19
CUST-00806,FirstName_805,LastName_805,user805@example.com,United Kingdom,Manchester,Consumer,2020-11-13
CUST-00807,FirstName_806,LastName_806,user806@example.com,Australia,Berlin,Consumer,2020-08-18
CUST-00808,FirstName_807,LastName_807,user807@example.com,Australia,Manchester,Corporate,2022-04-05
CUST-00809,FirstName_808,LastName_808,user808@example.com,Canada,Melbourne,Home Office,2020-07-22
CUST-00810,FirstName_809,LastName_809,user809@example.com,United States,Los Angeles,Consumer,2020-05-30
CUST-00811,FirstName_810,LastName_810,user810@example.com,Australia,Munich,Consumer,2020-01-26
CUST-00812,FirstName_811,LastName_811,user811@example.com,Germany,Munich,Consumer,2020-02-17
CUST-00813,FirstName_812,LastName_812,user812@example.com,United States,Melbourne,Consumer,2020-09-07
CUST-00814,FirstName_813,LastName_813,user813@example.com,Australia,Melbourne,Consumer,2021-05-01
CUST-00815,FirstName_814,LastName_814,user814@example.com,Germany,Toronto,Consumer,2021-09-17
CUST-00816,FirstName_815,LastName_815,user815@example.com,Canada,Berlin,Consumer,2022-05-20
CUST-00817,FirstName_816,LastName_816,user816@example.com,Canada,Berlin,Consumer,2022-02-25
CUST-00818,FirstName_817,LastName_817,user817@example.com,United States,Toronto,Corporate,2020-03-15
CUST-00819,FirstName_818,LastName_818,user818@example.com,United States,Sydney,Consumer,2021-04-11
CUST-00820,FirstName_819,LastName_819,user819@example.com,United States,Toronto,Consumer,2021-02-28
CUST-00821,FirstName_820,LastName_820,user820@example.com,Germany,Chicago,Consumer,2022-06-26
CUST-00822,FirstName_821,LastName_821,user821@example.com,United States,Chicago,Home Office,2021-10-06
CUST-00823,FirstName_822,LastName_822,user822@example.com,United States,Munich,Corporate,2021-08-12
CUST-00824,FirstName_823,LastName_823,user823@example.com,United States,Manchester,Consumer,2020-07-18
CUST-00825,FirstName_824,LastName_824,user824@example.com,Canada,Toronto,Consumer,2022-01-05
CUST-00826,FirstName_825,LastName_825,user825@example.com,Australia,Toronto,Consumer,2021-12-14
CUST-00827,FirstName_826,LastName_826,user826@example.com,United States,Sydney,Corporate,2021-01-28
CUST-00828,FirstName_827,LastName_827,user827@example.com,United States,New York,Corporate,2021-05-21
CUST-00829,FirstName_828,LastName_828,user828@example.com,United Kingdom,Munich,Home Office,2021-02-13
CUST-00830,FirstName_829,LastName_829,user829@example.com,Canada,Munich,Consumer,2020-09-06
CUST-00831,FirstName_830,LastName_830,user830@example.com,United States,Munich,Home Office,2020-05-31
CUST-00832,FirstName_831,LastName_831,user831@example.com,Canada,Manchester,Home Office,2021-11-02
CUST-00833,FirstName_832,LastName_832,user832@example.com,United States,Melbourne,Home Office,2021-12-05
CUST-00834,FirstName_833,LastName_833,user833@example.com,United States,London,Consumer,2020-01-06
CUST-00835,FirstName_834,LastName_834,user834@example.com,Canada,New York,Consumer,2022-07-03
CUST-00836,FirstName_835,LastName_835,user835@example.com,Canada,Manchester,Consumer,2022-02-07
CUST-00837,FirstName_836,LastName_836,user836@example.com,Australia,Chicago,Consumer,2022-05-31
CUST-00838,FirstName_837,LastName_837,user837@example.com,United States,Sydney,Consumer,2022-02-27
CUST-00839,FirstName_838,LastName_838,user838@example.com,Canada,Melbourne,Corporate,2022-06-25
CUST-00840,FirstName_839,LastName_839,user839@example.com,United Kingdom,Chicago,Corporate,2020-04-19
CUST-00841,FirstName_840,LastName_840,user840@example.com,United States,Melbourne,Home Office,2022-03-08
CUST-00842,FirstName_841,LastName_841,user841@example.com,United Kingdom,Berlin,Consumer,2021-03-11
CUST-00843,FirstName_842,LastName_842,user842@example.com,United States,Munich,Consumer,2020-08-12
CUST-00844,FirstName_843,LastName_843,user843@example.com,Australia,Melbourne,Corporate,2020-06-29
CUST-00845,FirstName_844,LastName_844,user844@example.com,United States,Los Angeles,Consumer,2022-04-03
CUST-00846,FirstName_845,LastName_845,user845@example.com,Canada,Munich,Consumer,2022-09-07
CUST-00847,FirstName_846,LastName_846,user846@example.com,United States,Munich,Home Office,2021-12-13
CUST-00848,FirstName_847,LastName_847,user847@example.com,Australia,Sydney,Corporate,2021-06-14
CUST-00849,FirstName_848,LastName_848,user848@example.com,Canada,New York,Consumer,2021-04-20
CUST-00850,FirstName_849,LastName_849,user849@example.com,Canada,Chicago,Corporate,2020-02-21
CUST-00851,FirstName_850,LastName_850,user850@example.com,United States,Melbourne,Corporate,2021-07-24
CUST-00852,FirstName_851,LastName_851,user851@example.com,United Kingdom,Melbourne,Corporate,2020-09-12
CUST-00853,FirstName_852,LastName_852,user852@example.com,United States,Berlin,Corporate,2022-07-28
CUST-00854,FirstName_853,LastName_853,user853@example.com,Germany,Munich,Consumer,2022-05-18
CUST-00855,FirstName_854,LastName_854,user854@example.com,United States,Toronto,Corporate,2020-05-04
CUST-00856,FirstName_855,LastName_855,user855@example.com,United States,London,Consumer,2021-04-12
CUST-00857,FirstName_856,LastName_856,user856@example.com,United States,Toronto,Consumer,2020-05-16
CUST-00858,FirstName_857,LastName_857,user857@example.com,Canada,Melbourne,Home Office,2022-03-31
CUST-00859,FirstName_858,LastName_858,user858@example.com,Canada,Toronto,Consumer,2021-04-20
CUST-00860,FirstName_859,LastName_859,user859@example.com,United States,Sydney,Corporate,2021-11-14
CUST-00861,FirstName_860,LastName_860,user860@example.com,Germany,Los Angeles,Corporate,2021-06-27
CUST-00862,FirstName_861,LastName_861,user861@example.com,Canada,Melbourne,Home Office,2021-07-26
CUST-00863,FirstName_862,LastName_862,user862@example.com,Canada,Melbourne,Home Office,2021-09-01
CUST-00864,FirstName_863,LastName_863,user863@example.com,Canada,Los Angeles,Consumer,2020-11-20
CUST-00865,FirstName_864,LastName_864,user864@example.com,Canada,Chicago,Consumer,2022-08-30
CUST-00866,FirstName_865,LastName_865,user865@example.com,Canada,Los Angeles,Consumer,2022-02-12
CUST-00867,FirstName_866,LastName_866,user866@example.com,United States,Toronto,Consumer,2022-07-01
CUST-00868,FirstName_867,LastName_867,user867@example.com,United States,Sydney,Consumer,2021-03-29
CUST-00869,FirstName_868,LastName_868,user868@example.com,Germany,Berlin,Consumer,2021-09-19
CUST-00870,FirstName_869,LastName_869,user869@example.com,Australia,Chicago,Corporate,2022-04-14
CUST-00871,FirstName_870,LastName_870,user870@example.com,United States,Manchester,Home Office,2022-01-06
CUST-00872,FirstName_871,LastName_871,user871@example.com,United States,Berlin,Corporate,2022-07-02
CUST-00873,FirstName_872,LastName_872,user872@example.com,United Kingdom,New York,Corporate,2021-05-31
CUST-00874,FirstName_873,LastName_873,user873@example.com,Canada,New York,Consumer,2021-03-12
CUST-00875,FirstName_874,LastName_874,user874@example.com,United States,New York,Consumer,2022-04-30
CUST-00876,FirstName_875,LastName_875,user875@example.com,United States,New York,Consumer,2022-07-17
CUST-00877,FirstName_876,LastName_876,user876@example.com,United Kingdom,Sydney,Corporate,2021-07-15
CUST-00878,FirstName_877,LastName_877,user877@example.com,United Kingdom,Berlin,Consumer,2021-04-01
CUST-00879,FirstName_878,LastName_878,user878@example.com,United States,Munich,Corporate,2022-07-07
CUST-00880,FirstName_879,LastName_879,user879@example.com,United States,London,Consumer,2020-06-11
CUST-00881,FirstName_880,LastName_880,user880@example.com,United States,Chicago,Consumer,2022-01-31
CUST-00882,FirstName_881,LastName_881,user881@example.com,United Kingdom,Manchester,Consumer,2022-06-01
CUST-00883,FirstName_882,LastName_882,user882@example.com,United States,Toronto,Consumer,2021-05-01
CUST-00884,FirstName_883,LastName_883,user883@example.com,United States,Melbourne,Consumer,2021-04-05
CUST-00885,FirstName_884,LastName_884,user884@example.com,Germany,New York,Corporate,2020-09-22
CUST-00886,FirstName_885,LastName_885,user885@example.com,United States,Manchester,Corporate,2022-02-08
CUST-00887,FirstName_886,LastName_886,user886@example.com,United Kingdom,Melbourne,Consumer,2020-09-10
CUST-00888,FirstName_887,LastName_887,user887@example.com,United States,London,Corporate,2022-05-10
CUST-00889,FirstName_888,LastName_888,user888@example.com,United States,Manchester,Consumer,2021-10-14
CUST-00890,FirstName_889,LastName_889,user889@example.com,United States,Berlin,Home Office,2020-10-10
CUST-00891,FirstName_890,LastName_890,user890@example.com,United Kingdom,Manchester,Consumer,2022-02-23
CUST-00892,FirstName_891,LastName_891,user891@example.com,Germany,New York,Corporate,2022-03-07
CUST-00893,FirstName_892,LastName_892,user892@example.com,Germany,London,Consumer,2021-06-17
CUST-00894,FirstName_893,LastName_893,user893@example.com,United States,Toronto,Consumer,2021-05-11
CUST-00895,FirstName_894,LastName_894,user894@example.com,United Kingdom,Munich,Consumer,2021-10-03
CUST-00896,FirstName_895,LastName_895,user895@example.com,United States,Los Angeles,Consumer,2020-09-01
CUST-00897,FirstName_896,LastName_896,user896@example.com,United States,New York,Consumer,2020-10-08
CUST-00898,FirstName_897,LastName_897,user897@example.com,Germany,Melbourne,Consumer,2021-03-26
CUST-00899,FirstName_898,LastName_898,user898@example.com,United States,London,Home Office,2020-03-20
CUST-00900,FirstName_899,LastName_899,user899@example.com,United States,Berlin,Corporate,2021-12-31
CUST-00901,FirstName_900,LastName_900,user900@example.com,United States,Sydney,Corporate,2020-10-19
CUST-00902,FirstName_901,LastName_901,user901@example.com,United States,London,Corporate,2020-08-28
CUST-00903,FirstName_902,LastName_902,user902@example.com,United States,Melbourne,Home Office,2020-10-05
CUST-00904,FirstName_903,LastName_903,user903@example.com,Canada,Los Angeles,Consumer,2020-12-09
CUST-00905,FirstName_904,LastName_904,user904@example.com,Canada,Los Angeles,Consumer,2020-11-23
CUST-00906,FirstName_905,LastName_905,user905@example.com,Germany,Chicago,Home Office,2022-07-03
CUST-00907,FirstName_906,LastName_906,user906@example.com,Germany,Munich,Corporate,2021-07-07
CUST-00908,FirstName_907,LastName_907,user907@example.com,United States,Melbourne,Consumer,2020-03-23
CUST-00909,FirstName_908,LastName_908,user908@example.com,United States,Los Angeles,Consumer,2020-05-21
CUST-00910,FirstName_909,LastName_909,user909@example.com,United States,Chicago,Consumer,2020-06-03
CUST-00911,FirstName_910,LastName_910,user910@example.com,Canada,Chicago,Home Office,2020-08-24
CUST-00912,FirstName_911,LastName_911,user911@example.com,United States,Chicago,Consumer,2021-01-27
CUST-00913,FirstName_912,LastName_912,user912@example.com,United Kingdom,London,Home Office,2021-12-11
CUST-00914,FirstName_913,LastName_913,user913@example.com,Canada,Chicago,Home Office,2020-06-05
CUST-00915,FirstName_914,LastName_914,user914@example.com,Canada,New York,Corporate,2021-12-24
CUST-00916,FirstName_915,LastName_915,user915@example.com,Canada,Melbourne,Consumer,2020-08-07
CUST-00917,FirstName_916,LastName_916,user916@example.com,United States,New York,Consumer,2020-03-06
CUST-00918,FirstName_917,LastName_917,user917@example.com,Australia,Sydney,Consumer,2021-02-28
CUST-00919,FirstName_918,LastName_918,user918@example.com,Germany,Los Angeles,Consumer,2021-02-21
CUST-00920,FirstName_919,LastName_919,user919@example.com,United States,Munich,Corporate,2020-12-04
CUST-00921,FirstName_920,LastName_920,user920@example.com,Germany,Chicago,Consumer,2021-07-09
CUST-00922,FirstName_921,LastName_921,user921@example.com,Canada,Berlin,Consumer,2021-04-22
CUST-00923,FirstName_922,LastName_922,user922@example.com,Germany,Berlin,Consumer,2021-03-01
CUST-00924,FirstName_923,LastName_923,user923@example.com,Germany,Los Angeles,Home Office,2020-03-04
CUST-00925,FirstName_924,LastName_924,user924@example.com,Canada,Sydney,Consumer,2020-07-30
CUST-00926,FirstName_925,LastName_925,user925@example.com,United States,Berlin,Home Office,2022-05-02
CUST-00927,FirstName_926,LastName_926,user926@example.com,United States,New York,Consumer,2021-03-06
CUST-00928,FirstName_927,LastName_927,user927@example.com,Canada,Manchester,Consumer,2021-02-02
CUST-00929,FirstName_928,LastName_928,user928@example.com,United Kingdom,London,Consumer,2022-07-15
CUST-00930,FirstName_929,LastName_929,user929@example.com,United States,Toronto,Consumer,2022-02-27
CUST-00931,FirstName_930,LastName_930,user930@example.com,United States,Berlin,Corporate,2021-08-21
CUST-00932,FirstName_931,LastName_931,user931@example.com,Germany,Munich,Consumer,2022-08-26
CUST-00933,FirstName_932,LastName_932,user932@example.com,Australia,Chicago,Consumer,2021-12-13
CUST-00934,FirstName_933,LastName_933,user933@example.com,Canada,Munich,Corporate,2020-01-21
CUST-00935,FirstName_934,LastName_934,user934@example.com,United States,Melbourne,Corporate,2022-05-27
CUST-00936,FirstName_935,LastName_935,user935@example.com,United States,London,Corporate,2022-06-20
CUST-00937,FirstName_936,LastName_936,user936@example.com,United States,New York,Consumer,2022-02-22
CUST-00938,FirstName_937,LastName_937,user937@example.com,Australia,Sydney,Consumer,2021-08-12
CUST-00939,FirstName_938,LastName_938,user938@example.com,United States,London,Home Office,2021-01-24
CUST-00940,FirstName_939,LastName_939,user939@example.com,Canada,Toronto,Home Office,2021-05-03
CUST-00941,FirstName_940,LastName_940,user940@example.com,United States,Manchester,Home Office,2020-01-07
CUST-00942,FirstName_941,LastName_941,user941@example.com,Canada,Berlin,Consumer,2022-08-23
CUST-00943,FirstName_942,LastName_942,user942@example.com,United Kingdom,Sydney,Corporate,2020-12-26
CUST-00944,FirstName_943,LastName_943,user943@example.com,Germany,Sydney,Corporate,2020-11-01
CUST-00945,FirstName_944,LastName_944,user944@example.com,United States,Berlin,Consumer,2022-02-10
CUST-00946,FirstName_945,LastName_945,user945@example.com,United States,Berlin,Corporate,2021-02-03
CUST-00947,FirstName_946,LastName_946,user946@example.com,United States,Berlin,Corporate,2022-05-23
CUST-00948,FirstName_947,LastName_947,user947@example.com,Australia,Berlin,Consumer,2022-07-02
CUST-00949,FirstName_948,LastName_948,user948@example.com,Germany,Berlin,Consumer,2022-09-03
CUST-00950,FirstName_949,LastName_949,user949@example.com,Canada,Sydney,Corporate,2022-05-05
CUST-00951,FirstName_950,LastName_950,user950@example.com,United Kingdom,Los Angeles,Consumer,2021-03-05
CUST-00952,FirstName_951,LastName_951,user951@example.com,United Kingdom,Los Angeles,Consumer,2021-07-05
CUST-00953,FirstName_952,LastName_952,user952@example.com,United States,Munich,Consumer,2022-02-04
CUST-00954,FirstName_953,LastName_953,user953@example.com,Australia,Los Angeles,Consumer,2022-01-22
CUST-00955,FirstName_954,LastName_954,user954@example.com,Canada,Toronto,Home Office,2021-07-13
CUST-00956,FirstName_955,LastName_955,user955@example.com,United States,Los Angeles,Consumer,2022-03-30
CUST-00957,FirstName_956,LastName_956,user956@example.com,Canada,Sydney,Consumer,2021-09-09
CUST-00958,FirstName_957,LastName_957,user957@example.com,United States,Berlin,Home Office,2022-07-08
CUST-00959,FirstName_958,LastName_958,user958@example.com,United States,Chicago,Consumer,2020-08-13
CUST-00960,FirstName_959,LastName_959,user959@example.com,United Kingdom,Chicago,Consumer,2021-05-14
CUST-00961,FirstName_960,LastName_960,user960@example.com,United States,Toronto,Corporate,2020-08-12
CUST-00962,FirstName_961,LastName_961,user961@example.com,United Kingdom,Melbourne,Consumer,2020-10-06
CUST-00963,FirstName_962,LastName_962,user962@example.com,United States,Sydney,Consumer,2021-03-22
CUST-00964,FirstName_963,LastName_963,user963@example.com,United States,New York,Corporate,2021-05-12
CUST-00965,FirstName_964,LastName_964,user964@example.com,United States,London,Corporate,2020-01-30
CUST-00966,FirstName_965,LastName_965,user965@example.com,United States,Munich,Corporate,2021-02-02
CUST-00967,FirstName_966,LastName_966,user966@example.com,United Kingdom,New York,Home Office,2020-12-10
CUST-00968,FirstName_967,LastName_967,user967@example.com,United States,Sydney,Corporate,2021-11-15
CUST-00969,FirstName_968,LastName_968,user968@example.com,Canada,Los Angeles,Corporate,2021-11-26
CUST-00970,FirstName_969,LastName_969,user969@example.com,Canada,Berlin,Home Office,2022-03-28
CUST-00971,FirstName_970,LastName_970,user970@example.com,United Kingdom,New York,Consumer,2021-02-18
CUST-00972,FirstName_971,LastName_971,user971@example.com,Australia,London,Consumer,2022-01-11
CUST-00973,FirstName_972,LastName_972,user972@example.com,United Kingdom,Melbourne,Corporate,2020-06-18
CUST-00974,FirstName_973,LastName_973,user973@example.com,United States,Chicago,Consumer,2022-05-10
CUST-00975,FirstName_974,LastName_974,user974@example.com,United States,Melbourne,Consumer,2021-04-23
CUST-00976,FirstName_975,LastName_975,user975@example.com,United States,London,Consumer,2022-07-30
CUST-00977,FirstName_976,LastName_976,user976@example.com,Canada,Berlin,Consumer,2020-05-10
CUST-00978,FirstName_977,LastName_977,user977@example.com,United States,Los Angeles,Consumer,2021-09-29
CUST-00979,FirstName_978,LastName_978,user978@example.com,Canada,London,Corporate,2021-06-30
CUST-00980,FirstName_979,LastName_979,user979@example.com,Canada,Munich,Home Office,2020-01-28
CUST-00981,FirstName_980,LastName_980,user980@example.com,United States,London,Corporate,2022-07-17
CUST-00982,FirstName_981,LastName_981,user981@example.com,Germany,Sydney,Corporate,2021-02-07
CUST-00983,FirstName_982,LastName_982,user982@example.com,United States,Los Angeles,Consumer,2021-08-29
CUST-00984,FirstName_983,LastName_983,user983@example.com,United States,Berlin,Consumer,2021-07-31
CUST-00985,FirstName_984,LastName_984,user984@example.com,United Kingdom,Chicago,Consumer,2021-11-09
CUST-00986,FirstName_985,LastName_985,user985@example.com,Canada,Chicago,Corporate,2020-01-28
CUST-00987,FirstName_986,LastName_986,user986@example.com,United Kingdom,London,Consumer,2020-03-26
CUST-00988,FirstName_987,LastName_987,user987@example.com,Canada,Sydney,Consumer,2021-10-20
CUST-00989,FirstName_988,LastName_988,user988@example.com,United States,New York,Corporate,2021-03-14
CUST-00990,FirstName_989,LastName_989,user989@example.com,Germany,Melbourne,Consumer,2020-05-18
CUST-00991,FirstName_990,LastName_990,user990@example.com,Germany,Melbourne,Home Office,2022-06-06
CUST-00992,FirstName_991,LastName_991,user991@example.com,United Kingdom,Melbourne,Corporate,2021-04-17
CUST-00993,FirstName_992,LastName_992,user992@example.com,United States,New York,Consumer,2020-07-05
CUST-00994,FirstName_993,LastName_993,user993@example.com,Canada,Sydney,Consumer,2020-02-21
CUST-00995,FirstName_994,LastName_994,user994@example.com,United States,Melbourne,Corporate,2020-09-23
CUST-00996,FirstName_995,LastName_995,user995@example.com,United States,Munich,Consumer,2021-01-23
CUST-00997,FirstName_996,LastName_996,user996@example.com,Australia,New York,Consumer,2020-12-01
CUST-00998,FirstName_997,LastName_997,user997@example.com,United States,New York,Consumer,2020-08-04
CUST-00999,FirstName_998,LastName_998,user998@example.com,Australia,Berlin,Home Office,2021-04-10
CUST-01000,FirstName_999,LastName_999,user999@example.com,Canada,Berlin,Consumer,2020-11-30
CUST-01001,FirstName_1000,LastName_1000,user1000@example.com,United States,Los Angeles,Home Office,2020-12-11
CUST-01002,FirstName_1001,LastName_1001,user1001@example.com,Canada,Munich,Corporate,2022-02-18
CUST-01003,FirstName_1002,LastName_1002,user1002@example.com,Germany,Munich,Consumer,2022-06-19
CUST-01004,FirstName_1003,LastName_1003,user1003@example.com,United Kingdom,Los Angeles,Corporate,2021-01-23
CUST-01005,FirstName_1004,LastName_1004,user1004@example.com,Germany,Munich,Consumer,2020-10-11
CUST-01006,FirstName_1005,LastName_1005,user1005@example.com,United Kingdom,Toronto,Consumer,2022-02-09
CUST-01007,FirstName_1006,LastName_1006,user1006@example.com,United Kingdom,Manchester,Corporate,2022-09-01
CUST-01008,FirstName_1007,LastName_1007,user1007@example.com,Germany,Melbourne,Corporate,2022-05-01
CUST-01009,FirstName_1008,LastName_1008,user1008@example.com,United States,Berlin,Consumer,2021-03-07
CUST-01010,FirstName_1009,LastName_1009,user1009@example.com,Canada,Los Angeles,Home Office,2020-09-15
CUST-01011,FirstName_1010,LastName_1010,user1010@example.com,United States,Los Angeles,Corporate,2022-05-04
CUST-01012,FirstName_1011,LastName_1011,user1011@example.com,Australia,Munich,Home Office,2020-03-24
CUST-01013,FirstName_1012,LastName_1012,user1012@example.com,Australia,New York,Consumer,2021-04-26
CUST-01014,FirstName_1013,LastName_1013,user1013@example.com,United States,Chicago,Home Office,2020-01-20
CUST-01015,FirstName_1014,LastName_1014,user1014@example.com,United Kingdom,London,Consumer,2022-02-06
CUST-01016,FirstName_1015,LastName_1015,user1015@example.com,Australia,London,Consumer,2021-07-06
CUST-01017,FirstName_1016,LastName_1016,user1016@example.com,United States,Los Angeles,Corporate,2020-02-23
CUST-01018,FirstName_1017,LastName_1017,user1017@example.com,Canada,Melbourne,Corporate,2022-09-01
CUST-01019,FirstName_1018,LastName_1018,user1018@example.com,Australia,Toronto,Consumer,2020-12-24
CUST-01020,FirstName_1019,LastName_1019,user1019@example.com,United States,Melbourne,Consumer,2020-08-17
CUST-01021,FirstName_1020,LastName_1020,user1020@example.com,United Kingdom,Los Angeles,Consumer,2021-10-27
CUST-01022,FirstName_1021,LastName_1021,user1021@example.com,United States,Melbourne,Corporate,2020-03-11
CUST-01023,FirstName_1022,LastName_1022,user1022@example.com,Australia,Berlin,Consumer,2022-03-10
CUST-01024,FirstName_1023,LastName_1023,user1023@example.com,Australia,Melbourne,Consumer,2022-09-07
CUST-01025,FirstName_1024,LastName_1024,user1024@example.com,Australia,Munich,Consumer,2021-10-29
CUST-01026,FirstName_1025,LastName_1025,user1025@example.com,Canada,Munich,Home Office,2020-02-11
CUST-01027,FirstName_1026,LastName_1026,user1026@example.com,Germany,Toronto,Corporate,2022-02-11
CUST-01028,FirstName_1027,LastName_1027,user1027@example.com,Germany,Berlin,Corporate,2020-02-01
CUST-01029,FirstName_1028,LastName_1028,user1028@example.com,United States,Chicago,Home Office,2022-08-30
CUST-01030,FirstName_1029,LastName_1029,user1029@example.com,Germany,New York,Consumer,2020-09-10
CUST-01031,FirstName_1030,LastName_1030,user1030@example.com,United States,Berlin,Consumer,2020-07-23
CUST-01032,FirstName_1031,LastName_1031,user1031@example.com,Canada,Sydney,Consumer,2022-05-09
CUST-01033,FirstName_1032,LastName_1032,user1032@example.com,United States,Manchester,Corporate,2020-01-21
CUST-01034,FirstName_1033,LastName_1033,user1033@example.com,United States,Los Angeles,Consumer,2021-09-28
CUST-01035,FirstName_1034,LastName_1034,user1034@example.com,United States,Sydney,Consumer,2020-06-05
CUST-01036,FirstName_1035,LastName_1035,user1035@example.com,United Kingdom,Toronto,Consumer,2020-09-01
CUST-01037,FirstName_1036,LastName_1036,user1036@example.com,United States,Sydney,Consumer,2020-05-09
CUST-01038,FirstName_1037,LastName_1037,user1037@example.com,United Kingdom,Munich,Consumer,2021-04-29
CUST-01039,FirstName_1038,LastName_1038,user1038@example.com,United States,Melbourne,Home Office,2021-11-16
CUST-01040,FirstName_1039,LastName_1039,user1039@example.com,United States,New York,Corporate,2020-04-27
CUST-01041,FirstName_1040,LastName_1040,user1040@example.com,Canada,London,Home Office,2021-07-31
CUST-01042,FirstName_1041,LastName_1041,user1041@example.com,Germany,Los Angeles,Home Office,2022-08-28
CUST-01043,FirstName_1042,LastName_1042,user1042@example.com,United States,London,Consumer,2020-08-11
CUST-01044,FirstName_1043,LastName_1043,user1043@example.com,United Kingdom,Melbourne,Consumer,2021-04-21
CUST-01045,FirstName_1044,LastName_1044,user1044@example.com,Germany,Munich,Corporate,2021-12-17
CUST-01046,FirstName_1045,LastName_1045,user1045@example.com,United Kingdom,Munich,Home Office,2020-09-19
CUST-01047,FirstName_1046,LastName_1046,user1046@example.com,United States,Melbourne,Consumer,2022-02-24
CUST-01048,FirstName_1047,LastName_1047,user1047@example.com,United States,Los Angeles,Home Office,2021-01-12
CUST-01049,FirstName_1048,LastName_1048,user1048@example.com,Germany,London,Consumer,2020-06-20
CUST-01050,FirstName_1049,LastName_1049,user1049@example.com,United States,Berlin,Consumer,2021-09-12
CUST-01051,FirstName_1050,LastName_1050,user1050@example.com,Germany,Munich,Corporate,2021-09-13
CUST-01052,FirstName_1051,LastName_1051,user1051@example.com,Canada,London,Consumer,2022-09-13
CUST-01053,FirstName_1052,LastName_1052,user1052@example.com,Australia,Chicago,Consumer,2022-02-04
CUST-01054,FirstName_1053,LastName_1053,user1053@example.com,Germany,London,Consumer,2022-01-05
CUST-01055,FirstName_1054,LastName_1054,user1054@example.com,Australia,Chicago,Consumer,2020-04-27
CUST-01056,FirstName_1055,LastName_1055,user1055@example.com,United States,Chicago,Corporate,2022-03-07
CUST-01057,FirstName_1056,LastName_1056,user1056@example.com,Germany,Munich,Home Office,2022-04-18
CUST-01058,FirstName_1057,LastName_1057,user1057@example.com,Canada,Los Angeles,Home Office,2020-06-16
CUST-01059,FirstName_1058,LastName_1058,user1058@example.com,Canada,Toronto,Corporate,2022-09-14
CUST-01060,FirstName_1059,LastName_1059,user1059@example.com,United Kingdom,Munich,Consumer,2020-11-14
CUST-01061,FirstName_1060,LastName_1060,user1060@example.com,Germany,Los Angeles,Consumer,2020-04-20
CUST-01062,FirstName_1061,LastName_1061,user1061@example.com,Australia,Los Angeles,Consumer,2021-08-15
CUST-01063,FirstName_1062,LastName_1062,user1062@example.com,Germany,Sydney,Consumer,2020-01-27
CUST-01064,FirstName_1063,LastName_1063,user1063@example.com,Canada,Melbourne,Consumer,2022-08-09
CUST-01065,FirstName_1064,LastName_1064,user1064@example.com,Canada,Melbourne,Corporate,2020-11-15
CUST-01066,FirstName_1065,LastName_1065,user1065@example.com,United Kingdom,Melbourne,Home Office,2021-08-12
CUST-01067,FirstName_1066,LastName_1066,user1066@example.com,United States,Manchester,Consumer,2021-11-24
CUST-01068,FirstName_1067,LastName_1067,user1067@example.com,United States,Munich,Corporate,2022-07-18
CUST-01069,FirstName_1068,LastName_1068,user1068@example.com,United States,Los Angeles,Consumer,2022-09-08
CUST-01070,FirstName_1069,LastName_1069,user1069@example.com,United States,Sydney,Corporate,2021-01-19
CUST-01071,FirstName_1070,LastName_1070,user1070@example.com,United States,Chicago,Corporate,2021-02-10
CUST-01072,FirstName_1071,LastName_1071,user1071@example.com,United States,Toronto,Consumer,2022-08-22
CUST-01073,FirstName_1072,LastName_1072,user1072@example.com,United States,Toronto,Consumer,2022-01-02
CUST-01074,FirstName_1073,LastName_1073,user1073@example.com,United States,Chicago,Home Office,2020-07-22
CUST-01075,FirstName_1074,LastName_1074,user1074@example.com,Australia,London,Corporate,2020-03-18
CUST-01076,FirstName_1075,LastName_1075,user1075@example.com,Canada,London,Home Office,2021-08-29
CUST-01077,FirstName_1076,LastName_1076,user1076@example.com,United States,Melbourne,Corporate,2021-12-08
CUST-01078,FirstName_1077,LastName_1077,user1077@example.com,United Kingdom,Munich,Home Office,2022-04-30
CUST-01079,FirstName_1078,LastName_1078,user1078@example.com,United States,Manchester,Consumer,2021-10-04
CUST-01080,FirstName_1079,LastName_1079,user1079@example.com,Australia,Sydney,Consumer,2020-09-05
CUST-01081,FirstName_1080,LastName_1080,user1080@example.com,Germany,Toronto,Consumer,2020-04-14
CUST-01082,FirstName_1081,LastName_1081,user1081@example.com,United States,Melbourne,Consumer,2021-12-14
CUST-01083,FirstName_1082,LastName_1082,user1082@example.com,Canada,New York,Consumer,2022-03-02
CUST-01084,FirstName_1083,LastName_1083,user1083@example.com,Germany,Melbourne,Corporate,2020-11-04
CUST-01085,FirstName_1084,LastName_1084,user1084@example.com,Australia,New York,Consumer,2022-05-20
CUST-01086,FirstName_1085,LastName_1085,user1085@example.com,Canada,Berlin,Consumer,2021-12-01
CUST-01087,FirstName_1086,LastName_1086,user1086@example.com,United Kingdom,Los Angeles,Home Office,2021-09-06
CUST-01088,FirstName_1087,LastName_1087,user1087@example.com,United States,Chicago,Consumer,2022-04-04
CUST-01089,FirstName_1088,LastName_1088,user1088@example.com,Australia,Los Angeles,Consumer,2020-05-03
CUST-01090,FirstName_1089,LastName_1089,user1089@example.com,United States,Melbourne,Corporate,2022-03-26
CUST-01091,FirstName_1090,LastName_1090,user1090@example.com,Australia,Los Angeles,Corporate,2021-08-02
CUST-01092,FirstName_1091,LastName_1091,user1091@example.com,United Kingdom,Sydney,Consumer,2022-03-12
CUST-01093,FirstName_1092,LastName_1092,user1092@example.com,United Kingdom,Berlin,Consumer,2020-02-12
CUST-01094,FirstName_1093,LastName_1093,user1093@example.com,Canada,Manchester,Corporate,2020-12-21
CUST-01095,FirstName_1094,LastName_1094,user1094@example.com,United States,Berlin,Consumer,2021-06-29
CUST-01096,FirstName_1095,LastName_1095,user1095@example.com,United States,Toronto,Consumer,2021-03-14
CUST-01097,FirstName_1096,LastName_1096,user1096@example.com,United States,Sydney,Corporate,2021-11-08
CUST-01098,FirstName_1097,LastName_1097,user1097@example.com,United States,Los Angeles,Consumer,2021-01-14
CUST-01099,FirstName_1098,LastName_1098,user1098@example.com,Germany,Manchester,Consumer,2020-03-11
CUST-01100,FirstName_1099,LastName_1099,user1099@example.com,United States,Los Angeles,Consumer,2021-06-02
CUST-01101,FirstName_1100,LastName_1100,user1100@example.com,United States,Munich,Home Office,2021-10-25
CUST-01102,FirstName_1101,LastName_1101,user1101@example.com,Australia,Munich,Home Office,2020-12-15
CUST-01103,FirstName_1102,LastName_1102,user1102@example.com,Germany,London,Consumer,2020-01-13
CUST-01104,FirstName_1103,LastName_1103,user1103@example.com,Australia,Berlin,Consumer,2022-05-19
CUST-01105,FirstName_1104,LastName_1104,user1104@example.com,Australia,Manchester,Consumer,2021-03-06
CUST-01106,FirstName_1105,LastName_1105,user1105@example.com,United States,Munich,Consumer,2022-04-22
CUST-01107,FirstName_1106,LastName_1106,user1106@example.com,United States,London,Consumer,2021-05-16
CUST-01108,FirstName_1107,LastName_1107,user1107@example.com,Germany,Sydney,Corporate,2020-04-18
CUST-01109,FirstName_1108,LastName_1108,user1108@example.com,United Kingdom,Manchester,Consumer,2021-03-19
CUST-01110,FirstName_1109,LastName_1109,user1109@example.com,United States,London,Consumer,2022-09-10
CUST-01111,FirstName_1110,LastName_1110,user1110@example.com,Germany,Chicago,Consumer,2021-01-05
CUST-01112,FirstName_1111,LastName_1111,user1111@example.com,United States,Manchester,Consumer,2021-10-12
CUST-01113,FirstName_1112,LastName_1112,user1112@example.com,United States,Melbourne,Consumer,2022-07-01
CUST-01114,FirstName_1113,LastName_1113,user1113@example.com,Canada,London,Consumer,2022-04-28
CUST-01115,FirstName_1114,LastName_1114,user1114@example.com,Canada,Los Angeles,Corporate,2021-04-15
CUST-01116,FirstName_1115,LastName_1115,user1115@example.com,Canada,Melbourne,Corporate,2021-12-25
CUST-01117,FirstName_1116,LastName_1116,user1116@example.com,United States,Chicago,Consumer,2020-06-05
CUST-01118,FirstName_1117,LastName_1117,user1117@example.com,Germany,Munich,Consumer,2021-03-21
CUST-01119,FirstName_1118,LastName_1118,user1118@example.com,United States,New York,Consumer,2020-06-29
CUST-01120,FirstName_1119,LastName_1119,user1119@example.com,United States,London,Consumer,2022-01-21
CUST-01121,FirstName_1120,LastName_1120,user1120@example.com,Germany,Sydney,Corporate,2021-06-18
CUST-01122,FirstName_1121,LastName_1121,user1121@example.com,Australia,London,Consumer,2022-09-15
CUST-01123,FirstName_1122,LastName_1122,user1122@example.com,Germany,New York,Corporate,2021-10-28
CUST-01124,FirstName_1123,LastName_1123,user1123@example.com,Germany,Chicago,Corporate,2020-10-03
CUST-01125,FirstName_1124,LastName_1124,user1124@example.com,United Kingdom,Chicago,Home Office,2021-09-22
CUST-01126,FirstName_1125,LastName_1125,user1125@example.com,Canada,Melbourne,Home Office,2022-04-07
CUST-01127,FirstName_1126,LastName_1126,user1126@example.com,United States,Manchester,Consumer,2022-07-30
CUST-01128,FirstName_1127,LastName_1127,user1127@example.com,Canada,Sydney,Home Office,2021-07-05
CUST-01129,FirstName_1128,LastName_1128,user1128@example.com,United States,Melbourne,Corporate,2022-03-04
CUST-01130,FirstName_1129,LastName_1129,user1129@example.com,United States,Sydney,Corporate,2021-05-10
CUST-01131,FirstName_1130,LastName_1130,user1130@example.com,United Kingdom,Sydney,Consumer,2021-04-21
CUST-01132,FirstName_1131,LastName_1131,user1131@example.com,Canada,New York,Home Office,2021-03-22
CUST-01133,FirstName_1132,LastName_1132,user1132@example.com,United States,Melbourne,Consumer,2022-04-25
CUST-01134,FirstName_1133,LastName_1133,user1133@example.com,United States,Sydney,Corporate,2022-01-18
CUST-01135,FirstName_1134,LastName_1134,user1134@example.com,United Kingdom,Toronto,Consumer,2021-08-29
CUST-01136,FirstName_1135,LastName_1135,user1135@example.com,United States,New York,Corporate,2020-10-01
CUST-01137,FirstName_1136,LastName_1136,user1136@example.com,Germany,Chicago,Consumer,2020-11-26
CUST-01138,FirstName_1137,LastName_1137,user1137@example.com,Canada,New York,Consumer,2022-05-22
CUST-01139,FirstName_1138,LastName_1138,user1138@example.com,Canada,Los Angeles,Consumer,2020-09-08
CUST-01140,FirstName_1139,LastName_1139,user1139@example.com,Canada,Los Angeles,Consumer,2022-04-30
CUST-01141,FirstName_1140,LastName_1140,user1140@example.com,Germany,Sydney,Consumer,2022-08-15
CUST-01142,FirstName_1141,LastName_1141,user1141@example.com,United States,Melbourne,Consumer,2020-03-29
CUST-01143,FirstName_1142,LastName_1142,user1142@example.com,United Kingdom,Chicago,Corporate,2020-10-12
CUST-01144,FirstName_1143,LastName_1143,user1143@example.com,Canada,New York,Corporate,2022-06-21
CUST-01145,FirstName_1144,LastName_1144,user1144@example.com,United States,Melbourne,Corporate,2021-04-06
CUST-01146,FirstName_1145,LastName_1145,user1145@example.com,Germany,New York,Consumer,2020-09-06
CUST-01147,FirstName_1146,LastName_1146,user1146@example.com,Germany,New York,Consumer,2022-02-07
CUST-01148,FirstName_1147,LastName_1147,user1147@example.com,United Kingdom,Toronto,Consumer,2021-04-20
CUST-01149,FirstName_1148,LastName_1148,user1148@example.com,Germany,Los Angeles,Home Office,2021-08-06
CUST-01150,FirstName_1149,LastName_1149,user1149@example.com,Germany,New York,Home Office,2021-09-16
CUST-01151,FirstName_1150,LastName_1150,user1150@example.com,United Kingdom,Toronto,Consumer,2021-11-15
CUST-01152,FirstName_1151,LastName_1151,user1151@example.com,Germany,Los Angeles,Consumer,2021-01-23
CUST-01153,FirstName_1152,LastName_1152,user1152@example.com,United Kingdom,Toronto,Home Office,2020-12-10
CUST-01154,FirstName_1153,LastName_1153,user1153@example.com,United Kingdom,Melbourne,Home Office,2020-01-30
CUST-01155,FirstName_1154,LastName_1154,user1154@example.com,United Kingdom,Manchester,Home Office,2021-05-21
CUST-01156,FirstName_1155,LastName_1155,user1155@example.com,Germany,Los Angeles,Corporate,2022-05-21
CUST-01157,FirstName_1156,LastName_1156,user1156@example.com,United States,Munich,Consumer,2020-11-28
CUST-01158,FirstName_1157,LastName_1157,user1157@example.com,Germany,Manchester,Consumer,2020-07-05
CUST-01159,FirstName_1158,LastName_1158,user1158@example.com,Germany,Melbourne,Consumer,2021-05-14
CUST-01160,FirstName_1159,LastName_1159,user1159@example.com,United States,New York,Consumer,2020-08-05
CUST-01161,FirstName_1160,LastName_1160,user1160@example.com,Germany,Chicago,Consumer,2020-12-29
CUST-01162,FirstName_1161,LastName_1161,user1161@example.com,United States,Melbourne,Consumer,2022-03-27
CUST-01163,FirstName_1162,LastName_1162,user1162@example.com,United States,Toronto,Consumer,2020-09-21
CUST-01164,FirstName_1163,LastName_1163,user1163@example.com,United Kingdom,Toronto,Consumer,2020-12-14
CUST-01165,FirstName_1164,LastName_1164,user1164@example.com,United States,Toronto,Consumer,2020-10-13
CUST-01166,FirstName_1165,LastName_1165,user1165@example.com,Germany,Toronto,Consumer,2022-06-20
CUST-01167,FirstName_1166,LastName_1166,user1166@example.com,Germany,Melbourne,Consumer,2021-09-02
CUST-01168,FirstName_1167,LastName_1167,user1167@example.com,Canada,Chicago,Corporate,2021-12-19
CUST-01169,FirstName_1168,LastName_1168,user1168@example.com,United States,London,Corporate,2022-06-20
CUST-01170,FirstName_1169,LastName_1169,user1169@example.com,United States,Toronto,Consumer,2020-10-09
CUST-01171,FirstName_1170,LastName_1170,user1170@example.com,United Kingdom,London,Consumer,2021-07-23
CUST-01172,FirstName_1171,LastName_1171,user1171@example.com,Australia,Chicago,Consumer,2020-01-11
CUST-01173,FirstName_1172,LastName_1172,user1172@example.com,United Kingdom,Chicago,Corporate,2021-06-13
CUST-01174,FirstName_1173,LastName_1173,user1173@example.com,United States,Manchester,Consumer,2022-08-28
CUST-01175,FirstName_1174,LastName_1174,user1174@example.com,United Kingdom,Los Angeles,Consumer,2020-07-14
CUST-01176,FirstName_1175,LastName_1175,user1175@example.com,Canada,Munich,Home Office,2020-03-28
CUST-01177,FirstName_1176,LastName_1176,user1176@example.com,Germany,Sydney,Consumer,2020-09-04
CUST-01178,FirstName_1177,LastName_1177,user1177@example.com,United States,Munich,Consumer,2022-01-07
CUST-01179,FirstName_1178,LastName_1178,user1178@example.com,Germany,Melbourne,Consumer,2021-02-20
CUST-01180,FirstName_1179,LastName_1179,user1179@example.com,Canada,Sydney,Consumer,2021-05-15
CUST-01181,FirstName_1180,LastName_1180,user1180@example.com,Australia,Chicago,Consumer,2021-07-22
CUST-01182,FirstName_1181,LastName_1181,user1181@example.com,United States,Munich,Home Office,2022-02-15
CUST-01183,FirstName_1182,LastName_1182,user1182@example.com,United Kingdom,Berlin,Consumer,2020-09-03
CUST-01184,FirstName_1183,LastName_1183,user1183@example.com,Australia,Los Angeles,Corporate,2021-12-08
CUST-01185,FirstName_1184,LastName_1184,user1184@example.com,United States,Munich,Consumer,2021-05-02
CUST-01186,FirstName_1185,LastName_1185,user1185@example.com,Australia,Los Angeles,Consumer,2021-10-23
CUST-01187,FirstName_1186,LastName_1186,user1186@example.com,United Kingdom,London,Consumer,2021-12-29
CUST-01188,FirstName_1187,LastName_1187,user1187@example.com,United States,Melbourne,Consumer,2021-05-17
CUST-01189,FirstName_1188,LastName_1188,user1188@example.com,United States,Los Angeles,Consumer,2021-04-03
CUST-01190,FirstName_1189,LastName_1189,user1189@example.com,United Kingdom,London,Consumer,2022-03-22
CUST-01191,FirstName_1190,LastName_1190,user1190@example.com,United States,Toronto,Home Office,2020-01-18
CUST-01192,FirstName_1191,LastName_1191,user1191@example.com,Canada,London,Consumer,2020-04-05
CUST-01193,FirstName_1192,LastName_1192,user1192@example.com,United States,Melbourne,Consumer,2020-10-28
CUST-01194,FirstName_1193,LastName_1193,user1193@example.com,United Kingdom,Manchester,Consumer,2020-08-14
CUST-01195,FirstName_1194,LastName_1194,user1194@example.com,United States,Toronto,Consumer,2021-02-18
CUST-01196,FirstName_1195,LastName_1195,user1195@example.com,Germany,Chicago,Consumer,2021-12-09
CUST-01197,FirstName_1196,LastName_1196,user1196@example.com,Australia,New York,Consumer,2020-09-06
CUST-01198,FirstName_1197,LastName_1197,user1197@example.com,Australia,London,Consumer,2020-11-09
CUST-01199,FirstName_1198,LastName_1198,user1198@example.com,United Kingdom,London,Consumer,2021-11-10
CUST-01200,FirstName_1199,LastName_1199,user1199@example.com,United States,Los Angeles,Corporate,2021-08-18
CUST-01201,FirstName_1200,LastName_1200,user1200@example.com,Germany,Chicago,Consumer,2021-01-12
CUST-01202,FirstName_1201,LastName_1201,user1201@example.com,United States,Munich,Consumer,2021-04-29
CUST-01203,FirstName_1202,LastName_1202,user1202@example.com,United States,Berlin,Corporate,2021-07-20
CUST-01204,FirstName_1203,LastName_1203,user1203@example.com,United States,Sydney,Home Office,2021-06-27
CUST-01205,FirstName_1204,LastName_1204,user1204@example.com,Canada,London,Corporate,2020-12-18
CUST-01206,FirstName_1205,LastName_1205,user1205@example.com,Germany,Munich,Consumer,2021-03-11
CUST-01207,FirstName_1206,LastName_1206,user1206@example.com,United Kingdom,Berlin,Corporate,2022-02-02
CUST-01208,FirstName_1207,LastName_1207,user1207@example.com,Canada,Sydney,Consumer,2021-07-17
CUST-01209,FirstName_1208,LastName_1208,user1208@example.com,United States,New York,Consumer,2020-12-04
CUST-01210,FirstName_1209,LastName_1209,user1209@example.com,Australia,Los Angeles,Home Office,2020-12-26
CUST-01211,FirstName_1210,LastName_1210,user1210@example.com,Canada,Munich,Consumer,2021-12-20
CUST-01212,FirstName_1211,LastName_1211,user1211@example.com,Canada,Los Angeles,Home Office,2021-04-09
CUST-01213,FirstName_1212,LastName_1212,user1212@example.com,United States,Sydney,Corporate,2020-10-04
CUST-01214,FirstName_1213,LastName_1213,user1213@example.com,Germany,Manchester,Corporate,2020-11-09
CUST-01215,FirstName_1214,LastName_1214,user1214@example.com,United Kingdom,London,Corporate,2020-09-14
CUST-01216,FirstName_1215,LastName_1215,user1215@example.com,United States,Toronto,Consumer,2020-08-24
CUST-01217,FirstName_1216,LastName_1216,user1216@example.com,United States,Berlin,Consumer,2020-05-03
CUST-01218,FirstName_1217,LastName_1217,user1217@example.com,United Kingdom,Chicago,Home Office,2022-01-08
CUST-01219,FirstName_1218,LastName_1218,user1218@example.com,United Kingdom,Melbourne,Corporate,2020-07-16
CUST-01220,FirstName_1219,LastName_1219,user1219@example.com,United States,London,Home Office,2020-11-19
CUST-01221,FirstName_1220,LastName_1220,user1220@example.com,Australia,Toronto,Home Office,2020-05-02
CUST-01222,FirstName_1221,LastName_1221,user1221@example.com,United States,Melbourne,Home Office,2022-01-30
CUST-01223,FirstName_1222,LastName_1222,user1222@example.com,Canada,Munich,Corporate,2021-07-02
CUST-01224,FirstName_1223,LastName_1223,user1223@example.com,Australia,Melbourne,Consumer,2022-08-31
CUST-01225,FirstName_1224,LastName_1224,user1224@example.com,Canada,New York,Consumer,2022-02-19
CUST-01226,FirstName_1225,LastName_1225,user1225@example.com,United Kingdom,London,Corporate,2021-12-07
CUST-01227,FirstName_1226,LastName_1226,user1226@example.com,United States,Los Angeles,Consumer,2020-07-08
CUST-01228,FirstName_1227,LastName_1227,user1227@example.com,United States,Manchester,Consumer,2020-07-15
CUST-01229,FirstName_1228,LastName_1228,user1228@example.com,Australia,Chicago,Consumer,2020-08-09
CUST-01230,FirstName_1229,LastName_1229,user1229@example.com,Canada,Los Angeles,Home Office,2022-01-26
CUST-01231,FirstName_1230,LastName_1230,user1230@example.com,Germany,Toronto,Home Office,2021-05-10
CUST-01232,FirstName_1231,LastName_1231,user1231@example.com,United States,London,Corporate,2020-10-10
CUST-01233,FirstName_1232,LastName_1232,user1232@example.com,United States,Manchester,Consumer,2022-01-11
CUST-01234,FirstName_1233,LastName_1233,user1233@example.com,United States,Melbourne,Corporate,2021-08-26
CUST-01235,FirstName_1234,LastName_1234,user1234@example.com,United Kingdom,London,Corporate,2022-09-27
CUST-01236,FirstName_1235,LastName_1235,user1235@example.com,United States,Melbourne,Consumer,2022-02-17
CUST-01237,FirstName_1236,LastName_1236,user1236@example.com,Germany,Munich,Consumer,2021-06-21
CUST-01238,FirstName_1237,LastName_1237,user1237@example.com,Canada,New York,Consumer,2021-09-03
CUST-01239,FirstName_1238,LastName_1238,user1238@example.com,Australia,Sydney,Consumer,2020-10-16
CUST-01240,FirstName_1239,LastName_1239,user1239@example.com,United States,London,Corporate,2020-04-12
CUST-01241,FirstName_1240,LastName_1240,user1240@example.com,Germany,Toronto,Consumer,2022-05-02
CUST-01242,FirstName_1241,LastName_1241,user1241@example.com,Germany,Melbourne,Home Office,2020-07-17
CUST-01243,FirstName_1242,LastName_1242,user1242@example.com,Germany,Los Angeles,Consumer,2020-10-30
CUST-01244,FirstName_1243,LastName_1243,user1243@example.com,Germany,Munich,Consumer,2020-08-20
CUST-01245,FirstName_1244,LastName_1244,user1244@example.com,Germany,Toronto,Consumer,2021-01-04
CUST-01246,FirstName_1245,LastName_1245,user1245@example.com,United Kingdom,Chicago,Consumer,2020-07-02
CUST-01247,FirstName_1246,LastName_1246,user1246@example.com,United States,Sydney,Consumer,2020-11-05
CUST-01248,FirstName_1247,LastName_1247,user1247@example.com,United States,Munich,Consumer,2020-01-15
CUST-01249,FirstName_1248,LastName_1248,user1248@example.com,Australia,New York,Consumer,2021-12-26
CUST-01250,FirstName_1249,LastName_1249,user1249@example.com,United Kingdom,Sydney,Consumer,2021-06-30
CUST-01251,FirstName_1250,LastName_1250,user1250@example.com,Germany,Melbourne,Corporate,2020-05-09
CUST-01252,FirstName_1251,LastName_1251,user1251@example.com,Canada,Toronto,Consumer,2020-10-07
CUST-01253,FirstName_1252,LastName_1252,user1252@example.com,United States,Chicago,Consumer,2020-02-16
CUST-01254,FirstName_1253,LastName_1253,user1253@example.com,United States,Berlin,Corporate,2022-09-24
CUST-01255,FirstName_1254,LastName_1254,user1254@example.com,United Kingdom,New York,Consumer,2020-02-25
CUST-01256,FirstName_1255,LastName_1255,user1255@example.com,Canada,Manchester,Corporate,2021-07-20
CUST-01257,FirstName_1256,LastName_1256,user1256@example.com,United States,Melbourne,Home Office,2020-10-26
CUST-01258,FirstName_1257,LastName_1257,user1257@example.com,Canada,Berlin,Consumer,2021-12-15
CUST-01259,FirstName_1258,LastName_1258,user1258@example.com,United States,London,Home Office,2022-08-24
CUST-01260,FirstName_1259,LastName_1259,user1259@example.com,Canada,Chicago,Corporate,2020-05-09
CUST-01261,FirstName_1260,LastName_1260,user1260@example.com,United States,Los Angeles,Home Office,2021-10-15
CUST-01262,FirstName_1261,LastName_1261,user1261@example.com,Germany,Manchester,Corporate,2022-06-08
CUST-01263,FirstName_1262,LastName_1262,user1262@example.com,United States,Toronto,Consumer,2022-02-09
CUST-01264,FirstName_1263,LastName_1263,user1263@example.com,Canada,Chicago,Home Office,2021-05-17
CUST-01265,FirstName_1264,LastName_1264,user1264@example.com,United States,Sydney,Consumer,2020-04-15
CUST-01266,FirstName_1265,LastName_1265,user1265@example.com,United States,Munich,Consumer,2022-06-12
CUST-01267,FirstName_1266,LastName_1266,user1266@example.com,United States,Sydney,Consumer,2020-01-13
CUST-01268,FirstName_1267,LastName_1267,user1267@example.com,Canada,Sydney,Consumer,2021-08-10
CUST-01269,FirstName_1268,LastName_1268,user1268@example.com,United Kingdom,London,Consumer,2020-10-18
CUST-01270,FirstName_1269,LastName_1269,user1269@example.com,United States,New York,Corporate,2021-04-25
CUST-01271,FirstName_1270,LastName_1270,user1270@example.com,United Kingdom,Los Angeles,Home Office,2021-05-05
CUST-01272,FirstName_1271,LastName_1271,user1271@example.com,Germany,Manchester,Consumer,2021-03-27
CUST-01273,FirstName_1272,LastName_1272,user1272@example.com,Germany,New York,Home Office,2020-12-14
CUST-01274,FirstName_1273,LastName_1273,user1273@example.com,United States,Chicago,Home Office,2020-07-07
CUST-01275,FirstName_1274,LastName_1274,user1274@example.com,Canada,Sydney,Consumer,2022-09-15
CUST-01276,FirstName_1275,LastName_1275,user1275@example.com,United States,London,Consumer,2020-02-22
CUST-01277,FirstName_1276,LastName_1276,user1276@example.com,United States,Chicago,Corporate,2020-09-15
CUST-01278,FirstName_1277,LastName_1277,user1277@example.com,Australia,Munich,Corporate,2022-08-21
CUST-01279,FirstName_1278,LastName_1278,user1278@example.com,United States,Los Angeles,Corporate,2022-06-01
CUST-01280,FirstName_1279,LastName_1279,user1279@example.com,Canada,Manchester,Corporate,2021-05-04
CUST-01281,FirstName_1280,LastName_1280,user1280@example.com,United Kingdom,Munich,Consumer,2020-04-26
CUST-01282,FirstName_1281,LastName_1281,user1281@example.com,United Kingdom,London,Consumer,2022-04-21
CUST-01283,FirstName_1282,LastName_1282,user1282@example.com,Canada,Los Angeles,Consumer,2020-03-07
CUST-01284,FirstName_1283,LastName_1283,user1283@example.com,United States,Chicago,Consumer,2021-02-14
CUST-01285,FirstName_1284,LastName_1284,user1284@example.com,United States,Sydney,Corporate,2021-05-18
CUST-01286,FirstName_1285,LastName_1285,user1285@example.com,Canada,Sydney,Corporate,2020-03-16
CUST-01287,FirstName_1286,LastName_1286,user1286@example.com,United States,Melbourne,Consumer,2021-08-13
CUST-01288,FirstName_1287,LastName_1287,user1287@example.com,United States,Sydney,Home Office,2021-10-06
CUST-01289,FirstName_1288,LastName_1288,user1288@example.com,United States,Berlin,Consumer,2021-12-03
CUST-01290,FirstName_1289,LastName_1289,user1289@example.com,United States,Sydney,Corporate,2020-02-24
CUST-01291,FirstName_1290,LastName_1290,user1290@example.com,United States,Berlin,Corporate,2020-06-04
CUST-01292,FirstName_1291,LastName_1291,user1291@example.com,United States,Toronto,Home Office,2020-06-01
CUST-01293,FirstName_1292,LastName_1292,user1292@example.com,Canada,Berlin,Corporate,2022-04-10
CUST-01294,FirstName_1293,LastName_1293,user1293@example.com,United Kingdom,Los Angeles,Consumer,2021-07-30
CUST-01295,FirstName_1294,LastName_1294,user1294@example.com,Germany,Munich,Home Office,2022-08-29
CUST-01296,FirstName_1295,LastName_1295,user1295@example.com,United States,Los Angeles,Corporate,2020-11-07
CUST-01297,FirstName_1296,LastName_1296,user1296@example.com,United States,Munich,Consumer,2020-03-28
CUST-01298,FirstName_1297,LastName_1297,user1297@example.com,United States,Melbourne,Corporate,2020-09-11
CUST-01299,FirstName_1298,LastName_1298,user1298@example.com,United Kingdom,Toronto,Home Office,2020-05-01
CUST-01300,FirstName_1299,LastName_1299,user1299@example.com,United Kingdom,Munich,Consumer,2021-07-25
CUST-01301,FirstName_1300,LastName_1300,user1300@example.com,United States,Munich,Consumer,2022-02-21
CUST-01302,FirstName_1301,LastName_1301,user1301@example.com,Australia,London,Corporate,2021-03-02
CUST-01303,FirstName_1302,LastName_1302,user1302@example.com,United States,New York,Corporate,2021-09-12
CUST-01304,FirstName_1303,LastName_1303,user1303@example.com,Canada,New York,Consumer,2021-09-02
CUST-01305,FirstName_1304,LastName_1304,user1304@example.com,United Kingdom,London,Consumer,2022-03-20
CUST-01306,FirstName_1305,LastName_1305,user1305@example.com,Germany,Sydney,Consumer,2021-09-25
CUST-01307,FirstName_1306,LastName_1306,user1306@example.com,United Kingdom,London,Corporate,2020-08-19
CUST-01308,FirstName_1307,LastName_1307,user1307@example.com,Germany,Munich,Corporate,2022-03-05
CUST-01309,FirstName_1308,LastName_1308,user1308@example.com,United States,Munich,Consumer,2021-06-19
CUST-01310,FirstName_1309,LastName_1309,user1309@example.com,Germany,London,Consumer,2021-01-24
CUST-01311,FirstName_1310,LastName_1310,user1310@example.com,United States,London,Consumer,2021-04-06
CUST-01312,FirstName_1311,LastName_1311,user1311@example.com,Germany,Sydney,Corporate,2022-07-19
CUST-01313,FirstName_1312,LastName_1312,user1312@example.com,Canada,Los Angeles,Consumer,2021-03-29
CUST-01314,FirstName_1313,LastName_1313,user1313@example.com,Germany,Toronto,Consumer,2020-10-31
CUST-01315,FirstName_1314,LastName_1314,user1314@example.com,Canada,Chicago,Consumer,2022-05-30
CUST-01316,FirstName_1315,LastName_1315,user1315@example.com,United Kingdom,Munich,Corporate,2021-08-25
CUST-01317,FirstName_1316,LastName_1316,user1316@example.com,Canada,Toronto,Consumer,2021-03-15
CUST-01318,FirstName_1317,LastName_1317,user1317@example.com,United Kingdom,London,Consumer,2020-11-08
CUST-01319,FirstName_1318,LastName_1318,user1318@example.com,United States,Sydney,Home Office,2021-08-05
CUST-01320,FirstName_1319,LastName_1319,user1319@example.com,United States,Berlin,Consumer,2021-09-27
CUST-01321,FirstName_1320,LastName_1320,user1320@example.com,United States,Sydney,Consumer,2020-03-02
CUST-01322,FirstName_1321,LastName_1321,user1321@example.com,United States,Manchester,Home Office,2021-09-16
CUST-01323,FirstName_1322,LastName_1322,user1322@example.com,Germany,Manchester,Consumer,2022-09-10
CUST-01324,FirstName_1323,LastName_1323,user1323@example.com,United States,Toronto,Consumer,2022-01-27
CUST-01325,FirstName_1324,LastName_1324,user1324@example.com,Australia,New York,Consumer,2020-04-11
CUST-01326,FirstName_1325,LastName_1325,user1325@example.com,United States,Manchester,Corporate,2022-08-28
CUST-01327,FirstName_1326,LastName_1326,user1326@example.com,United States,Manchester,Consumer,2022-02-20
CUST-01328,FirstName_1327,LastName_1327,user1327@example.com,Germany,Los Angeles,Corporate,2020-07-31
CUST-01329,FirstName_1328,LastName_1328,user1328@example.com,United Kingdom,Berlin,Consumer,2021-10-02
CUST-01330,FirstName_1329,LastName_1329,user1329@example.com,Canada,Los Angeles,Consumer,2020-08-04
CUST-01331,FirstName_1330,LastName_1330,user1330@example.com,Canada,Berlin,Corporate,2020-09-27
CUST-01332,FirstName_1331,LastName_1331,user1331@example.com,United Kingdom,Melbourne,Home Office,2021-11-07
CUST-01333,FirstName_1332,LastName_1332,user1332@example.com,United States,Chicago,Consumer,2020-03-24
CUST-01334,FirstName_1333,LastName_1333,user1333@example.com,Australia,Munich,Corporate,2020-06-09
CUST-01335,FirstName_1334,LastName_1334,user1334@example.com,Australia,Manchester,Consumer,2020-09-02
CUST-01336,FirstName_1335,LastName_1335,user1335@example.com,United Kingdom,Munich,Consumer,2020-06-26
CUST-01337,FirstName_1336,LastName_1336,user1336@example.com,United States,Manchester,Consumer,2021-07-19
CUST-01338,FirstName_1337,LastName_1337,user1337@example.com,United Kingdom,Los Angeles,Corporate,2020-03-17
CUST-01339,FirstName_1338,LastName_1338,user1338@example.com,United States,Chicago,Consumer,2020-06-09
CUST-01340,FirstName_1339,LastName_1339,user1339@example.com,United States,Los Angeles,Consumer,2020-01-03
CUST-01341,FirstName_1340,LastName_1340,user1340@example.com,United States,Los Angeles,Consumer,2021-02-22
CUST-01342,FirstName_1341,LastName_1341,user1341@example.com,Canada,Berlin,Consumer,2021-04-06
CUST-01343,FirstName_1342,LastName_1342,user1342@example.com,Germany,New York,Home Office,2021-12-06
CUST-01344,FirstName_1343,LastName_1343,user1343@example.com,United Kingdom,Sydney,Home Office,2021-08-31
CUST-01345,FirstName_1344,LastName_1344,user1344@example.com,United Kingdom,Toronto,Corporate,2021-04-26
CUST-01346,FirstName_1345,LastName_1345,user1345@example.com,Canada,Munich,Consumer,2020-10-25
CUST-01347,FirstName_1346,LastName_1346,user1346@example.com,United States,Melbourne,Consumer,2020-02-03
CUST-01348,FirstName_1347,LastName_1347,user1347@example.com,United States,Manchester,Corporate,2020-08-25
CUST-01349,FirstName_1348,LastName_1348,user1348@example.com,Australia,Los Angeles,Home Office,2020-10-22
CUST-01350,FirstName_1349,LastName_1349,user1349@example.com,United States,New York,Consumer,2021-12-24
CUST-01351,FirstName_1350,LastName_1350,user1350@example.com,Germany,Los Angeles,Corporate,2020-10-16
CUST-01352,FirstName_1351,LastName_1351,user1351@example.com,Canada,Chicago,Home Office,2021-12-20
CUST-01353,FirstName_1352,LastName_1352,user1352@example.com,Canada,Berlin,Home Office,2022-05-30
CUST-01354,FirstName_1353,LastName_1353,user1353@example.com,United Kingdom,Melbourne,Consumer,2021-04-09
CUST-01355,FirstName_1354,LastName_1354,user1354@example.com,Canada,Sydney,Consumer,2020-03-13
CUST-01356,FirstName_1355,LastName_1355,user1355@example.com,Germany,Chicago,Consumer,2021-12-04
CUST-01357,FirstName_1356,LastName_1356,user1356@example.com,Australia,London,Consumer,2020-08-27
CUST-01358,FirstName_1357,LastName_1357,user1357@example.com,Canada,Melbourne,Consumer,2022-08-04
CUST-01359,FirstName_1358,LastName_1358,user1358@example.com,United States,Los Angeles,Consumer,2020-09-27
CUST-01360,FirstName_1359,LastName_1359,user1359@example.com,Canada,Chicago,Corporate,2022-03-17
CUST-01361,FirstName_1360,LastName_1360,user1360@example.com,Australia,Sydney,Consumer,2022-03-21
CUST-01362,FirstName_1361,LastName_1361,user1361@example.com,United States,New York,Consumer,2021-10-02
CUST-01363,FirstName_1362,LastName_1362,user1362@example.com,United Kingdom,New York,Corporate,2021-08-26
CUST-01364,FirstName_1363,LastName_1363,user1363@example.com,United Kingdom,Munich,Corporate,2021-11-08
CUST-01365,FirstName_1364,LastName_1364,user1364@example.com,United Kingdom,Sydney,Corporate,2022-04-03
CUST-01366,FirstName_1365,LastName_1365,user1365@example.com,United States,New York,Consumer,2022-08-14
CUST-01367,FirstName_1366,LastName_1366,user1366@example.com,United Kingdom,Chicago,Corporate,2020-07-21
CUST-01368,FirstName_1367,LastName_1367,user1367@example.com,Australia,Munich,Consumer,2021-03-11
CUST-01369,FirstName_1368,LastName_1368,user1368@example.com,United States,New York,Consumer,2020-04-27
CUST-01370,FirstName_1369,LastName_1369,user1369@example.com,United States,Melbourne,Corporate,2021-07-11
CUST-01371,FirstName_1370,LastName_1370,user1370@example.com,Australia,Berlin,Consumer,2020-08-18
CUST-01372,FirstName_1371,LastName_1371,user1371@example.com,United States,London,Consumer,2021-10-25
CUST-01373,FirstName_1372,LastName_1372,user1372@example.com,Germany,Sydney,Consumer,2020-06-01
CUST-01374,FirstName_1373,LastName_1373,user1373@example.com,Canada,Chicago,Consumer,2022-07-19
CUST-01375,FirstName_1374,LastName_1374,user1374@example.com,United States,Manchester,Consumer,2020-09-29
CUST-01376,FirstName_1375,LastName_1375,user1375@example.com,Germany,Los Angeles,Corporate,2022-04-26
CUST-01377,FirstName_1376,LastName_1376,user1376@example.com,Canada,Chicago,Consumer,2020-05-25
CUST-01378,FirstName_1377,LastName_1377,user1377@example.com,Canada,New York,Home Office,2020-03-14
CUST-01379,FirstName_1378,LastName_1378,user1378@example.com,United States,Chicago,Consumer,2020-03-02
CUST-01380,FirstName_1379,LastName_1379,user1379@example.com,Canada,Manchester,Consumer,2020-06-18
CUST-01381,FirstName_1380,LastName_1380,user1380@example.com,United States,Los Angeles,Consumer,2022-03-22
CUST-01382,FirstName_1381,LastName_1381,user1381@example.com,United States,Munich,Consumer,2020-11-10
CUST-01383,FirstName_1382,LastName_1382,user1382@example.com,Australia,New York,Corporate,2021-09-01
CUST-01384,FirstName_1383,LastName_1383,user1383@example.com,United States,Toronto,Consumer,2022-02-05
CUST-01385,FirstName_1384,LastName_1384,user1384@example.com,United Kingdom,New York,Consumer,2022-04-24
CUST-01386,FirstName_1385,LastName_1385,user1385@example.com,United States,London,Corporate,2021-08-05
CUST-01387,FirstName_1386,LastName_1386,user1386@example.com,Germany,Toronto,Consumer,2022-08-01
CUST-01388,FirstName_1387,LastName_1387,user1387@example.com,United States,London,Home Office,2020-10-22
CUST-01389,FirstName_1388,LastName_1388,user1388@example.com,Australia,Manchester,Corporate,2021-03-25
CUST-01390,FirstName_1389,LastName_1389,user1389@example.com,Canada,Sydney,Consumer,2020-05-07
CUST-01391,FirstName_1390,LastName_1390,user1390@example.com,United States,Los Angeles,Consumer,2021-04-24
CUST-01392,FirstName_1391,LastName_1391,user1391@example.com,United States,Berlin,Consumer,2021-12-06
CUST-01393,FirstName_1392,LastName_1392,user1392@example.com,United States,Munich,Corporate,2020-11-07
CUST-01394,FirstName_1393,LastName_1393,user1393@example.com,Canada,Berlin,Consumer,2021-12-17
CUST-01395,FirstName_1394,LastName_1394,user1394@example.com,United States,Melbourne,Consumer,2021-02-16
CUST-01396,FirstName_1395,LastName_1395,user1395@example.com,Germany,Melbourne,Consumer,2022-08-23
CUST-01397,FirstName_1396,LastName_1396,user1396@example.com,Canada,Manchester,Consumer,2020-10-05
CUST-01398,FirstName_1397,LastName_1397,user1397@example.com,United States,Sydney,Consumer,2021-05-27
CUST-01399,FirstName_1398,LastName_1398,user1398@example.com,United Kingdom,Melbourne,Corporate,2021-07-06
CUST-01400,FirstName_1399,LastName_1399,user1399@example.com,United Kingdom,New York,Consumer,2021-05-20
CUST-01401,FirstName_1400,LastName_1400,user1400@example.com,United States,Chicago,Home Office,2021-03-24
CUST-01402,FirstName_1401,LastName_1401,user1401@example.com,United States,London,Corporate,2020-03-23
CUST-01403,FirstName_1402,LastName_1402,user1402@example.com,United States,Melbourne,Consumer,2021-09-04
CUST-01404,FirstName_1403,LastName_1403,user1403@example.com,United Kingdom,Manchester,Consumer,2020-02-10
CUST-01405,FirstName_1404,LastName_1404,user1404@example.com,United Kingdom,London,Consumer,2022-06-29
CUST-01406,FirstName_1405,LastName_1405,user1405@example.com,Canada,New York,Corporate,2021-03-18
CUST-01407,FirstName_1406,LastName_1406,user1406@example.com,Germany,Sydney,Consumer,2022-01-22
CUST-01408,FirstName_1407,LastName_1407,user1407@example.com,Germany,Los Angeles,Home Office,2020-11-26
CUST-01409,FirstName_1408,LastName_1408,user1408@example.com,Canada,Berlin,Corporate,2021-09-10
CUST-01410,FirstName_1409,LastName_1409,user1409@example.com,Germany,New York,Consumer,2020-09-13
CUST-01411,FirstName_1410,LastName_1410,user1410@example.com,United States,Munich,Corporate,2020-01-27
CUST-01412,FirstName_1411,LastName_1411,user1411@example.com,United States,Toronto,Consumer,2020-04-03
CUST-01413,FirstName_1412,LastName_1412,user1412@example.com,United States,Manchester,Corporate,2020-08-22
CUST-01414,FirstName_1413,LastName_1413,user1413@example.com,United States,Berlin,Consumer,2022-09-11
CUST-01415,FirstName_1414,LastName_1414,user1414@example.com,Canada,Munich,Consumer,2021-11-21
CUST-01416,FirstName_1415,LastName_1415,user1415@example.com,Australia,Los Angeles,Consumer,2022-05-06
CUST-01417,FirstName_1416,LastName_1416,user1416@example.com,United States,Munich,Home Office,2022-05-31
CUST-01418,FirstName_1417,LastName_1417,user1417@example.com,United States,Sydney,Consumer,2021-08-12
CUST-01419,FirstName_1418,LastName_1418,user1418@example.com,Canada,Toronto,Home Office,2021-08-24
CUST-01420,FirstName_1419,LastName_1419,user1419@example.com,Australia,London,Consumer,2022-08-31
CUST-01421,FirstName_1420,LastName_1420,user1420@example.com,United States,Berlin,Consumer,2020-01-22
CUST-01422,FirstName_1421,LastName_1421,user1421@example.com,Canada,Toronto,Consumer,2022-02-22
CUST-01423,FirstName_1422,LastName_1422,user1422@example.com,United States,Chicago,Consumer,2021-11-19
CUST-01424,FirstName_1423,LastName_1423,user1423@example.com,United States,New York,Consumer,2022-04-21
CUST-01425,FirstName_1424,LastName_1424,user1424@example.com,Australia,Chicago,Consumer,2020-10-02
CUST-01426,FirstName_1425,LastName_1425,user1425@example.com,Australia,New York,Corporate,2021-08-13
CUST-01427,FirstName_1426,LastName_1426,user1426@example.com,United States,Sydney,Consumer,2020-02-11
CUST-01428,FirstName_1427,LastName_1427,user1427@example.com,Australia,Toronto,Consumer,2022-02-20
CUST-01429,FirstName_1428,LastName_1428,user1428@example.com,United Kingdom,Los Angeles,Consumer,2022-02-13
CUST-01430,FirstName_1429,LastName_1429,user1429@example.com,Germany,Melbourne,Corporate,2020-06-28
CUST-01431,FirstName_1430,LastName_1430,user1430@example.com,Canada,Munich,Consumer,2021-04-26
CUST-01432,FirstName_1431,LastName_1431,user1431@example.com,Canada,Melbourne,Consumer,2021-06-15
CUST-01433,FirstName_1432,LastName_1432,user1432@example.com,Canada,Toronto,Consumer,2021-10-29
CUST-01434,FirstName_1433,LastName_1433,user1433@example.com,United Kingdom,Chicago,Corporate,2021-03-28
CUST-01435,FirstName_1434,LastName_1434,user1434@example.com,United States,Melbourne,Corporate,2022-07-27
CUST-01436,FirstName_1435,LastName_1435,user1435@example.com,United States,Manchester,Consumer,2020-10-11
CUST-01437,FirstName_1436,LastName_1436,user1436@example.com,United States,Melbourne,Consumer,2020-07-04
CUST-01438,FirstName_1437,LastName_1437,user1437@example.com,United Kingdom,New York,Home Office,2021-08-22
CUST-01439,FirstName_1438,LastName_1438,user1438@example.com,United States,Manchester,Home Office,2021-03-22
CUST-01440,FirstName_1439,LastName_1439,user1439@example.com,United Kingdom,Berlin,Corporate,2021-10-12
CUST-01441,FirstName_1440,LastName_1440,user1440@example.com,Australia,Melbourne,Home Office,2022-04-13
CUST-01442,FirstName_1441,LastName_1441,user1441@example.com,United States,Manchester,Corporate,2021-05-18
CUST-01443,FirstName_1442,LastName_1442,user1442@example.com,United Kingdom,Toronto,Corporate,2022-09-19
CUST-01444,FirstName_1443,LastName_1443,user1443@example.com,Canada,Munich,Consumer,2020-04-03
CUST-01445,FirstName_1444,LastName_1444,user1444@example.com,Germany,Berlin,Consumer,2021-04-26
CUST-01446,FirstName_1445,LastName_1445,user1445@example.com,United States,Los Angeles,Consumer,2020-12-22
CUST-01447,FirstName_1446,LastName_1446,user1446@example.com,United Kingdom,Los Angeles,Corporate,2021-02-22
CUST-01448,FirstName_1447,LastName_1447,user1447@example.com,Germany,Sydney,Home Office,2020-12-07
CUST-01449,FirstName_1448,LastName_1448,user1448@example.com,Australia,Melbourne,Corporate,2020-11-24
CUST-01450,FirstName_1449,LastName_1449,user1449@example.com,United Kingdom,Munich,Consumer,2021-11-17
CUST-01451,FirstName_1450,LastName_1450,user1450@example.com,Canada,London,Consumer,2020-04-17
CUST-01452,FirstName_1451,LastName_1451,user1451@example.com,United Kingdom,Manchester,Consumer,2022-05-28
CUST-01453,FirstName_1452,LastName_1452,user1452@example.com,Germany,Berlin,Consumer,2020-06-13
CUST-01454,FirstName_1453,LastName_1453,user1453@example.com,Canada,Toronto,Corporate,2020-12-03
CUST-01455,FirstName_1454,LastName_1454,user1454@example.com,United States,Melbourne,Home Office,2021-02-25
CUST-01456,FirstName_1455,LastName_1455,user1455@example.com,Australia,Toronto,Consumer,2021-12-11
CUST-01457,FirstName_1456,LastName_1456,user1456@example.com,United Kingdom,London,Consumer,2021-05-22
CUST-01458,FirstName_1457,LastName_1457,user1457@example.com,United Kingdom,Sydney,Corporate,2020-10-22
CUST-01459,FirstName_1458,LastName_1458,user1458@example.com,United States,London,Consumer,2021-11-09
CUST-01460,FirstName_1459,LastName_1459,user1459@example.com,United Kingdom,New York,Home Office,2022-08-25
CUST-01461,FirstName_1460,LastName_1460,user1460@example.com,United States,Chicago,Consumer,2021-02-14
CUST-01462,FirstName_1461,LastName_1461,user1461@example.com,United Kingdom,Berlin,Consumer,2022-04-13
CUST-01463,FirstName_1462,LastName_1462,user1462@example.com,United States,Chicago,Consumer,2022-02-17
CUST-01464,FirstName_1463,LastName_1463,user1463@example.com,United Kingdom,London,Consumer,2021-07-17
CUST-01465,FirstName_1464,LastName_1464,user1464@example.com,Australia,Sydney,Consumer,2020-02-07
CUST-01466,FirstName_1465,LastName_1465,user1465@example.com,United States,Sydney,Consumer,2021-04-10
CUST-01467,FirstName_1466,LastName_1466,user1466@example.com,Australia,Los Angeles,Consumer,2020-03-31
CUST-01468,FirstName_1467,LastName_1467,user1467@example.com,Canada,Melbourne,Consumer,2020-11-18
CUST-01469,FirstName_1468,LastName_1468,user1468@example.com,Germany,Los Angeles,Consumer,2020-09-15
CUST-01470,FirstName_1469,LastName_1469,user1469@example.com,Germany,Berlin,Consumer,2020-11-27
CUST-01471,FirstName_1470,LastName_1470,user1470@example.com,Canada,Berlin,Consumer,2020-04-28
CUST-01472,FirstName_1471,LastName_1471,user1471@example.com,United Kingdom,Berlin,Corporate,2022-09-20
CUST-01473,FirstName_1472,LastName_1472,user1472@example.com,Germany,Toronto,Home Office,2022-03-02
CUST-01474,FirstName_1473,LastName_1473,user1473@example.com,Canada,Los Angeles,Consumer,2021-02-17
CUST-01475,FirstName_1474,LastName_1474,user1474@example.com,United States,Toronto,Consumer,2022-06-04
CUST-01476,FirstName_1475,LastName_1475,user1475@example.com,United Kingdom,Chicago,Consumer,2021-06-10
CUST-01477,FirstName_1476,LastName_1476,user1476@example.com,Germany,Melbourne,Consumer,2022-04-24
CUST-01478,FirstName_1477,LastName_1477,user1477@example.com,Germany,London,Corporate,2020-01-02
CUST-01479,FirstName_1478,LastName_1478,user1478@example.com,Germany,Manchester,Corporate,2021-11-04
CUST-01480,FirstName_1479,LastName_1479,user1479@example.com,Canada,Los Angeles,Corporate,2022-06-09
CUST-01481,FirstName_1480,LastName_1480,user1480@example.com,Germany,Manchester,Consumer,2021-07-09
CUST-01482,FirstName_1481,LastName_1481,user1481@example.com,United States,Sydney,Consumer,2021-04-18
CUST-01483,FirstName_1482,LastName_1482,user1482@example.com,Canada,Los Angeles,Home Office,2021-02-27
CUST-01484,FirstName_1483,LastName_1483,user1483@example.com,United States,Chicago,Consumer,2020-02-25
CUST-01485,FirstName_1484,LastName_1484,user1484@example.com,United States,Los Angeles,Consumer,2020-07-11
CUST-01486,FirstName_1485,LastName_1485,user1485@example.com,United States,Toronto,Home Office,2021-06-14
CUST-01487,FirstName_1486,LastName_1486,user1486@example.com,United States,Melbourne,Corporate,2021-01-05
CUST-01488,FirstName_1487,LastName_1487,user1487@example.com,United Kingdom,London,Corporate,2021-09-29
CUST-01489,FirstName_1488,LastName_1488,user1488@example.com,United States,Munich,Consumer,2022-02-13
CUST-01490,FirstName_1489,LastName_1489,user1489@example.com,Canada,London,Consumer,2021-05-25
CUST-01491,FirstName_1490,LastName_1490,user1490@example.com,United States,London,Consumer,2021-10-02
CUST-01492,FirstName_1491,LastName_1491,user1491@example.com,United States,Sydney,Corporate,2021-03-28
CUST-01493,FirstName_1492,LastName_1492,user1492@example.com,United States,Chicago,Consumer,2022-02-17
CUST-01494,FirstName_1493,LastName_1493,user1493@example.com,United States,Manchester,Corporate,2020-02-22
CUST-01495,FirstName_1494,LastName_1494,user1494@example.com,United Kingdom,Chicago,Corporate,2020-07-27
CUST-01496,FirstName_1495,LastName_1495,user1495@example.com,United Kingdom,Munich,Consumer,2020-09-30
CUST-01497,FirstName_1496,LastName_1496,user1496@example.com,United Kingdom,Sydney,Consumer,2021-07-16
CUST-01498,FirstName_1497,LastName_1497,user1497@example.com,Canada,Melbourne,Consumer,2020-05-14
CUST-01499,FirstName_1498,LastName_1498,user1498@example.com,United States,London,Corporate,2022-08-07
CUST-01500,FirstName_1499,LastName_1499,user1499@example.com,Germany,Toronto,Corporate,2020-10-21
CUST-01501,FirstName_1500,LastName_1500,user1500@example.com,Canada,Sydney,Corporate,2021-03-24
CUST-01502,FirstName_1501,LastName_1501,user1501@example.com,Canada,Berlin,Consumer,2022-06-20
CUST-01503,FirstName_1502,LastName_1502,user1502@example.com,United States,Los Angeles,Consumer,2021-12-16
CUST-01504,FirstName_1503,LastName_1503,user1503@example.com,United States,Chicago,Corporate,2021-05-11
CUST-01505,FirstName_1504,LastName_1504,user1504@example.com,United States,Sydney,Consumer,2020-05-04
CUST-01506,FirstName_1505,LastName_1505,user1505@example.com,United States,Berlin,Corporate,2020-01-30
CUST-01507,FirstName_1506,LastName_1506,user1506@example.com,Canada,Manchester,Corporate,2022-09-23
CUST-01508,FirstName_1507,LastName_1507,user1507@example.com,Canada,Munich,Consumer,2021-10-07
CUST-01509,FirstName_1508,LastName_1508,user1508@example.com,United Kingdom,Munich,Consumer,2021-09-15
CUST-01510,FirstName_1509,LastName_1509,user1509@example.com,Germany,London,Consumer,2022-03-29
CUST-01511,FirstName_1510,LastName_1510,user1510@example.com,Germany,London,Consumer,2020-09-02
CUST-01512,FirstName_1511,LastName_1511,user1511@example.com,United Kingdom,Sydney,Corporate,2021-12-27
CUST-01513,FirstName_1512,LastName_1512,user1512@example.com,Australia,Sydney,Corporate,2020-06-11
CUST-01514,FirstName_1513,LastName_1513,user1513@example.com,United States,Melbourne,Home Office,2020-11-14
CUST-01515,FirstName_1514,LastName_1514,user1514@example.com,United States,Los Angeles,Corporate,2021-07-18
CUST-01516,FirstName_1515,LastName_1515,user1515@example.com,United States,New York,Consumer,2020-01-15
CUST-01517,FirstName_1516,LastName_1516,user1516@example.com,United Kingdom,Manchester,Consumer,2021-07-19
CUST-01518,FirstName_1517,LastName_1517,user1517@example.com,Germany,London,Corporate,2021-02-21
CUST-01519,FirstName_1518,LastName_1518,user1518@example.com,United States,New York,Consumer,2020-04-05
CUST-01520,FirstName_1519,LastName_1519,user1519@example.com,Australia,New York,Corporate,2020-08-18
CUST-01521,FirstName_1520,LastName_1520,user1520@example.com,United States,Los Angeles,Corporate,2022-05-11
CUST-01522,FirstName_1521,LastName_1521,user1521@example.com,Australia,Toronto,Consumer,2022-07-23
CUST-01523,FirstName_1522,LastName_1522,user1522@example.com,United States,Toronto,Consumer,2020-04-26
CUST-01524,FirstName_1523,LastName_1523,user1523@example.com,United States,London,Consumer,2021-04-17
CUST-01525,FirstName_1524,LastName_1524,user1524@example.com,Canada,Berlin,Home Office,2022-08-27
CUST-01526,FirstName_1525,LastName_1525,user1525@example.com,United States,Los Angeles,Consumer,2020-04-30
CUST-01527,FirstName_1526,LastName_1526,user1526@example.com,United States,Los Angeles,Home Office,2021-10-25
CUST-01528,FirstName_1527,LastName_1527,user1527@example.com,United States,Chicago,Consumer,2022-05-02
CUST-01529,FirstName_1528,LastName_1528,user1528@example.com,Germany,New York,Home Office,2020-06-06
CUST-01530,FirstName_1529,LastName_1529,user1529@example.com,Canada,Chicago,Consumer,2021-05-25
CUST-01531,FirstName_1530,LastName_1530,user1530@example.com,United States,New York,Consumer,2022-08-13
CUST-01532,FirstName_1531,LastName_1531,user1531@example.com,United Kingdom,Toronto,Corporate,2022-01-03
CUST-01533,FirstName_1532,LastName_1532,user1532@example.com,United Kingdom,London,Home Office,2020-10-25
CUST-01534,FirstName_1533,LastName_1533,user1533@example.com,United States,Manchester,Consumer,2021-06-05
CUST-01535,FirstName_1534,LastName_1534,user1534@example.com,Canada,Toronto,Corporate,2021-12-23
CUST-01536,FirstName_1535,LastName_1535,user1535@example.com,United States,Los Angeles,Home Office,2020-10-06
CUST-01537,FirstName_1536,LastName_1536,user1536@example.com,United States,Manchester,Consumer,2021-03-01
CUST-01538,FirstName_1537,LastName_1537,user1537@example.com,United Kingdom,Sydney,Consumer,2022-05-04
CUST-01539,FirstName_1538,LastName_1538,user1538@example.com,United States,Manchester,Home Office,2021-05-09
CUST-01540,FirstName_1539,LastName_1539,user1539@example.com,Canada,Manchester,Consumer,2021-04-28
CUST-01541,FirstName_1540,LastName_1540,user1540@example.com,United Kingdom,Toronto,Consumer,2020-09-06
CUST-01542,FirstName_1541,LastName_1541,user1541@example.com,United States,Los Angeles,Corporate,2021-04-12
CUST-01543,FirstName_1542,LastName_1542,user1542@example.com,Canada,Manchester,Consumer,2021-07-18
CUST-01544,FirstName_1543,LastName_1543,user1543@example.com,United States,Toronto,Consumer,2020-05-28
CUST-01545,FirstName_1544,LastName_1544,user1544@example.com,Australia,Toronto,Home Office,2021-01-27
CUST-01546,FirstName_1545,LastName_1545,user1545@example.com,Canada,Manchester,Consumer,2020-07-14
CUST-01547,FirstName_1546,LastName_1546,user1546@example.com,Germany,New York,Corporate,2022-08-01
CUST-01548,FirstName_1547,LastName_1547,user1547@example.com,Canada,Los Angeles,Corporate,2021-09-05
CUST-01549,FirstName_1548,LastName_1548,user1548@example.com,United States,Munich,Consumer,2021-06-04
CUST-01550,FirstName_1549,LastName_1549,user1549@example.com,United Kingdom,Manchester,Consumer,2022-02-03
CUST-01551,FirstName_1550,LastName_1550,user1550@example.com,Australia,Chicago,Consumer,2022-06-19
CUST-01552,FirstName_1551,LastName_1551,user1551@example.com,United Kingdom,Chicago,Consumer,2020-05-19
CUST-01553,FirstName_1552,LastName_1552,user1552@example.com,Germany,Sydney,Corporate,2022-06-03
CUST-01554,FirstName_1553,LastName_1553,user1553@example.com,Germany,Los Angeles,Corporate,2020-03-12
CUST-01555,FirstName_1554,LastName_1554,user1554@example.com,United States,Toronto,Consumer,2020-10-09
CUST-01556,FirstName_1555,LastName_1555,user1555@example.com,United States,Melbourne,Consumer,2022-03-02
CUST-01557,FirstName_1556,LastName_1556,user1556@example.com,United Kingdom,London,Consumer,2022-03-19
CUST-01558,FirstName_1557,LastName_1557,user1557@example.com,Canada,Berlin,Consumer,2022-05-24
CUST-01559,FirstName_1558,LastName_1558,user1558@example.com,Germany,Melbourne,Consumer,2021-02-28
CUST-01560,FirstName_1559,LastName_1559,user1559@example.com,Australia,Los Angeles,Consumer,2020-12-14
CUST-01561,FirstName_1560,LastName_1560,user1560@example.com,United States,Los Angeles,Corporate,2022-08-14
CUST-01562,FirstName_1561,LastName_1561,user1561@example.com,United States,Manchester,Consumer,2022-03-17
CUST-01563,FirstName_1562,LastName_1562,user1562@example.com,Germany,Manchester,Consumer,2021-06-03
CUST-01564,FirstName_1563,LastName_1563,user1563@example.com,United States,Melbourne,Corporate,2020-09-30
CUST-01565,FirstName_1564,LastName_1564,user1564@example.com,Germany,Toronto,Consumer,2022-04-20
CUST-01566,FirstName_1565,LastName_1565,user1565@example.com,Canada,Sydney,Consumer,2020-01-03
CUST-01567,FirstName_1566,LastName_1566,user1566@example.com,United Kingdom,Manchester,Consumer,2020-10-16
CUST-01568,FirstName_1567,LastName_1567,user1567@example.com,United States,Berlin,Consumer,2022-01-13
CUST-01569,FirstName_1568,LastName_1568,user1568@example.com,United Kingdom,Berlin,Consumer,2020-11-01
CUST-01570,FirstName_1569,LastName_1569,user1569@example.com,Canada,Sydney,Home Office,2022-05-07
CUST-01571,FirstName_1570,LastName_1570,user1570@example.com,Canada,New York,Consumer,2021-08-24
CUST-01572,FirstName_1571,LastName_1571,user1571@example.com,United States,New York,Home Office,2021-08-16
CUST-01573,FirstName_1572,LastName_1572,user1572@example.com,United Kingdom,Los Angeles,Consumer,2021-11-06
CUST-01574,FirstName_1573,LastName_1573,user1573@example.com,Germany,Manchester,Consumer,2021-05-16
CUST-01575,FirstName_1574,LastName_1574,user1574@example.com,United States,Chicago,Consumer,2022-06-05
CUST-01576,FirstName_1575,LastName_1575,user1575@example.com,United States,Melbourne,Consumer,2020-06-01
CUST-01577,FirstName_1576,LastName_1576,user1576@example.com,United States,Munich,Consumer,2021-04-02
CUST-01578,FirstName_1577,LastName_1577,user1577@example.com,United Kingdom,Sydney,Consumer,2021-07-05
CUST-01579,FirstName_1578,LastName_1578,user1578@example.com,United Kingdom,Los Angeles,Consumer,2021-05-10
CUST-01580,FirstName_1579,LastName_1579,user1579@example.com,Canada,Chicago,Consumer,2020-12-19
CUST-01581,FirstName_1580,LastName_1580,user1580@example.com,United States,Manchester,Consumer,2020-12-06
CUST-01582,FirstName_1581,LastName_1581,user1581@example.com,United States,Chicago,Consumer,2021-07-19
CUST-01583,FirstName_1582,LastName_1582,user1582@example.com,Canada,Chicago,Consumer,2022-02-20
CUST-01584,FirstName_1583,LastName_1583,user1583@example.com,Canada,Sydney,Corporate,2021-07-10
CUST-01585,FirstName_1584,LastName_1584,user1584@example.com,Australia,Los Angeles,Home Office,2021-01-21
CUST-01586,FirstName_1585,LastName_1585,user1585@example.com,United States,Toronto,Consumer,2021-04-11
CUST-01587,FirstName_1586,LastName_1586,user1586@example.com,United Kingdom,Berlin,Consumer,2022-08-13
CUST-01588,FirstName_1587,LastName_1587,user1587@example.com,Canada,Melbourne,Consumer,2020-11-25
CUST-01589,FirstName_1588,LastName_1588,user1588@example.com,Canada,Los Angeles,Home Office,2022-06-09
CUST-01590,FirstName_1589,LastName_1589,user1589@example.com,United Kingdom,Munich,Consumer,2020-07-12
CUST-01591,FirstName_1590,LastName_1590,user1590@example.com,United Kingdom,Chicago,Corporate,2021-12-15
CUST-01592,FirstName_1591,LastName_1591,user1591@example.com,Australia,Toronto,Consumer,2020-09-01
CUST-01593,FirstName_1592,LastName_1592,user1592@example.com,United States,Sydney,Consumer,2021-08-08
CUST-01594,FirstName_1593,LastName_1593,user1593@example.com,United States,London,Consumer,2021-01-27
CUST-01595,FirstName_1594,LastName_1594,user1594@example.com,United Kingdom,Melbourne,Consumer,2020-08-27
CUST-01596,FirstName_1595,LastName_1595,user1595@example.com,Canada,Melbourne,Home Office,2022-05-26
CUST-01597,FirstName_1596,LastName_1596,user1596@example.com,United States,Berlin,Consumer,2022-03-05
CUST-01598,FirstName_1597,LastName_1597,user1597@example.com,United States,London,Consumer,2021-02-24
CUST-01599,FirstName_1598,LastName_1598,user1598@example.com,United States,Manchester,Consumer,2020-02-14
CUST-01600,FirstName_1599,LastName_1599,user1599@example.com,Germany,London,Corporate,2020-11-21
CUST-01601,FirstName_1600,LastName_1600,user1600@example.com,United States,Chicago,Consumer,2022-02-01
CUST-01602,FirstName_1601,LastName_1601,user1601@example.com,United States,Chicago,Consumer,2021-04-29
CUST-01603,FirstName_1602,LastName_1602,user1602@example.com,United States,Chicago,Consumer,2021-12-23
CUST-01604,FirstName_1603,LastName_1603,user1603@example.com,United States,Chicago,Consumer,2022-07-24
CUST-01605,FirstName_1604,LastName_1604,user1604@example.com,United States,Los Angeles,Corporate,2022-04-10
CUST-01606,FirstName_1605,LastName_1605,user1605@example.com,Canada,Melbourne,Consumer,2021-01-25
CUST-01607,FirstName_1606,LastName_1606,user1606@example.com,United States,London,Consumer,2021-01-30
CUST-01608,FirstName_1607,LastName_1607,user1607@example.com,Germany,Melbourne,Consumer,2021-11-10
CUST-01609,FirstName_1608,LastName_1608,user1608@example.com,United States,Munich,Home Office,2022-03-22
CUST-01610,FirstName_1609,LastName_1609,user1609@example.com,Canada,London,Consumer,2022-04-20
CUST-01611,FirstName_1610,LastName_1610,user1610@example.com,Germany,Los Angeles,Consumer,2021-10-29
CUST-01612,FirstName_1611,LastName_1611,user1611@example.com,United Kingdom,Munich,Home Office,2020-06-04
CUST-01613,FirstName_1612,LastName_1612,user1612@example.com,Canada,Melbourne,Consumer,2021-05-22
CUST-01614,FirstName_1613,LastName_1613,user1613@example.com,United States,Munich,Home Office,2022-09-14
CUST-01615,FirstName_1614,LastName_1614,user1614@example.com,United States,Berlin,Consumer,2020-02-07
CUST-01616,FirstName_1615,LastName_1615,user1615@example.com,United Kingdom,Munich,Consumer,2020-05-09
CUST-01617,FirstName_1616,LastName_1616,user1616@example.com,Australia,London,Corporate,2021-05-29
CUST-01618,FirstName_1617,LastName_1617,user1617@example.com,United Kingdom,Chicago,Home Office,2022-09-15
CUST-01619,FirstName_1618,LastName_1618,user1618@example.com,Canada,Chicago,Consumer,2021-08-27
CUST-01620,FirstName_1619,LastName_1619,user1619@example.com,United Kingdom,Manchester,Home Office,2020-12-05
CUST-01621,FirstName_1620,LastName_1620,user1620@example.com,Canada,Melbourne,Consumer,2022-06-09
CUST-01622,FirstName_1621,LastName_1621,user1621@example.com,United States,Berlin,Corporate,2020-04-12
CUST-01623,FirstName_1622,LastName_1622,user1622@example.com,Canada,London,Consumer,2022-06-14
CUST-01624,FirstName_1623,LastName_1623,user1623@example.com,Australia,London,Consumer,2022-05-15
CUST-01625,FirstName_1624,LastName_1624,user1624@example.com,United States,Sydney,Home Office,2021-03-26
CUST-01626,FirstName_1625,LastName_1625,user1625@example.com,United Kingdom,New York,Home Office,2020-04-12
CUST-01627,FirstName_1626,LastName_1626,user1626@example.com,United States,Melbourne,Consumer,2021-06-22
CUST-01628,FirstName_1627,LastName_1627,user1627@example.com,Canada,London,Consumer,2022-07-21
CUST-01629,FirstName_1628,LastName_1628,user1628@example.com,United States,Toronto,Consumer,2021-04-12
CUST-01630,FirstName_1629,LastName_1629,user1629@example.com,Canada,London,Consumer,2020-01-16
CUST-01631,FirstName_1630,LastName_1630,user1630@example.com,Germany,Sydney,Consumer,2022-01-09
CUST-01632,FirstName_1631,LastName_1631,user1631@example.com,United States,Munich,Consumer,2020-05-27
CUST-01633,FirstName_1632,LastName_1632,user1632@example.com,United Kingdom,Los Angeles,Consumer,2021-02-23
CUST-01634,FirstName_1633,LastName_1633,user1633@example.com,Germany,Los Angeles,Corporate,2022-06-10
CUST-01635,FirstName_1634,LastName_1634,user1634@example.com,Australia,Toronto,Consumer,2021-11-01
CUST-01636,FirstName_1635,LastName_1635,user1635@example.com,United States,Toronto,Consumer,2022-09-20
CUST-01637,FirstName_1636,LastName_1636,user1636@example.com,United States,Manchester,Consumer,2020-06-07
CUST-01638,FirstName_1637,LastName_1637,user1637@example.com,United States,Los Angeles,Corporate,2020-03-17
CUST-01639,FirstName_1638,LastName_1638,user1638@example.com,Australia,Munich,Consumer,2021-04-25
CUST-01640,FirstName_1639,LastName_1639,user1639@example.com,Australia,Los Angeles,Consumer,2022-03-11
CUST-01641,FirstName_1640,LastName_1640,user1640@example.com,Canada,New York,Corporate,2022-09-19
CUST-01642,FirstName_1641,LastName_1641,user1641@example.com,Germany,Melbourne,Corporate,2020-09-28
CUST-01643,FirstName_1642,LastName_1642,user1642@example.com,Canada,Los Angeles,Corporate,2020-12-12
CUST-01644,FirstName_1643,LastName_1643,user1643@example.com,United Kingdom,Chicago,Home Office,2021-09-30
CUST-01645,FirstName_1644,LastName_1644,user1644@example.com,United States,Manchester,Corporate,2021-12-10
CUST-01646,FirstName_1645,LastName_1645,user1645@example.com,Germany,Sydney,Corporate,2021-02-11
CUST-01647,FirstName_1646,LastName_1646,user1646@example.com,United States,Toronto,Consumer,2021-10-27
CUST-01648,FirstName_1647,LastName_1647,user1647@example.com,Germany,New York,Consumer,2020-03-23
CUST-01649,FirstName_1648,LastName_1648,user1648@example.com,Germany,Toronto,Consumer,2022-05-22
CUST-01650,FirstName_1649,LastName_1649,user1649@example.com,United Kingdom,Manchester,Consumer,2020-12-02
CUST-01651,FirstName_1650,LastName_1650,user1650@example.com,United States,London,Consumer,2022-05-22
CUST-01652,FirstName_1651,LastName_1651,user1651@example.com,United States,New York,Consumer,2021-11-21
CUST-01653,FirstName_1652,LastName_1652,user1652@example.com,United States,Berlin,Corporate,2022-05-29
CUST-01654,FirstName_1653,LastName_1653,user1653@example.com,United States,New York,Consumer,2021-06-30
CUST-01655,FirstName_1654,LastName_1654,user1654@example.com,United States,Manchester,Consumer,2021-01-24
CUST-01656,FirstName_1655,LastName_1655,user1655@example.com,Australia,Sydney,Home Office,2022-09-04
CUST-01657,FirstName_1656,LastName_1656,user1656@example.com,Canada,New York,Consumer,2020-11-20
CUST-01658,FirstName_1657,LastName_1657,user1657@example.com,United States,Manchester,Consumer,2021-10-03
CUST-01659,FirstName_1658,LastName_1658,user1658@example.com,United States,Munich,Consumer,2022-01-05
CUST-01660,FirstName_1659,LastName_1659,user1659@example.com,Canada,Melbourne,Home Office,2022-06-27
CUST-01661,FirstName_1660,LastName_1660,user1660@example.com,United Kingdom,Los Angeles,Consumer,2022-02-16
CUST-01662,FirstName_1661,LastName_1661,user1661@example.com,Canada,Munich,Corporate,2021-05-14
CUST-01663,FirstName_1662,LastName_1662,user1662@example.com,Australia,Manchester,Consumer,2022-06-12
CUST-01664,FirstName_1663,LastName_1663,user1663@example.com,Canada,Chicago,Consumer,2021-07-08
CUST-01665,FirstName_1664,LastName_1664,user1664@example.com,Australia,London,Consumer,2020-02-06
CUST-01666,FirstName_1665,LastName_1665,user1665@example.com,Germany,Los Angeles,Corporate,2021-09-24
CUST-01667,FirstName_1666,LastName_1666,user1666@example.com,United States,Chicago,Corporate,2020-03-11
CUST-01668,FirstName_1667,LastName_1667,user1667@example.com,Australia,Sydney,Corporate,2020-08-28
CUST-01669,FirstName_1668,LastName_1668,user1668@example.com,United States,Toronto,Corporate,2021-10-08
CUST-01670,FirstName_1669,LastName_1669,user1669@example.com,Germany,Berlin,Consumer,2021-12-01
CUST-01671,FirstName_1670,LastName_1670,user1670@example.com,United States,Los Angeles,Corporate,2022-08-01
CUST-01672,FirstName_1671,LastName_1671,user1671@example.com,Germany,Munich,Consumer,2020-10-21
CUST-01673,FirstName_1672,LastName_1672,user1672@example.com,Germany,London,Corporate,2020-08-20
CUST-01674,FirstName_1673,LastName_1673,user1673@example.com,Germany,Chicago,Consumer,2022-02-03
CUST-01675,FirstName_1674,LastName_1674,user1674@example.com,Germany,Manchester,Consumer,2020-04-02
CUST-01676,FirstName_1675,LastName_1675,user1675@example.com,United States,Los Angeles,Consumer,2021-03-20
CUST-01677,FirstName_1676,LastName_1676,user1676@example.com,United States,Toronto,Consumer,2020-04-10
CUST-01678,FirstName_1677,LastName_1677,user1677@example.com,Canada,Manchester,Consumer,2022-02-17
CUST-01679,FirstName_1678,LastName_1678,user1678@example.com,United States,Chicago,Corporate,2021-10-10
CUST-01680,FirstName_1679,LastName_1679,user1679@example.com,United Kingdom,London,Consumer,2021-12-21
CUST-01681,FirstName_1680,LastName_1680,user1680@example.com,United States,New York,Consumer,2022-06-12
CUST-01682,FirstName_1681,LastName_1681,user1681@example.com,Australia,Toronto,Corporate,2020-04-12
CUST-01683,FirstName_1682,LastName_1682,user1682@example.com,United Kingdom,Manchester,Consumer,2021-03-30
CUST-01684,FirstName_1683,LastName_1683,user1683@example.com,Germany,Toronto,Corporate,2020-06-19
CUST-01685,FirstName_1684,LastName_1684,user1684@example.com,United States,Sydney,Consumer,2021-12-11
CUST-01686,FirstName_1685,LastName_1685,user1685@example.com,Germany,Manchester,Home Office,2020-11-02
CUST-01687,FirstName_1686,LastName_1686,user1686@example.com,Australia,Los Angeles,Consumer,2022-07-14
CUST-01688,FirstName_1687,LastName_1687,user1687@example.com,Canada,New York,Consumer,2020-01-30
CUST-01689,FirstName_1688,LastName_1688,user1688@example.com,United Kingdom,New York,Consumer,2020-02-17
CUST-01690,FirstName_1689,LastName_1689,user1689@example.com,Germany,Berlin,Consumer,2020-11-28
CUST-01691,FirstName_1690,LastName_1690,user1690@example.com,United States,Toronto,Home Office,2022-03-26
CUST-01692,FirstName_1691,LastName_1691,user1691@example.com,Canada,Munich,Consumer,2020-02-27
CUST-01693,FirstName_1692,LastName_1692,user1692@example.com,United States,New York,Consumer,2020-10-27
CUST-01694,FirstName_1693,LastName_1693,user1693@example.com,United States,New York,Consumer,2021-01-02
CUST-01695,FirstName_1694,LastName_1694,user1694@example.com,United States,Sydney,Corporate,2021-01-18
CUST-01696,FirstName_1695,LastName_1695,user1695@example.com,United States,Melbourne,Consumer,2021-03-17
CUST-01697,FirstName_1696,LastName_1696,user1696@example.com,United States,Sydney,Home Office,2020-05-29
CUST-01698,FirstName_1697,LastName_1697,user1697@example.com,United States,Sydney,Consumer,2020-09-07
CUST-01699,FirstName_1698,LastName_1698,user1698@example.com,Australia,Melbourne,Consumer,2021-06-27
CUST-01700,FirstName_1699,LastName_1699,user1699@example.com,Canada,Toronto,Consumer,2021-02-25
CUST-01701,FirstName_1700,LastName_1700,user1700@example.com,Australia,Manchester,Corporate,2021-08-02
CUST-01702,FirstName_1701,LastName_1701,user1701@example.com,Canada,London,Home Office,2021-11-29
CUST-01703,FirstName_1702,LastName_1702,user1702@example.com,United States,Munich,Consumer,2022-03-22
CUST-01704,FirstName_1703,LastName_1703,user1703@example.com,Canada,New York,Consumer,2020-07-03
CUST-01705,FirstName_1704,LastName_1704,user1704@example.com,Canada,Berlin,Corporate,2020-06-23
CUST-01706,FirstName_1705,LastName_1705,user1705@example.com,United States,Munich,Consumer,2020-06-28
CUST-01707,FirstName_1706,LastName_1706,user1706@example.com,United Kingdom,Manchester,Consumer,2020-03-21
CUST-01708,FirstName_1707,LastName_1707,user1707@example.com,United States,Melbourne,Consumer,2021-09-16
CUST-01709,FirstName_1708,LastName_1708,user1708@example.com,United Kingdom,Munich,Consumer,2022-06-10
CUST-01710,FirstName_1709,LastName_1709,user1709@example.com,United Kingdom,New York,Consumer,2021-01-26
CUST-01711,FirstName_1710,LastName_1710,user1710@example.com,United States,Munich,Consumer,2021-09-26
CUST-01712,FirstName_1711,LastName_1711,user1711@example.com,United States,London,Consumer,2021-11-30
CUST-01713,FirstName_1712,LastName_1712,user1712@example.com,Germany,Melbourne,Corporate,2020-09-03
CUST-01714,FirstName_1713,LastName_1713,user1713@example.com,Canada,Munich,Consumer,2021-05-24
CUST-01715,FirstName_1714,LastName_1714,user1714@example.com,United States,New York,Corporate,2022-07-23
CUST-01716,FirstName_1715,LastName_1715,user1715@example.com,Australia,New York,Consumer,2021-08-20
CUST-01717,FirstName_1716,LastName_1716,user1716@example.com,United States,Munich,Corporate,2020-05-26
CUST-01718,FirstName_1717,LastName_1717,user1717@example.com,United Kingdom,Toronto,Consumer,2020-08-25
CUST-01719,FirstName_1718,LastName_1718,user1718@example.com,Australia,Berlin,Corporate,2021-04-17
CUST-01720,FirstName_1719,LastName_1719,user1719@example.com,United States,Chicago,Consumer,2021-10-15
CUST-01721,FirstName_1720,LastName_1720,user1720@example.com,United States,Sydney,Home Office,2020-09-17
CUST-01722,FirstName_1721,LastName_1721,user1721@example.com,United States,Melbourne,Consumer,2021-04-15
CUST-01723,FirstName_1722,LastName_1722,user1722@example.com,United States,Chicago,Consumer,2020-09-18
CUST-01724,FirstName_1723,LastName_1723,user1723@example.com,United States,Manchester,Home Office,2021-11-13
CUST-01725,FirstName_1724,LastName_1724,user1724@example.com,United Kingdom,Manchester,Consumer,2020-01-10
CUST-01726,FirstName_1725,LastName_1725,user1725@example.com,United States,New York,Consumer,2022-07-09
CUST-01727,FirstName_1726,LastName_1726,user1726@example.com,Canada,Manchester,Home Office,2022-04-03
CUST-01728,FirstName_1727,LastName_1727,user1727@example.com,Australia,Toronto,Consumer,2021-04-21
CUST-01729,FirstName_1728,LastName_1728,user1728@example.com,Germany,Berlin,Consumer,2022-07-11
CUST-01730,FirstName_1729,LastName_1729,user1729@example.com,United Kingdom,Manchester,Home Office,2020-10-21
CUST-01731,FirstName_1730,LastName_1730,user1730@example.com,United States,London,Consumer,2021-11-24
CUST-01732,FirstName_1731,LastName_1731,user1731@example.com,United Kingdom,Berlin,Home Office,2021-07-13
CUST-01733,FirstName_1732,LastName_1732,user1732@example.com,Canada,Toronto,Consumer,2020-06-10
CUST-01734,FirstName_1733,LastName_1733,user1733@example.com,Canada,Chicago,Corporate,2020-03-16
CUST-01735,FirstName_1734,LastName_1734,user1734@example.com,United States,Berlin,Consumer,2021-03-28
CUST-01736,FirstName_1735,LastName_1735,user1735@example.com,Germany,Berlin,Home Office,2022-08-25
CUST-01737,FirstName_1736,LastName_1736,user1736@example.com,Canada,Chicago,Consumer,2020-12-19
CUST-01738,FirstName_1737,LastName_1737,user1737@example.com,United States,Toronto,Consumer,2021-08-24
CUST-01739,FirstName_1738,LastName_1738,user1738@example.com,United States,Manchester,Corporate,2020-11-02
CUST-01740,FirstName_1739,LastName_1739,user1739@example.com,Canada,New York,Consumer,2021-10-16
CUST-01741,FirstName_1740,LastName_1740,user1740@example.com,Germany,Melbourne,Corporate,2022-09-12
CUST-01742,FirstName_1741,LastName_1741,user1741@example.com,United Kingdom,Chicago,Home Office,2021-03-10
CUST-01743,FirstName_1742,LastName_1742,user1742@example.com,Germany,Chicago,Consumer,2021-12-07
CUST-01744,FirstName_1743,LastName_1743,user1743@example.com,United States,Chicago,Corporate,2020-09-13
CUST-01745,FirstName_1744,LastName_1744,user1744@example.com,Canada,Chicago,Consumer,2021-04-12
CUST-01746,FirstName_1745,LastName_1745,user1745@example.com,Canada,Melbourne,Consumer,2022-05-15
CUST-01747,FirstName_1746,LastName_1746,user1746@example.com,United States,Melbourne,Consumer,2020-11-05
CUST-01748,FirstName_1747,LastName_1747,user1747@example.com,United States,Manchester,Corporate,2020-07-22
CUST-01749,FirstName_1748,LastName_1748,user1748@example.com,Germany,Munich,Consumer,2021-01-28
CUST-01750,FirstName_1749,LastName_1749,user1749@example.com,United States,Munich,Corporate,2022-05-23
CUST-01751,FirstName_1750,LastName_1750,user1750@example.com,Canada,Los Angeles,Consumer,2021-05-09
CUST-01752,FirstName_1751,LastName_1751,user1751@example.com,United States,Chicago,Corporate,2020-04-19
CUST-01753,FirstName_1752,LastName_1752,user1752@example.com,United States,Chicago,Consumer,2020-08-30
CUST-01754,FirstName_1753,LastName_1753,user1753@example.com,United States,Berlin,Corporate,2021-01-25
CUST-01755,FirstName_1754,LastName_1754,user1754@example.com,Australia,Munich,Consumer,2021-08-08
CUST-01756,FirstName_1755,LastName_1755,user1755@example.com,Germany,Manchester,Consumer,2021-01-02
CUST-01757,FirstName_1756,LastName_1756,user1756@example.com,Australia,New York,Consumer,2021-08-11
CUST-01758,FirstName_1757,LastName_1757,user1757@example.com,Canada,Los Angeles,Corporate,2020-10-29
CUST-01759,FirstName_1758,LastName_1758,user1758@example.com,United States,Los Angeles,Consumer,2021-12-17
CUST-01760,FirstName_1759,LastName_1759,user1759@example.com,Canada,Manchester,Corporate,2020-10-29
CUST-01761,FirstName_1760,LastName_1760,user1760@example.com,Canada,New York,Consumer,2020-01-23
CUST-01762,FirstName_1761,LastName_1761,user1761@example.com,Germany,Berlin,Corporate,2022-04-29
CUST-01763,FirstName_1762,LastName_1762,user1762@example.com,United States,Melbourne,Consumer,2021-11-05
CUST-01764,FirstName_1763,LastName_1763,user1763@example.com,Canada,Sydney,Consumer,2021-02-09
CUST-01765,FirstName_1764,LastName_1764,user1764@example.com,United States,Munich,Consumer,2020-10-08
CUST-01766,FirstName_1765,LastName_1765,user1765@example.com,United States,Chicago,Consumer,2020-01-09
CUST-01767,FirstName_1766,LastName_1766,user1766@example.com,United Kingdom,Manchester,Consumer,2021-08-02
CUST-01768,FirstName_1767,LastName_1767,user1767@example.com,Canada,Munich,Home Office,2022-06-04
CUST-01769,FirstName_1768,LastName_1768,user1768@example.com,United States,Chicago,Home Office,2021-12-03
CUST-01770,FirstName_1769,LastName_1769,user1769@example.com,United States,Sydney,Corporate,2022-03-07
CUST-01771,FirstName_1770,LastName_1770,user1770@example.com,Canada,Sydney,Consumer,2022-02-01
CUST-01772,FirstName_1771,LastName_1771,user1771@example.com,Germany,Melbourne,Consumer,2022-09-23
CUST-01773,FirstName_1772,LastName_1772,user1772@example.com,Germany,Toronto,Corporate,2020-02-20
CUST-01774,FirstName_1773,LastName_1773,user1773@example.com,Australia,Sydney,Consumer,2022-07-21
CUST-01775,FirstName_1774,LastName_1774,user1774@example.com,Germany,Munich,Home Office,2021-09-12
CUST-01776,FirstName_1775,LastName_1775,user1775@example.com,United States,London,Consumer,2022-02-02
CUST-01777,FirstName_1776,LastName_1776,user1776@example.com,United Kingdom,London,Home Office,2021-05-23
CUST-01778,FirstName_1777,LastName_1777,user1777@example.com,Canada,Chicago,Consumer,2022-05-02
CUST-01779,FirstName_1778,LastName_1778,user1778@example.com,United States,Chicago,Corporate,2022-07-14
CUST-01780,FirstName_1779,LastName_1779,user1779@example.com,Germany,Toronto,Consumer,2022-07-13
CUST-01781,FirstName_1780,LastName_1780,user1780@example.com,United States,London,Home Office,2020-10-20
CUST-01782,FirstName_1781,LastName_1781,user1781@example.com,Australia,Chicago,Consumer,2022-03-05
CUST-01783,FirstName_1782,LastName_1782,user1782@example.com,Canada,Sydney,Corporate,2022-03-29
CUST-01784,FirstName_1783,LastName_1783,user1783@example.com,United Kingdom,Chicago,Corporate,2020-08-23
CUST-01785,FirstName_1784,LastName_1784,user1784@example.com,United Kingdom,Los Angeles,Consumer,2021-09-13
CUST-01786,FirstName_1785,LastName_1785,user1785@example.com,Germany,Toronto,Consumer,2022-04-01
CUST-01787,FirstName_1786,LastName_1786,user1786@example.com,United Kingdom,Manchester,Consumer,2020-12-26
CUST-01788,FirstName_1787,LastName_1787,user1787@example.com,United Kingdom,New York,Consumer,2020-08-12
CUST-01789,FirstName_1788,LastName_1788,user1788@example.com,United States,Berlin,Consumer,2021-10-13
CUST-01790,FirstName_1789,LastName_1789,user1789@example.com,Canada,New York,Consumer,2020-07-13
CUST-01791,FirstName_1790,LastName_1790,user1790@example.com,United States,New York,Consumer,2021-09-27
CUST-01792,FirstName_1791,LastName_1791,user1791@example.com,United Kingdom,Melbourne,Corporate,2020-09-13
CUST-01793,FirstName_1792,LastName_1792,user1792@example.com,Canada,Manchester,Corporate,2021-11-25
CUST-01794,FirstName_1793,LastName_1793,user1793@example.com,United Kingdom,Chicago,Consumer,2022-02-12
CUST-01795,FirstName_1794,LastName_1794,user1794@example.com,United States,Melbourne,Home Office,2022-01-08
CUST-01796,FirstName_1795,LastName_1795,user1795@example.com,United States,New York,Home Office,2022-02-24
CUST-01797,FirstName_1796,LastName_1796,user1796@example.com,United Kingdom,Los Angeles,Consumer,2021-11-06
CUST-01798,FirstName_1797,LastName_1797,user1797@example.com,United States,Berlin,Consumer,2021-11-28
CUST-01799,FirstName_1798,LastName_1798,user1798@example.com,United States,New York,Consumer,2022-05-08
CUST-01800,FirstName_1799,LastName_1799,user1799@example.com,United States,London,Corporate,2020-05-20
CUST-01801,FirstName_1800,LastName_1800,user1800@example.com,Australia,Manchester,Corporate,2021-10-05
CUST-01802,FirstName_1801,LastName_1801,user1801@example.com,United Kingdom,Manchester,Consumer,2020-04-09
CUST-01803,FirstName_1802,LastName_1802,user1802@example.com,United States,Manchester,Corporate,2022-07-14
CUST-01804,FirstName_1803,LastName_1803,user1803@example.com,United States,Toronto,Consumer,2021-10-04
CUST-01805,FirstName_1804,LastName_1804,user1804@example.com,United States,Toronto,Consumer,2021-10-23
CUST-01806,FirstName_1805,LastName_1805,user1805@example.com,Germany,Sydney,Corporate,2020-02-10
CUST-01807,FirstName_1806,LastName_1806,user1806@example.com,United Kingdom,Munich,Corporate,2020-11-12
CUST-01808,FirstName_1807,LastName_1807,user1807@example.com,United States,Berlin,Consumer,2022-03-18
CUST-01809,FirstName_1808,LastName_1808,user1808@example.com,United States,Melbourne,Consumer,2021-03-27
CUST-01810,FirstName_1809,LastName_1809,user1809@example.com,United States,Chicago,Home Office,2020-02-04
CUST-01811,FirstName_1810,LastName_1810,user1810@example.com,United Kingdom,New York,Consumer,2021-08-16
CUST-01812,FirstName_1811,LastName_1811,user1811@example.com,Germany,Munich,Corporate,2021-01-08
CUST-01813,FirstName_1812,LastName_1812,user1812@example.com,United States,Chicago,Consumer,2022-01-19
CUST-01814,FirstName_1813,LastName_1813,user1813@example.com,United States,Melbourne,Consumer,2020-05-14
CUST-01815,FirstName_1814,LastName_1814,user1814@example.com,United States,Munich,Consumer,2020-04-02
CUST-01816,FirstName_1815,LastName_1815,user1815@example.com,Australia,Chicago,Consumer,2022-07-20
CUST-01817,FirstName_1816,LastName_1816,user1816@example.com,United States,Los Angeles,Corporate,2020-10-29
CUST-01818,FirstName_1817,LastName_1817,user1817@example.com,Germany,Toronto,Consumer,2020-11-30
CUST-01819,FirstName_1818,LastName_1818,user1818@example.com,United Kingdom,Melbourne,Consumer,2022-02-04
CUST-01820,FirstName_1819,LastName_1819,user1819@example.com,United States,Berlin,Consumer,2021-03-01
CUST-01821,FirstName_1820,LastName_1820,user1820@example.com,United States,London,Consumer,2020-06-28
CUST-01822,FirstName_1821,LastName_1821,user1821@example.com,United States,Los Angeles,Home Office,2020-07-24
CUST-01823,FirstName_1822,LastName_1822,user1822@example.com,United Kingdom,Toronto,Corporate,2020-05-15
CUST-01824,FirstName_1823,LastName_1823,user1823@example.com,Germany,Manchester,Consumer,2022-03-16
CUST-01825,FirstName_1824,LastName_1824,user1824@example.com,United Kingdom,Toronto,Corporate,2021-07-06
CUST-01826,FirstName_1825,LastName_1825,user1825@example.com,Canada,Munich,Corporate,2022-06-16
CUST-01827,FirstName_1826,LastName_1826,user1826@example.com,United States,Sydney,Corporate,2022-09-21
CUST-01828,FirstName_1827,LastName_1827,user1827@example.com,Australia,Los Angeles,Consumer,2021-01-09
CUST-01829,FirstName_1828,LastName_1828,user1828@example.com,Germany,Manchester,Consumer,2021-06-27
CUST-01830,FirstName_1829,LastName_1829,user1829@example.com,United States,Munich,Consumer,2021-05-28
CUST-01831,FirstName_1830,LastName_1830,user1830@example.com,Australia,Melbourne,Corporate,2022-07-24
CUST-01832,FirstName_1831,LastName_1831,user1831@example.com,United Kingdom,Berlin,Corporate,2020-10-06
CUST-01833,FirstName_1832,LastName_1832,user1832@example.com,Canada,Toronto,Consumer,2022-04-30
CUST-01834,FirstName_1833,LastName_1833,user1833@example.com,United Kingdom,Melbourne,Consumer,2020-06-17
CUST-01835,FirstName_1834,LastName_1834,user1834@example.com,Germany,Manchester,Consumer,2020-09-20
CUST-01836,FirstName_1835,LastName_1835,user1835@example.com,United Kingdom,Munich,Consumer,2022-07-24
CUST-01837,FirstName_1836,LastName_1836,user1836@example.com,United States,Sydney,Home Office,2022-04-24
CUST-01838,FirstName_1837,LastName_1837,user1837@example.com,United States,Toronto,Consumer,2022-08-24
CUST-01839,FirstName_1838,LastName_1838,user1838@example.com,Australia,Berlin,Consumer,2021-05-08
CUST-01840,FirstName_1839,LastName_1839,user1839@example.com,United States,Sydney,Home Office,2022-09-17
CUST-01841,FirstName_1840,LastName_1840,user1840@example.com,United States,Chicago,Consumer,2022-04-05
CUST-01842,FirstName_1841,LastName_1841,user1841@example.com,Canada,Munich,Corporate,2020-10-29
CUST-01843,FirstName_1842,LastName_1842,user1842@example.com,Canada,Melbourne,Consumer,2022-02-03
CUST-01844,FirstName_1843,LastName_1843,user1843@example.com,United Kingdom,Toronto,Consumer,2022-06-10
CUST-01845,FirstName_1844,LastName_1844,user1844@example.com,Australia,Toronto,Consumer,2020-12-12
CUST-01846,FirstName_1845,LastName_1845,user1845@example.com,United States,Manchester,Corporate,2022-04-03
CUST-01847,FirstName_1846,LastName_1846,user1846@example.com,United States,Berlin,Consumer,2020-04-27
CUST-01848,FirstName_1847,LastName_1847,user1847@example.com,United States,London,Consumer,2021-04-24
CUST-01849,FirstName_1848,LastName_1848,user1848@example.com,Germany,Chicago,Corporate,2022-09-13
CUST-01850,FirstName_1849,LastName_1849,user1849@example.com,United Kingdom,Sydney,Consumer,2020-03-18
CUST-01851,FirstName_1850,LastName_1850,user1850@example.com,United States,Los Angeles,Consumer,2020-05-24
CUST-01852,FirstName_1851,LastName_1851,user1851@example.com,Germany,Los Angeles,Consumer,2022-02-11
CUST-01853,FirstName_1852,LastName_1852,user1852@example.com,Germany,Toronto,Consumer,2022-09-16
CUST-01854,FirstName_1853,LastName_1853,user1853@example.com,Germany,Manchester,Corporate,2020-08-19
CUST-01855,FirstName_1854,LastName_1854,user1854@example.com,Australia,New York,Corporate,2022-05-30
CUST-01856,FirstName_1855,LastName_1855,user1855@example.com,United States,Toronto,Home Office,2021-11-23
CUST-01857,FirstName_1856,LastName_1856,user1856@example.com,Germany,Los Angeles,Corporate,2022-01-11
CUST-01858,FirstName_1857,LastName_1857,user1857@example.com,Canada,Los Angeles,Consumer,2021-11-21
CUST-01859,FirstName_1858,LastName_1858,user1858@example.com,Germany,Chicago,Home Office,2021-02-10
CUST-01860,FirstName_1859,LastName_1859,user1859@example.com,United Kingdom,Melbourne,Consumer,2022-09-17
CUST-01861,FirstName_1860,LastName_1860,user1860@example.com,Germany,New York,Consumer,2022-05-16
CUST-01862,FirstName_1861,LastName_1861,user1861@example.com,United Kingdom,Toronto,Consumer,2022-04-03
CUST-01863,FirstName_1862,LastName_1862,user1862@example.com,United States,Chicago,Consumer,2021-07-24
CUST-01864,FirstName_1863,LastName_1863,user1863@example.com,Canada,Manchester,Corporate,2021-01-09
CUST-01865,FirstName_1864,LastName_1864,user1864@example.com,Australia,Chicago,Consumer,2020-04-02
CUST-01866,FirstName_1865,LastName_1865,user1865@example.com,Australia,Toronto,Consumer,2022-03-20
CUST-01867,FirstName_1866,LastName_1866,user1866@example.com,United States,Munich,Consumer,2021-02-08
CUST-01868,FirstName_1867,LastName_1867,user1867@example.com,United States,London,Consumer,2020-01-15
CUST-01869,FirstName_1868,LastName_1868,user1868@example.com,United States,Toronto,Consumer,2020-09-27
CUST-01870,FirstName_1869,LastName_1869,user1869@example.com,United Kingdom,Berlin,Corporate,2021-07-03
CUST-01871,FirstName_1870,LastName_1870,user1870@example.com,Germany,Los Angeles,Consumer,2020-05-06
CUST-01872,FirstName_1871,LastName_1871,user1871@example.com,United States,New York,Corporate,2021-04-10
CUST-01873,FirstName_1872,LastName_1872,user1872@example.com,Canada,New York,Consumer,2021-01-12
CUST-01874,FirstName_1873,LastName_1873,user1873@example.com,Germany,Melbourne,Consumer,2021-11-19
CUST-01875,FirstName_1874,LastName_1874,user1874@example.com,United Kingdom,London,Corporate,2022-02-05
CUST-01876,FirstName_1875,LastName_1875,user1875@example.com,Canada,Berlin,Corporate,2021-11-19
CUST-01877,FirstName_1876,LastName_1876,user1876@example.com,Canada,Los Angeles,Consumer,2020-09-25
CUST-01878,FirstName_1877,LastName_1877,user1877@example.com,Canada,New York,Corporate,2021-08-21
CUST-01879,FirstName_1878,LastName_1878,user1878@example.com,United States,Berlin,Home Office,2021-01-25
CUST-01880,FirstName_1879,LastName_1879,user1879@example.com,Canada,Chicago,Home Office,2022-04-22
CUST-01881,FirstName_1880,LastName_1880,user1880@example.com,United Kingdom,Melbourne,Corporate,2021-10-15
CUST-01882,FirstName_1881,LastName_1881,user1881@example.com,Germany,Toronto,Corporate,2022-08-20
CUST-01883,FirstName_1882,LastName_1882,user1882@example.com,United Kingdom,Toronto,Consumer,2021-01-15
CUST-01884,FirstName_1883,LastName_1883,user1883@example.com,Germany,Munich,Corporate,2020-04-20
CUST-01885,FirstName_1884,LastName_1884,user1884@example.com,United States,Los Angeles,Consumer,2021-11-22
CUST-01886,FirstName_1885,LastName_1885,user1885@example.com,Canada,Berlin,Home Office,2020-08-27
CUST-01887,FirstName_1886,LastName_1886,user1886@example.com,United States,Sydney,Consumer,2021-04-27
CUST-01888,FirstName_1887,LastName_1887,user1887@example.com,United States,New York,Consumer,2020-01-26
CUST-01889,FirstName_1888,LastName_1888,user1888@example.com,United Kingdom,Manchester,Consumer,2021-09-26
CUST-01890,FirstName_1889,LastName_1889,user1889@example.com,Australia,Manchester,Consumer,2022-06-24
CUST-01891,FirstName_1890,LastName_1890,user1890@example.com,United States,Toronto,Consumer,2022-08-23
CUST-01892,FirstName_1891,LastName_1891,user1891@example.com,Canada,Sydney,Consumer,2021-07-28
CUST-01893,FirstName_1892,LastName_1892,user1892@example.com,Germany,Manchester,Corporate,2020-12-01
CUST-01894,FirstName_1893,LastName_1893,user1893@example.com,United States,London,Corporate,2022-07-26
CUST-01895,FirstName_1894,LastName_1894,user1894@example.com,Canada,London,Consumer,2021-09-16
CUST-01896,FirstName_1895,LastName_1895,user1895@example.com,United Kingdom,Los Angeles,Corporate,2020-08-14
CUST-01897,FirstName_1896,LastName_1896,user1896@example.com,United Kingdom,Sydney,Consumer,2021-10-25
CUST-01898,FirstName_1897,LastName_1897,user1897@example.com,United States,London,Consumer,2020-03-05
CUST-01899,FirstName_1898,LastName_1898,user1898@example.com,United States,London,Corporate,2021-10-12
CUST-01900,FirstName_1899,LastName_1899,user1899@example.com,Germany,Toronto,Corporate,2022-04-23
CUST-01901,FirstName_1900,LastName_1900,user1900@example.com,Canada,Manchester,Consumer,2021-04-20
CUST-01902,FirstName_1901,LastName_1901,user1901@example.com,United States,Los Angeles,Consumer,2022-07-20
CUST-01903,FirstName_1902,LastName_1902,user1902@example.com,Germany,Berlin,Consumer,2021-12-18
CUST-01904,FirstName_1903,LastName_1903,user1903@example.com,United States,Chicago,Consumer,2020-11-05
CUST-01905,FirstName_1904,LastName_1904,user1904@example.com,United Kingdom,New York,Consumer,2021-10-26
CUST-01906,FirstName_1905,LastName_1905,user1905@example.com,United States,New York,Home Office,2021-02-22
CUST-01907,FirstName_1906,LastName_1906,user1906@example.com,Australia,Melbourne,Corporate,2020-04-29
CUST-01908,FirstName_1907,LastName_1907,user1907@example.com,United States,Chicago,Corporate,2020-05-23
CUST-01909,FirstName_1908,LastName_1908,user1908@example.com,United States,Chicago,Consumer,2020-02-16
CUST-01910,FirstName_1909,LastName_1909,user1909@example.com,United States,New York,Corporate,2022-08-26
CUST-01911,FirstName_1910,LastName_1910,user1910@example.com,United States,New York,Consumer,2020-02-08
CUST-01912,FirstName_1911,LastName_1911,user1911@example.com,Germany,Berlin,Consumer,2020-11-07
CUST-01913,FirstName_1912,LastName_1912,user1912@example.com,Australia,Sydney,Consumer,2021-05-19
CUST-01914,FirstName_1913,LastName_1913,user1913@example.com,United States,Sydney,Corporate,2020-04-28
CUST-01915,FirstName_1914,LastName_1914,user1914@example.com,Canada,Berlin,Home Office,2020-04-09
CUST-01916,FirstName_1915,LastName_1915,user1915@example.com,United Kingdom,Manchester,Consumer,2020-08-28
CUST-01917,FirstName_1916,LastName_1916,user1916@example.com,Germany,Chicago,Consumer,2022-06-27
CUST-01918,FirstName_1917,LastName_1917,user1917@example.com,Canada,Munich,Consumer,2021-07-04
CUST-01919,FirstName_1918,LastName_1918,user1918@example.com,United States,Chicago,Corporate,2020-05-18
CUST-01920,FirstName_1919,LastName_1919,user1919@example.com,Canada,Melbourne,Consumer,2021-02-01
CUST-01921,FirstName_1920,LastName_1920,user1920@example.com,United Kingdom,New York,Consumer,2021-04-09
CUST-01922,FirstName_1921,LastName_1921,user1921@example.com,United States,Chicago,Corporate,2021-01-14
CUST-01923,FirstName_1922,LastName_1922,user1922@example.com,United Kingdom,New York,Consumer,2021-11-17
CUST-01924,FirstName_1923,LastName_1923,user1923@example.com,United States,Chicago,Consumer,2022-08-30
CUST-01925,FirstName_1924,LastName_1924,user1924@example.com,Germany,Melbourne,Consumer,2022-01-30
CUST-01926,FirstName_1925,LastName_1925,user1925@example.com,United States,Manchester,Corporate,2021-12-14
CUST-01927,FirstName_1926,LastName_1926,user1926@example.com,Canada,Munich,Consumer,2022-08-26
CUST-01928,FirstName_1927,LastName_1927,user1927@example.com,Canada,London,Home Office,2021-07-07
CUST-01929,FirstName_1928,LastName_1928,user1928@example.com,United Kingdom,Berlin,Corporate,2021-03-05
CUST-01930,FirstName_1929,LastName_1929,user1929@example.com,United States,Berlin,Consumer,2021-08-24
CUST-01931,FirstName_1930,LastName_1930,user1930@example.com,Canada,Munich,Consumer,2022-01-30
CUST-01932,FirstName_1931,LastName_1931,user1931@example.com,Canada,Chicago,Consumer,2022-01-14
CUST-01933,FirstName_1932,LastName_1932,user1932@example.com,Canada,London,Consumer,2020-06-07
CUST-01934,FirstName_1933,LastName_1933,user1933@example.com,United Kingdom,Melbourne,Home Office,2022-06-25
CUST-01935,FirstName_1934,LastName_1934,user1934@example.com,United Kingdom,Sydney,Corporate,2021-02-28
CUST-01936,FirstName_1935,LastName_1935,user1935@example.com,Germany,Chicago,Consumer,2021-11-01
CUST-01937,FirstName_1936,LastName_1936,user1936@example.com,United States,Manchester,Consumer,2020-04-11
CUST-01938,FirstName_1937,LastName_1937,user1937@example.com,Germany,New York,Consumer,2022-05-03
CUST-01939,FirstName_1938,LastName_1938,user1938@example.com,Canada,Los Angeles,Consumer,2021-05-16
CUST-01940,FirstName_1939,LastName_1939,user1939@example.com,United States,Chicago,Consumer,2021-09-22
CUST-01941,FirstName_1940,LastName_1940,user1940@example.com,United States,Los Angeles,Consumer,2021-02-21
CUST-01942,FirstName_1941,LastName_1941,user1941@example.com,United States,Chicago,Home Office,2022-08-19
CUST-01943,FirstName_1942,LastName_1942,user1942@example.com,Germany,Munich,Consumer,2022-09-01
CUST-01944,FirstName_1943,LastName_1943,user1943@example.com,United Kingdom,Los Angeles,Consumer,2020-10-13
CUST-01945,FirstName_1944,LastName_1944,user1944@example.com,Germany,Chicago,Home Office,2020-02-03
CUST-01946,FirstName_1945,LastName_1945,user1945@example.com,Canada,Berlin,Consumer,2021-12-07
CUST-01947,FirstName_1946,LastName_1946,user1946@example.com,Canada,Los Angeles,Consumer,2021-01-14
CUST-01948,FirstName_1947,LastName_1947,user1947@example.com,United States,Chicago,Consumer,2020-08-10
CUST-01949,FirstName_1948,LastName_1948,user1948@example.com,United States,Sydney,Consumer,2021-03-30
CUST-01950,FirstName_1949,LastName_1949,user1949@example.com,Canada,New York,Home Office,2021-03-31
CUST-01951,FirstName_1950,LastName_1950,user1950@example.com,United States,Sydney,Home Office,2022-08-31
CUST-01952,FirstName_1951,LastName_1951,user1951@example.com,United States,London,Home Office,2020-08-29
CUST-01953,FirstName_1952,LastName_1952,user1952@example.com,Canada,Chicago,Corporate,2022-05-25
CUST-01954,FirstName_1953,LastName_1953,user1953@example.com,United Kingdom,Toronto,Consumer,2021-01-06
CUST-01955,FirstName_1954,LastName_1954,user1954@example.com,Australia,Manchester,Home Office,2020-04-11
CUST-01956,FirstName_1955,LastName_1955,user1955@example.com,Australia,Sydney,Home Office,2021-12-03
CUST-01957,FirstName_1956,LastName_1956,user1956@example.com,United Kingdom,Los Angeles,Consumer,2021-01-11
CUST-01958,FirstName_1957,LastName_1957,user1957@example.com,Canada,Munich,Consumer,2021-07-11
CUST-01959,FirstName_1958,LastName_1958,user1958@example.com,United Kingdom,Manchester,Consumer,2022-07-12
CUST-01960,FirstName_1959,LastName_1959,user1959@example.com,Germany,Toronto,Consumer,2021-10-22
CUST-01961,FirstName_1960,LastName_1960,user1960@example.com,United States,Melbourne,Consumer,2021-01-02
CUST-01962,FirstName_1961,LastName_1961,user1961@example.com,Canada,Chicago,Home Office,2020-03-03
CUST-01963,FirstName_1962,LastName_1962,user1962@example.com,Germany,Munich,Home Office,2021-02-11
CUST-01964,FirstName_1963,LastName_1963,user1963@example.com,United States,Chicago,Consumer,2020-10-09
CUST-01965,FirstName_1964,LastName_1964,user1964@example.com,Canada,London,Consumer,2020-07-13
CUST-01966,FirstName_1965,LastName_1965,user1965@example.com,Canada,Toronto,Corporate,2022-09-18
CUST-01967,FirstName_1966,LastName_1966,user1966@example.com,United States,Chicago,Corporate,2020-05-05
CUST-01968,FirstName_1967,LastName_1967,user1967@example.com,United States,Los Angeles,Consumer,2022-08-29
CUST-01969,FirstName_1968,LastName_1968,user1968@example.com,United States,London,Corporate,2022-05-18
CUST-01970,FirstName_1969,LastName_1969,user1969@example.com,United States,Berlin,Home Office,2022-04-23
CUST-01971,FirstName_1970,LastName_1970,user1970@example.com,United States,Melbourne,Home Office,2021-04-10
CUST-01972,FirstName_1971,LastName_1971,user1971@example.com,Germany,Toronto,Consumer,2020-04-03
CUST-01973,FirstName_1972,LastName_1972,user1972@example.com,United States,New York,Consumer,2021-11-09
CUST-01974,FirstName_1973,LastName_1973,user1973@example.com,Canada,Munich,Home Office,2020-08-05
CUST-01975,FirstName_1974,LastName_1974,user1974@example.com,United States,Sydney,Consumer,2021-10-19
CUST-01976,FirstName_1975,LastName_1975,user1975@example.com,Australia,Chicago,Corporate,2021-10-16
CUST-01977,FirstName_1976,LastName_1976,user1976@example.com,United States,Munich,Consumer,2021-09-03
CUST-01978,FirstName_1977,LastName_1977,user1977@example.com,Canada,Munich,Consumer,2022-09-21
CUST-01979,FirstName_1978,LastName_1978,user1978@example.com,Germany,New York,Consumer,2020-01-22
CUST-01980,FirstName_1979,LastName_1979,user1979@example.com,Germany,New York,Consumer,2020-02-21
CUST-01981,FirstName_1980,LastName_1980,user1980@example.com,United States,London,Home Office,2022-03-16
CUST-01982,FirstName_1981,LastName_1981,user1981@example.com,Germany,Toronto,Consumer,2020-12-07
CUST-01983,FirstName_1982,LastName_1982,user1982@example.com,Canada,Los Angeles,Home Office,2020-09-06
CUST-01984,FirstName_1983,LastName_1983,user1983@example.com,Canada,Melbourne,Home Office,2020-05-08
CUST-01985,FirstName_1984,LastName_1984,user1984@example.com,United States,New York,Consumer,2022-03-16
CUST-01986,FirstName_1985,LastName_1985,user1985@example.com,United States,New York,Corporate,2021-08-01
CUST-01987,FirstName_1986,LastName_1986,user1986@example.com,United Kingdom,Sydney,Consumer,2020-07-29
CUST-01988,FirstName_1987,LastName_1987,user1987@example.com,Canada,Berlin,Corporate,2020-03-11
CUST-01989,FirstName_1988,LastName_1988,user1988@example.com,Canada,New York,Consumer,2022-04-29
CUST-01990,FirstName_1989,LastName_1989,user1989@example.com,United Kingdom,Berlin,Consumer,2022-02-22
CUST-01991,FirstName_1990,LastName_1990,user1990@example.com,Germany,London,Consumer,2021-07-21
CUST-01992,FirstName_1991,LastName_1991,user1991@example.com,United States,Los Angeles,Corporate,2020-07-31
CUST-01993,FirstName_1992,LastName_1992,user1992@example.com,United Kingdom,Munich,Home Office,2021-08-23
CUST-01994,FirstName_1993,LastName_1993,user1993@example.com,United States,New York,Consumer,2020-08-09
CUST-01995,FirstName_1994,LastName_1994,user1994@example.com,Germany,Chicago,Consumer,2022-04-12
CUST-01996,FirstName_1995,LastName_1995,user1995@example.com,United Kingdom,Berlin,Consumer,2022-06-09
CUST-01997,FirstName_1996,LastName_1996,user1996@example.com,Australia,Sydney,Corporate,2020-08-26
CUST-01998,FirstName_1997,LastName_1997,user1997@example.com,United States,Melbourne,Consumer,2020-12-02
CUST-01999,FirstName_1998,LastName_1998,user1998@example.com,United States,Sydney,Corporate,2022-03-03
CUST-02000,FirstName_1999,LastName_1999,user1999@example.com,United States,New York,Consumer,2020-05-31
CUST-02001,FirstName_2000,LastName_2000,user2000@example.com,United States,Toronto,Consumer,2022-03-18
CUST-02002,FirstName_2001,LastName_2001,user2001@example.com,United States,Munich,Corporate,2022-07-11
CUST-02003,FirstName_2002,LastName_2002,user2002@example.com,Australia,Los Angeles,Corporate,2021-09-02
CUST-02004,FirstName_2003,LastName_2003,user2003@example.com,United States,Chicago,Corporate,2020-01-03
CUST-02005,FirstName_2004,LastName_2004,user2004@example.com,United States,Toronto,Consumer,2020-10-10
CUST-02006,FirstName_2005,LastName_2005,user2005@example.com,Germany,Sydney,Home Office,2022-05-29
CUST-02007,FirstName_2006,LastName_2006,user2006@example.com,Canada,Berlin,Consumer,2020-05-28
CUST-02008,FirstName_2007,LastName_2007,user2007@example.com,Germany,Berlin,Home Office,2020-05-13
CUST-02009,FirstName_2008,LastName_2008,user2008@example.com,United States,Toronto,Consumer,2021-07-07
CUST-02010,FirstName_2009,LastName_2009,user2009@example.com,Canada,Berlin,Consumer,2020-09-13
CUST-02011,FirstName_2010,LastName_2010,user2010@example.com,United States,Sydney,Consumer,2022-03-28
CUST-02012,FirstName_2011,LastName_2011,user2011@example.com,United States,Toronto,Consumer,2020-06-27
CUST-02013,FirstName_2012,LastName_2012,user2012@example.com,Australia,Sydney,Consumer,2020-04-22
CUST-02014,FirstName_2013,LastName_2013,user2013@example.com,United States,Chicago,Home Office,2021-11-07
CUST-02015,FirstName_2014,LastName_2014,user2014@example.com,Canada,Munich,Corporate,2022-06-06
CUST-02016,FirstName_2015,LastName_2015,user2015@example.com,Canada,Melbourne,Home Office,2020-01-27
CUST-02017,FirstName_2016,LastName_2016,user2016@example.com,United States,Chicago,Consumer,2020-05-14
CUST-02018,FirstName_2017,LastName_2017,user2017@example.com,Germany,Chicago,Consumer,2020-01-16
CUST-02019,FirstName_2018,LastName_2018,user2018@example.com,United States,Berlin,Home Office,2021-01-01
CUST-02020,FirstName_2019,LastName_2019,user2019@example.com,United Kingdom,New York,Consumer,2022-03-19
CUST-02021,FirstName_2020,LastName_2020,user2020@example.com,Australia,Manchester,Consumer,2022-03-18
CUST-02022,FirstName_2021,LastName_2021,user2021@example.com,Canada,Berlin,Home Office,2020-08-31
CUST-02023,FirstName_2022,LastName_2022,user2022@example.com,Australia,New York,Consumer,2021-08-25
CUST-02024,FirstName_2023,LastName_2023,user2023@example.com,United States,Sydney,Consumer,2020-11-27
CUST-02025,FirstName_2024,LastName_2024,user2024@example.com,Canada,Manchester,Home Office,2020-01-17
CUST-02026,FirstName_2025,LastName_2025,user2025@example.com,United States,Berlin,Consumer,2020-06-27
CUST-02027,FirstName_2026,LastName_2026,user2026@example.com,United Kingdom,Manchester,Home Office,2020-09-28
CUST-02028,FirstName_2027,LastName_2027,user2027@example.com,Australia,Manchester,Consumer,2020-02-23
CUST-02029,FirstName_2028,LastName_2028,user2028@example.com,United States,London,Corporate,2020-05-09
CUST-02030,FirstName_2029,LastName_2029,user2029@example.com,United Kingdom,Munich,Consumer,2022-01-29
CUST-02031,FirstName_2030,LastName_2030,user2030@example.com,United States,London,Corporate,2021-03-07
CUST-02032,FirstName_2031,LastName_2031,user2031@example.com,Canada,New York,Consumer,2021-06-22
CUST-02033,FirstName_2032,LastName_2032,user2032@example.com,Canada,Los Angeles,Corporate,2020-04-26
CUST-02034,FirstName_2033,LastName_2033,user2033@example.com,Australia,Toronto,Consumer,2022-02-02
CUST-02035,FirstName_2034,LastName_2034,user2034@example.com,United Kingdom,Melbourne,Consumer,2020-03-06
CUST-02036,FirstName_2035,LastName_2035,user2035@example.com,United States,Los Angeles,Corporate,2021-05-02
CUST-02037,FirstName_2036,LastName_2036,user2036@example.com,United States,Toronto,Consumer,2021-04-04
CUST-02038,FirstName_2037,LastName_2037,user2037@example.com,United States,New York,Consumer,2022-03-07
CUST-02039,FirstName_2038,LastName_2038,user2038@example.com,United States,New York,Consumer,2021-01-05
CUST-02040,FirstName_2039,LastName_2039,user2039@example.com,United States,Sydney,Consumer,2021-06-09
CUST-02041,FirstName_2040,LastName_2040,user2040@example.com,Germany,Melbourne,Consumer,2021-08-30
CUST-02042,FirstName_2041,LastName_2041,user2041@example.com,Canada,Munich,Consumer,2020-04-21
CUST-02043,FirstName_2042,LastName_2042,user2042@example.com,Canada,Manchester,Consumer,2021-04-07
CUST-02044,FirstName_2043,LastName_2043,user2043@example.com,United States,London,Corporate,2021-05-30
CUST-02045,FirstName_2044,LastName_2044,user2044@example.com,Germany,London,Consumer,2020-08-14
CUST-02046,FirstName_2045,LastName_2045,user2045@example.com,United Kingdom,New York,Consumer,2022-08-26
CUST-02047,FirstName_2046,LastName_2046,user2046@example.com,United States,London,Home Office,2021-09-21
CUST-02048,FirstName_2047,LastName_2047,user2047@example.com,United Kingdom,New York,Home Office,2020-02-14
CUST-02049,FirstName_2048,LastName_2048,user2048@example.com,Canada,Manchester,Consumer,2022-01-14
CUST-02050,FirstName_2049,LastName_2049,user2049@example.com,United States,New York,Consumer,2022-03-13
CUST-02051,FirstName_2050,LastName_2050,user2050@example.com,Canada,Sydney,Home Office,2022-07-19
CUST-02052,FirstName_2051,LastName_2051,user2051@example.com,Canada,Munich,Consumer,2022-06-06
CUST-02053,FirstName_2052,LastName_2052,user2052@example.com,United States,Chicago,Consumer,2021-11-05
CUST-02054,FirstName_2053,LastName_2053,user2053@example.com,Australia,Berlin,Consumer,2021-06-17
CUST-02055,FirstName_2054,LastName_2054,user2054@example.com,Germany,Munich,Corporate,2020-11-04
CUST-02056,FirstName_2055,LastName_2055,user2055@example.com,United Kingdom,Munich,Consumer,2021-04-14
CUST-02057,FirstName_2056,LastName_2056,user2056@example.com,Canada,Los Angeles,Corporate,2021-10-20
CUST-02058,FirstName_2057,LastName_2057,user2057@example.com,Canada,Melbourne,Corporate,2022-09-14
CUST-02059,FirstName_2058,LastName_2058,user2058@example.com,United Kingdom,Melbourne,Consumer,2020-02-01
CUST-02060,FirstName_2059,LastName_2059,user2059@example.com,Canada,Toronto,Home Office,2020-03-03
CUST-02061,FirstName_2060,LastName_2060,user2060@example.com,United States,Berlin,Consumer,2021-05-05
CUST-02062,FirstName_2061,LastName_2061,user2061@example.com,Canada,Manchester,Consumer,2022-05-17
CUST-02063,FirstName_2062,LastName_2062,user2062@example.com,Germany,Chicago,Consumer,2021-02-15
CUST-02064,FirstName_2063,LastName_2063,user2063@example.com,Canada,Chicago,Consumer,2021-03-12
CUST-02065,FirstName_2064,LastName_2064,user2064@example.com,United States,Melbourne,Consumer,2021-12-03
CUST-02066,FirstName_2065,LastName_2065,user2065@example.com,Germany,Munich,Consumer,2020-04-20
CUST-02067,FirstName_2066,LastName_2066,user2066@example.com,United States,Sydney,Consumer,2021-05-17
CUST-02068,FirstName_2067,LastName_2067,user2067@example.com,United States,Toronto,Consumer,2021-12-30
CUST-02069,FirstName_2068,LastName_2068,user2068@example.com,United States,New York,Consumer,2022-07-20
CUST-02070,FirstName_2069,LastName_2069,user2069@example.com,United States,Toronto,Corporate,2021-03-30
CUST-02071,FirstName_2070,LastName_2070,user2070@example.com,Germany,Los Angeles,Consumer,2020-03-16
CUST-02072,FirstName_2071,LastName_2071,user2071@example.com,Canada,Toronto,Corporate,2022-07-09
CUST-02073,FirstName_2072,LastName_2072,user2072@example.com,United States,Munich,Consumer,2020-03-23
CUST-02074,FirstName_2073,LastName_2073,user2073@example.com,Germany,Manchester,Consumer,2020-11-25
CUST-02075,FirstName_2074,LastName_2074,user2074@example.com,Germany,Munich,Consumer,2021-09-14
CUST-02076,FirstName_2075,LastName_2075,user2075@example.com,Germany,Melbourne,Consumer,2020-05-31
CUST-02077,FirstName_2076,LastName_2076,user2076@example.com,United States,Manchester,Consumer,2020-03-08
CUST-02078,FirstName_2077,LastName_2077,user2077@example.com,Canada,London,Consumer,2020-05-09
CUST-02079,FirstName_2078,LastName_2078,user2078@example.com,Australia,Manchester,Home Office,2020-10-08
CUST-02080,FirstName_2079,LastName_2079,user2079@example.com,Germany,Toronto,Home Office,2021-10-01
CUST-02081,FirstName_2080,LastName_2080,user2080@example.com,United States,Toronto,Consumer,2021-10-10
CUST-02082,FirstName_2081,LastName_2081,user2081@example.com,United States,Toronto,Corporate,2021-08-22
CUST-02083,FirstName_2082,LastName_2082,user2082@example.com,Canada,London,Consumer,2021-07-15
CUST-02084,FirstName_2083,LastName_2083,user2083@example.com,Australia,Melbourne,Consumer,2021-12-30
CUST-02085,FirstName_2084,LastName_2084,user2084@example.com,Canada,New York,Corporate,2020-11-28
CUST-02086,FirstName_2085,LastName_2085,user2085@example.com,Canada,Berlin,Consumer,2021-01-25
CUST-02087,FirstName_2086,LastName_2086,user2086@example.com,United States,Melbourne,Consumer,2021-09-03
CUST-02088,FirstName_2087,LastName_2087,user2087@example.com,United Kingdom,Toronto,Consumer,2021-06-27
CUST-02089,FirstName_2088,LastName_2088,user2088@example.com,Germany,Melbourne,Consumer,2020-10-28
CUST-02090,FirstName_2089,LastName_2089,user2089@example.com,United States,Los Angeles,Consumer,2021-04-09
CUST-02091,FirstName_2090,LastName_2090,user2090@example.com,Germany,Chicago,Consumer,2021-06-01
CUST-02092,FirstName_2091,LastName_2091,user2091@example.com,Australia,Chicago,Consumer,2021-09-11
CUST-02093,FirstName_2092,LastName_2092,user2092@example.com,United States,Berlin,Consumer,2021-03-16
CUST-02094,FirstName_2093,LastName_2093,user2093@example.com,Canada,Berlin,Corporate,2020-04-11
CUST-02095,FirstName_2094,LastName_2094,user2094@example.com,United States,New York,Consumer,2022-03-23
CUST-02096,FirstName_2095,LastName_2095,user2095@example.com,Germany,Los Angeles,Corporate,2021-12-19
CUST-02097,FirstName_2096,LastName_2096,user2096@example.com,Canada,Munich,Corporate,2020-04-27
CUST-02098,FirstName_2097,LastName_2097,user2097@example.com,United Kingdom,Melbourne,Corporate,2022-05-23
CUST-02099,FirstName_2098,LastName_2098,user2098@example.com,Germany,Manchester,Corporate,2021-11-01
CUST-02100,FirstName_2099,LastName_2099,user2099@example.com,United States,Manchester,Consumer,2021-10-28
CUST-02101,FirstName_2100,LastName_2100,user2100@example.com,Australia,Munich,Consumer,2022-06-17
CUST-02102,FirstName_2101,LastName_2101,user2101@example.com,Canada,Chicago,Consumer,2022-02-26
CUST-02103,FirstName_2102,LastName_2102,user2102@example.com,United States,Munich,Home Office,2021-07-18
CUST-02104,FirstName_2103,LastName_2103,user2103@example.com,United Kingdom,Melbourne,Consumer,2022-01-08
CUST-02105,FirstName_2104,LastName_2104,user2104@example.com,Germany,Los Angeles,Consumer,2022-06-05
CUST-02106,FirstName_2105,LastName_2105,user2105@example.com,United States,Toronto,Consumer,2020-08-08
CUST-02107,FirstName_2106,LastName_2106,user2106@example.com,Germany,London,Home Office,2021-03-16
CUST-02108,FirstName_2107,LastName_2107,user2107@example.com,Australia,Toronto,Consumer,2021-04-07
CUST-02109,FirstName_2108,LastName_2108,user2108@example.com,United States,London,Consumer,2022-06-28
CUST-02110,FirstName_2109,LastName_2109,user2109@example.com,Australia,Manchester,Consumer,2020-08-21
CUST-02111,FirstName_2110,LastName_2110,user2110@example.com,United States,Berlin,Home Office,2021-02-27
CUST-02112,FirstName_2111,LastName_2111,user2111@example.com,United States,Melbourne,Consumer,2020-12-13
CUST-02113,FirstName_2112,LastName_2112,user2112@example.com,United States,Toronto,Consumer,2022-04-27
CUST-02114,FirstName_2113,LastName_2113,user2113@example.com,Germany,Munich,Corporate,2021-04-09
CUST-02115,FirstName_2114,LastName_2114,user2114@example.com,United Kingdom,Los Angeles,Consumer,2021-02-12
CUST-02116,FirstName_2115,LastName_2115,user2115@example.com,United States,Los Angeles,Home Office,2021-03-01
CUST-02117,FirstName_2116,LastName_2116,user2116@example.com,Canada,Chicago,Consumer,2022-01-17
CUST-02118,FirstName_2117,LastName_2117,user2117@example.com,United Kingdom,Los Angeles,Consumer,2020-04-07
CUST-02119,FirstName_2118,LastName_2118,user2118@example.com,United States,Los Angeles,Home Office,2020-11-16
CUST-02120,FirstName_2119,LastName_2119,user2119@example.com,Germany,Berlin,Home Office,2021-03-13
CUST-02121,FirstName_2120,LastName_2120,user2120@example.com,Germany,Munich,Consumer,2020-11-16
CUST-02122,FirstName_2121,LastName_2121,user2121@example.com,Canada,Manchester,Consumer,2021-11-12
CUST-02123,FirstName_2122,LastName_2122,user2122@example.com,Australia,Los Angeles,Corporate,2020-09-18
CUST-02124,FirstName_2123,LastName_2123,user2123@example.com,Canada,Manchester,Consumer,2021-01-18
CUST-02125,FirstName_2124,LastName_2124,user2124@example.com,Australia,Berlin,Home Office,2022-09-03
CUST-02126,FirstName_2125,LastName_2125,user2125@example.com,United Kingdom,Los Angeles,Home Office,2020-06-05
CUST-02127,FirstName_2126,LastName_2126,user2126@example.com,United Kingdom,Melbourne,Consumer,2021-12-04
CUST-02128,FirstName_2127,LastName_2127,user2127@example.com,United States,Chicago,Home Office,2022-08-03
CUST-02129,FirstName_2128,LastName_2128,user2128@example.com,Germany,Toronto,Consumer,2021-04-30
CUST-02130,FirstName_2129,LastName_2129,user2129@example.com,Canada,Melbourne,Corporate,2020-03-09
CUST-02131,FirstName_2130,LastName_2130,user2130@example.com,United States,Sydney,Consumer,2020-04-03
CUST-02132,FirstName_2131,LastName_2131,user2131@example.com,United States,New York,Home Office,2022-05-01
CUST-02133,FirstName_2132,LastName_2132,user2132@example.com,Canada,Los Angeles,Corporate,2020-03-28
CUST-02134,FirstName_2133,LastName_2133,user2133@example.com,Canada,Manchester,Corporate,2020-04-05
CUST-02135,FirstName_2134,LastName_2134,user2134@example.com,United Kingdom,New York,Home Office,2021-03-18
CUST-02136,FirstName_2135,LastName_2135,user2135@example.com,Germany,London,Consumer,2020-04-08
CUST-02137,FirstName_2136,LastName_2136,user2136@example.com,United States,Los Angeles,Consumer,2022-02-01
CUST-02138,FirstName_2137,LastName_2137,user2137@example.com,United Kingdom,Sydney,Home Office,2022-01-26
CUST-02139,FirstName_2138,LastName_2138,user2138@example.com,United States,Berlin,Corporate,2021-01-16
CUST-02140,FirstName_2139,LastName_2139,user2139@example.com,Germany,Chicago,Home Office,2022-04-11
CUST-02141,FirstName_2140,LastName_2140,user2140@example.com,Germany,Sydney,Home Office,2020-05-13
CUST-02142,FirstName_2141,LastName_2141,user2141@example.com,Canada,Manchester,Consumer,2021-07-23
CUST-02143,FirstName_2142,LastName_2142,user2142@example.com,United Kingdom,Berlin,Consumer,2020-03-02
CUST-02144,FirstName_2143,LastName_2143,user2143@example.com,United States,Toronto,Consumer,2021-08-23
CUST-02145,FirstName_2144,LastName_2144,user2144@example.com,Canada,Berlin,Corporate,2022-09-06
CUST-02146,FirstName_2145,LastName_2145,user2145@example.com,Germany,Los Angeles,Consumer,2021-07-29
CUST-02147,FirstName_2146,LastName_2146,user2146@example.com,Canada,New York,Corporate,2021-07-29
CUST-02148,FirstName_2147,LastName_2147,user2147@example.com,United States,New York,Consumer,2020-12-03
CUST-02149,FirstName_2148,LastName_2148,user2148@example.com,Canada,Manchester,Consumer,2021-11-17
CUST-02150,FirstName_2149,LastName_2149,user2149@example.com,Germany,Berlin,Consumer,2020-05-05
CUST-02151,FirstName_2150,LastName_2150,user2150@example.com,United States,Sydney,Consumer,2021-02-24
CUST-02152,FirstName_2151,LastName_2151,user2151@example.com,United States,Manchester,Corporate,2020-12-28
CUST-02153,FirstName_2152,LastName_2152,user2152@example.com,United Kingdom,Chicago,Consumer,2022-06-13
CUST-02154,FirstName_2153,LastName_2153,user2153@example.com,Germany,Manchester,Consumer,2021-11-12
CUST-02155,FirstName_2154,LastName_2154,user2154@example.com,United States,Manchester,Consumer,2022-08-21
CUST-02156,FirstName_2155,LastName_2155,user2155@example.com,United States,Toronto,Corporate,2022-02-07
CUST-02157,FirstName_2156,LastName_2156,user2156@example.com,United States,Melbourne,Corporate,2021-03-09
CUST-02158,FirstName_2157,LastName_2157,user2157@example.com,United States,Los Angeles,Consumer,2022-06-07
CUST-02159,FirstName_2158,LastName_2158,user2158@example.com,Canada,Toronto,Corporate,2022-07-26
CUST-02160,FirstName_2159,LastName_2159,user2159@example.com,United Kingdom,New York,Consumer,2022-01-08
CUST-02161,FirstName_2160,LastName_2160,user2160@example.com,United Kingdom,New York,Consumer,2020-02-22
CUST-02162,FirstName_2161,LastName_2161,user2161@example.com,United Kingdom,London,Corporate,2022-09-18
CUST-02163,FirstName_2162,LastName_2162,user2162@example.com,United States,London,Consumer,2020-10-21
CUST-02164,FirstName_2163,LastName_2163,user2163@example.com,Germany,Sydney,Corporate,2021-09-06
CUST-02165,FirstName_2164,LastName_2164,user2164@example.com,Canada,New York,Consumer,2020-11-15
CUST-02166,FirstName_2165,LastName_2165,user2165@example.com,Australia,Melbourne,Home Office,2020-12-26
CUST-02167,FirstName_2166,LastName_2166,user2166@example.com,United Kingdom,Toronto,Consumer,2020-04-16
CUST-02168,FirstName_2167,LastName_2167,user2167@example.com,United States,Chicago,Consumer,2021-08-14
CUST-02169,FirstName_2168,LastName_2168,user2168@example.com,United Kingdom,Melbourne,Home Office,2021-06-03
CUST-02170,FirstName_2169,LastName_2169,user2169@example.com,United States,London,Consumer,2020-08-05
CUST-02171,FirstName_2170,LastName_2170,user2170@example.com,United Kingdom,Berlin,Consumer,2020-06-07
CUST-02172,FirstName_2171,LastName_2171,user2171@example.com,United States,Melbourne,Consumer,2021-11-03
CUST-02173,FirstName_2172,LastName_2172,user2172@example.com,United States,Melbourne,Consumer,2021-05-08
CUST-02174,FirstName_2173,LastName_2173,user2173@example.com,Germany,Melbourne,Consumer,2020-08-17
CUST-02175,FirstName_2174,LastName_2174,user2174@example.com,United States,Melbourne,Consumer,2022-05-17
CUST-02176,FirstName_2175,LastName_2175,user2175@example.com,Germany,Melbourne,Corporate,2020-04-20
CUST-02177,FirstName_2176,LastName_2176,user2176@example.com,United States,London,Consumer,2020-12-24
CUST-02178,FirstName_2177,LastName_2177,user2177@example.com,United Kingdom,New York,Corporate,2022-05-15
CUST-02179,FirstName_2178,LastName_2178,user2178@example.com,United Kingdom,Manchester,Consumer,2021-07-23
CUST-02180,FirstName_2179,LastName_2179,user2179@example.com,Canada,Melbourne,Consumer,2021-01-11
CUST-02181,FirstName_2180,LastName_2180,user2180@example.com,United States,Melbourne,Consumer,2020-04-27
CUST-02182,FirstName_2181,LastName_2181,user2181@example.com,United States,Los Angeles,Consumer,2022-02-19
CUST-02183,FirstName_2182,LastName_2182,user2182@example.com,United States,New York,Consumer,2020-10-12
CUST-02184,FirstName_2183,LastName_2183,user2183@example.com,United States,Manchester,Consumer,2021-08-10
CUST-02185,FirstName_2184,LastName_2184,user2184@example.com,United Kingdom,Chicago,Consumer,2020-08-19
CUST-02186,FirstName_2185,LastName_2185,user2185@example.com,Australia,Chicago,Consumer,2022-04-06
CUST-02187,FirstName_2186,LastName_2186,user2186@example.com,Germany,Berlin,Consumer,2021-03-15
CUST-02188,FirstName_2187,LastName_2187,user2187@example.com,Germany,Munich,Consumer,2022-05-15
CUST-02189,FirstName_2188,LastName_2188,user2188@example.com,Germany,Toronto,Corporate,2021-07-28
CUST-02190,FirstName_2189,LastName_2189,user2189@example.com,United Kingdom,Los Angeles,Consumer,2022-09-24
CUST-02191,FirstName_2190,LastName_2190,user2190@example.com,United States,New York,Consumer,2022-02-24
CUST-02192,FirstName_2191,LastName_2191,user2191@example.com,Australia,New York,Consumer,2022-04-18
CUST-02193,FirstName_2192,LastName_2192,user2192@example.com,United Kingdom,Munich,Consumer,2021-09-28
CUST-02194,FirstName_2193,LastName_2193,user2193@example.com,Canada,Berlin,Consumer,2021-09-20
CUST-02195,FirstName_2194,LastName_2194,user2194@example.com,United States,Sydney,Home Office,2021-11-22
CUST-02196,FirstName_2195,LastName_2195,user2195@example.com,Canada,London,Corporate,2021-10-20
CUST-02197,FirstName_2196,LastName_2196,user2196@example.com,Canada,Berlin,Corporate,2021-07-24
CUST-02198,FirstName_2197,LastName_2197,user2197@example.com,Germany,Manchester,Corporate,2020-01-27
CUST-02199,FirstName_2198,LastName_2198,user2198@example.com,Canada,Berlin,Consumer,2021-09-15
CUST-02200,FirstName_2199,LastName_2199,user2199@example.com,United States,Munich,Consumer,2022-08-09
CUST-02201,FirstName_2200,LastName_2200,user2200@example.com,Australia,Munich,Corporate,2021-11-04
CUST-02202,FirstName_2201,LastName_2201,user2201@example.com,United States,Toronto,Consumer,2022-04-29
CUST-02203,FirstName_2202,LastName_2202,user2202@example.com,Canada,Los Angeles,Consumer,2021-12-11
CUST-02204,FirstName_2203,LastName_2203,user2203@example.com,United States,Melbourne,Corporate,2020-09-30
CUST-02205,FirstName_2204,LastName_2204,user2204@example.com,United Kingdom,Chicago,Corporate,2020-01-30
CUST-02206,FirstName_2205,LastName_2205,user2205@example.com,Australia,Munich,Consumer,2020-07-03
CUST-02207,FirstName_2206,LastName_2206,user2206@example.com,United States,Toronto,Consumer,2020-10-06
CUST-02208,FirstName_2207,LastName_2207,user2207@example.com,Germany,London,Corporate,2021-12-20
CUST-02209,FirstName_2208,LastName_2208,user2208@example.com,United States,Chicago,Corporate,2022-02-19
CUST-02210,FirstName_2209,LastName_2209,user2209@example.com,Australia,Sydney,Corporate,2020-11-12
CUST-02211,FirstName_2210,LastName_2210,user2210@example.com,Germany,New York,Home Office,2022-08-01
CUST-02212,FirstName_2211,LastName_2211,user2211@example.com,Germany,London,Consumer,2020-12-13
CUST-02213,FirstName_2212,LastName_2212,user2212@example.com,United States,Sydney,Consumer,2020-12-25
CUST-02214,FirstName_2213,LastName_2213,user2213@example.com,Australia,Chicago,Consumer,2020-01-07
CUST-02215,FirstName_2214,LastName_2214,user2214@example.com,United Kingdom,London,Consumer,2020-07-04
CUST-02216,FirstName_2215,LastName_2215,user2215@example.com,United States,Toronto,Home Office,2022-06-09
CUST-02217,FirstName_2216,LastName_2216,user2216@example.com,Germany,Sydney,Home Office,2020-05-26
CUST-02218,FirstName_2217,LastName_2217,user2217@example.com,United States,New York,Consumer,2021-08-02
CUST-02219,FirstName_2218,LastName_2218,user2218@example.com,Germany,Melbourne,Consumer,2021-11-04
CUST-02220,FirstName_2219,LastName_2219,user2219@example.com,United States,Toronto,Consumer,2021-02-14
CUST-02221,FirstName_2220,LastName_2220,user2220@example.com,United Kingdom,Manchester,Corporate,2020-03-12
CUST-02222,FirstName_2221,LastName_2221,user2221@example.com,Canada,New York,Consumer,2020-05-25
CUST-02223,FirstName_2222,LastName_2222,user2222@example.com,United States,Los Angeles,Consumer,2022-01-28
CUST-02224,FirstName_2223,LastName_2223,user2223@example.com,United States,Berlin,Consumer,2021-10-10
CUST-02225,FirstName_2224,LastName_2224,user2224@example.com,United States,Los Angeles,Consumer,2022-09-22
CUST-02226,FirstName_2225,LastName_2225,user2225@example.com,Canada,Munich,Home Office,2020-02-01
CUST-02227,FirstName_2226,LastName_2226,user2226@example.com,United States,Melbourne,Consumer,2020-04-03
CUST-02228,FirstName_2227,LastName_2227,user2227@example.com,Canada,Manchester,Consumer,2022-02-03
CUST-02229,FirstName_2228,LastName_2228,user2228@example.com,United States,Manchester,Consumer,2021-06-27
CUST-02230,FirstName_2229,LastName_2229,user2229@example.com,United States,Berlin,Consumer,2020-08-08
CUST-02231,FirstName_2230,LastName_2230,user2230@example.com,United Kingdom,Sydney,Corporate,2021-01-20
CUST-02232,FirstName_2231,LastName_2231,user2231@example.com,United States,Berlin,Consumer,2021-03-05
CUST-02233,FirstName_2232,LastName_2232,user2232@example.com,Australia,Munich,Consumer,2021-04-09
CUST-02234,FirstName_2233,LastName_2233,user2233@example.com,Germany,Los Angeles,Corporate,2020-12-15
CUST-02235,FirstName_2234,LastName_2234,user2234@example.com,United Kingdom,Manchester,Consumer,2020-06-10
CUST-02236,FirstName_2235,LastName_2235,user2235@example.com,Canada,Los Angeles,Corporate,2021-01-13
CUST-02237,FirstName_2236,LastName_2236,user2236@example.com,Germany,New York,Consumer,2020-11-15
CUST-02238,FirstName_2237,LastName_2237,user2237@example.com,United States,Melbourne,Consumer,2022-01-08
CUST-02239,FirstName_2238,LastName_2238,user2238@example.com,United States,London,Corporate,2020-11-28
CUST-02240,FirstName_2239,LastName_2239,user2239@example.com,United States,Munich,Corporate,2022-03-06
CUST-02241,FirstName_2240,LastName_2240,user2240@example.com,Germany,London,Consumer,2022-08-22
CUST-02242,FirstName_2241,LastName_2241,user2241@example.com,United States,Munich,Consumer,2021-08-04
CUST-02243,FirstName_2242,LastName_2242,user2242@example.com,Canada,Chicago,Consumer,2021-09-02
CUST-02244,FirstName_2243,LastName_2243,user2243@example.com,Australia,Melbourne,Consumer,2020-03-27
CUST-02245,FirstName_2244,LastName_2244,user2244@example.com,Germany,New York,Consumer,2022-06-23
CUST-02246,FirstName_2245,LastName_2245,user2245@example.com,Canada,Melbourne,Corporate,2020-02-23
CUST-02247,FirstName_2246,LastName_2246,user2246@example.com,United States,Sydney,Consumer,2020-06-08
CUST-02248,FirstName_2247,LastName_2247,user2247@example.com,Germany,Munich,Consumer,2020-06-10
CUST-02249,FirstName_2248,LastName_2248,user2248@example.com,Canada,London,Consumer,2022-02-11
CUST-02250,FirstName_2249,LastName_2249,user2249@example.com,United States,Munich,Consumer,2021-09-24
CUST-02251,FirstName_2250,LastName_2250,user2250@example.com,United States,Sydney,Corporate,2020-02-20
CUST-02252,FirstName_2251,LastName_2251,user2251@example.com,Australia,Munich,Consumer,2021-11-21
CUST-02253,FirstName_2252,LastName_2252,user2252@example.com,United Kingdom,Melbourne,Consumer,2020-03-24
CUST-02254,FirstName_2253,LastName_2253,user2253@example.com,Germany,Toronto,Home Office,2020-10-05
CUST-02255,FirstName_2254,LastName_2254,user2254@example.com,Germany,Munich,Consumer,2021-03-29
CUST-02256,FirstName_2255,LastName_2255,user2255@example.com,Canada,Chicago,Consumer,2021-11-08
CUST-02257,FirstName_2256,LastName_2256,user2256@example.com,Canada,Chicago,Consumer,2021-03-10
CUST-02258,FirstName_2257,LastName_2257,user2257@example.com,Canada,Manchester,Home Office,2021-05-12
CUST-02259,FirstName_2258,LastName_2258,user2258@example.com,United States,Chicago,Home Office,2021-09-13
CUST-02260,FirstName_2259,LastName_2259,user2259@example.com,Canada,Munich,Consumer,2021-03-28
CUST-02261,FirstName_2260,LastName_2260,user2260@example.com,Germany,Munich,Consumer,2021-02-28
CUST-02262,FirstName_2261,LastName_2261,user2261@example.com,United Kingdom,Toronto,Home Office,2020-10-06
CUST-02263,FirstName_2262,LastName_2262,user2262@example.com,Germany,Chicago,Consumer,2020-08-08
CUST-02264,FirstName_2263,LastName_2263,user2263@example.com,Canada,Los Angeles,Consumer,2022-02-12
CUST-02265,FirstName_2264,LastName_2264,user2264@example.com,United Kingdom,Munich,Corporate,2021-06-08
CUST-02266,FirstName_2265,LastName_2265,user2265@example.com,United Kingdom,New York,Consumer,2020-04-26
CUST-02267,FirstName_2266,LastName_2266,user2266@example.com,Canada,New York,Consumer,2020-12-19
CUST-02268,FirstName_2267,LastName_2267,user2267@example.com,United Kingdom,London,Corporate,2021-03-16
CUST-02269,FirstName_2268,LastName_2268,user2268@example.com,United States,Toronto,Consumer,2020-04-23
CUST-02270,FirstName_2269,LastName_2269,user2269@example.com,Canada,Sydney,Consumer,2020-10-17
CUST-02271,FirstName_2270,LastName_2270,user2270@example.com,United States,Los Angeles,Consumer,2021-11-25
CUST-02272,FirstName_2271,LastName_2271,user2271@example.com,United States,Munich,Consumer,2021-11-25
CUST-02273,FirstName_2272,LastName_2272,user2272@example.com,Canada,Melbourne,Consumer,2021-08-30
CUST-02274,FirstName_2273,LastName_2273,user2273@example.com,United Kingdom,Berlin,Consumer,2021-05-13
CUST-02275,FirstName_2274,LastName_2274,user2274@example.com,Australia,Berlin,Corporate,2021-06-23
CUST-02276,FirstName_2275,LastName_2275,user2275@example.com,United Kingdom,Sydney,Home Office,2021-11-14
CUST-02277,FirstName_2276,LastName_2276,user2276@example.com,United Kingdom,Manchester,Consumer,2020-11-11
CUST-02278,FirstName_2277,LastName_2277,user2277@example.com,Canada,Melbourne,Corporate,2020-02-16
CUST-02279,FirstName_2278,LastName_2278,user2278@example.com,United Kingdom,Berlin,Corporate,2020-08-13
CUST-02280,FirstName_2279,LastName_2279,user2279@example.com,United States,Sydney,Corporate,2021-02-08
CUST-02281,FirstName_2280,LastName_2280,user2280@example.com,United States,Berlin,Consumer,2021-09-05
CUST-02282,FirstName_2281,LastName_2281,user2281@example.com,United States,Toronto,Home Office,2020-02-26
CUST-02283,FirstName_2282,LastName_2282,user2282@example.com,Canada,London,Consumer,2020-01-08
CUST-02284,FirstName_2283,LastName_2283,user2283@example.com,United States,Manchester,Consumer,2020-07-28
CUST-02285,FirstName_2284,LastName_2284,user2284@example.com,United States,Toronto,Consumer,2020-11-04
CUST-02286,FirstName_2285,LastName_2285,user2285@example.com,United States,Melbourne,Corporate,2022-08-26
CUST-02287,FirstName_2286,LastName_2286,user2286@example.com,Australia,Sydney,Consumer,2020-08-04
CUST-02288,FirstName_2287,LastName_2287,user2287@example.com,United States,Los Angeles,Consumer,2022-02-24
CUST-02289,FirstName_2288,LastName_2288,user2288@example.com,Canada,Melbourne,Corporate,2020-05-20
CUST-02290,FirstName_2289,LastName_2289,user2289@example.com,United States,Melbourne,Home Office,2022-02-21
CUST-02291,FirstName_2290,LastName_2290,user2290@example.com,United Kingdom,Chicago,Corporate,2020-09-18
CUST-02292,FirstName_2291,LastName_2291,user2291@example.com,United States,Los Angeles,Consumer,2020-10-23
CUST-02293,FirstName_2292,LastName_2292,user2292@example.com,United States,New York,Consumer,2020-12-01
CUST-02294,FirstName_2293,LastName_2293,user2293@example.com,Canada,Chicago,Corporate,2020-05-02
CUST-02295,FirstName_2294,LastName_2294,user2294@example.com,United States,Sydney,Consumer,2020-01-08
CUST-02296,FirstName_2295,LastName_2295,user2295@example.com,United States,New York,Corporate,2021-05-24
CUST-02297,FirstName_2296,LastName_2296,user2296@example.com,United States,Berlin,Consumer,2022-02-03
CUST-02298,FirstName_2297,LastName_2297,user2297@example.com,United States,Berlin,Home Office,2021-03-16
CUST-02299,FirstName_2298,LastName_2298,user2298@example.com,United States,Melbourne,Consumer,2020-06-28
CUST-02300,FirstName_2299,LastName_2299,user2299@example.com,United States,Chicago,Consumer,2020-05-12
CUST-02301,FirstName_2300,LastName_2300,user2300@example.com,Germany,Munich,Home Office,2021-01-24
CUST-02302,FirstName_2301,LastName_2301,user2301@example.com,Canada,Los Angeles,Consumer,2021-06-29
CUST-02303,FirstName_2302,LastName_2302,user2302@example.com,Canada,New York,Consumer,2021-12-21
CUST-02304,FirstName_2303,LastName_2303,user2303@example.com,United States,Los Angeles,Corporate,2020-08-23
CUST-02305,FirstName_2304,LastName_2304,user2304@example.com,Australia,Chicago,Consumer,2021-05-27
CUST-02306,FirstName_2305,LastName_2305,user2305@example.com,United States,Melbourne,Consumer,2021-07-26
CUST-02307,FirstName_2306,LastName_2306,user2306@example.com,United States,Toronto,Consumer,2022-05-03
CUST-02308,FirstName_2307,LastName_2307,user2307@example.com,United Kingdom,Berlin,Consumer,2021-11-15
CUST-02309,FirstName_2308,LastName_2308,user2308@example.com,United States,New York,Consumer,2022-04-05
CUST-02310,FirstName_2309,LastName_2309,user2309@example.com,United States,New York,Corporate,2020-12-28
CUST-02311,FirstName_2310,LastName_2310,user2310@example.com,Canada,Sydney,Corporate,2020-03-14
CUST-02312,FirstName_2311,LastName_2311,user2311@example.com,Germany,New York,Consumer,2021-02-10
CUST-02313,FirstName_2312,LastName_2312,user2312@example.com,Canada,Chicago,Consumer,2022-06-01
CUST-02314,FirstName_2313,LastName_2313,user2313@example.com,United Kingdom,New York,Home Office,2022-01-29
CUST-02315,FirstName_2314,LastName_2314,user2314@example.com,Australia,New York,Home Office,2020-02-13
CUST-02316,FirstName_2315,LastName_2315,user2315@example.com,United States,Los Angeles,Consumer,2021-03-22
CUST-02317,FirstName_2316,LastName_2316,user2316@example.com,United States,Melbourne,Corporate,2020-01-20
CUST-02318,FirstName_2317,LastName_2317,user2317@example.com,United States,London,Corporate,2021-04-15
CUST-02319,FirstName_2318,LastName_2318,user2318@example.com,Canada,New York,Consumer,2022-08-01
CUST-02320,FirstName_2319,LastName_2319,user2319@example.com,Canada,Munich,Consumer,2020-03-20
CUST-02321,FirstName_2320,LastName_2320,user2320@example.com,Australia,Melbourne,Consumer,2022-06-01
CUST-02322,FirstName_2321,LastName_2321,user2321@example.com,United Kingdom,Manchester,Corporate,2020-11-16
CUST-02323,FirstName_2322,LastName_2322,user2322@example.com,United Kingdom,Sydney,Corporate,2021-08-12
CUST-02324,FirstName_2323,LastName_2323,user2323@example.com,United States,Los Angeles,Corporate,2021-03-15
CUST-02325,FirstName_2324,LastName_2324,user2324@example.com,Germany,Sydney,Consumer,2021-08-10
CUST-02326,FirstName_2325,LastName_2325,user2325@example.com,Australia,Toronto,Corporate,2021-02-18
CUST-02327,FirstName_2326,LastName_2326,user2326@example.com,Germany,New York,Corporate,2021-12-27
CUST-02328,FirstName_2327,LastName_2327,user2327@example.com,United States,Berlin,Home Office,2021-10-17
CUST-02329,FirstName_2328,LastName_2328,user2328@example.com,United Kingdom,Munich,Consumer,2021-03-03
CUST-02330,FirstName_2329,LastName_2329,user2329@example.com,United States,Los Angeles,Corporate,2020-10-23
CUST-02331,FirstName_2330,LastName_2330,user2330@example.com,United States,Sydney,Consumer,2020-04-27
CUST-02332,FirstName_2331,LastName_2331,user2331@example.com,United States,New York,Corporate,2021-02-18
CUST-02333,FirstName_2332,LastName_2332,user2332@example.com,United Kingdom,Berlin,Corporate,2020-01-22
CUST-02334,FirstName_2333,LastName_2333,user2333@example.com,United Kingdom,Berlin,Consumer,2022-09-16
CUST-02335,FirstName_2334,LastName_2334,user2334@example.com,United States,Toronto,Corporate,2020-11-28
CUST-02336,FirstName_2335,LastName_2335,user2335@example.com,United States,Melbourne,Consumer,2020-06-24
CUST-02337,FirstName_2336,LastName_2336,user2336@example.com,Canada,Munich,Corporate,2022-03-31
CUST-02338,FirstName_2337,LastName_2337,user2337@example.com,United States,London,Consumer,2022-08-28
CUST-02339,FirstName_2338,LastName_2338,user2338@example.com,United States,Munich,Corporate,2021-09-24
CUST-02340,FirstName_2339,LastName_2339,user2339@example.com,Canada,Toronto,Home Office,2021-04-16
CUST-02341,FirstName_2340,LastName_2340,user2340@example.com,Germany,Chicago,Consumer,2022-05-01
CUST-02342,FirstName_2341,LastName_2341,user2341@example.com,United States,Melbourne,Consumer,2021-12-07
CUST-02343,FirstName_2342,LastName_2342,user2342@example.com,United States,Los Angeles,Consumer,2022-07-30
CUST-02344,FirstName_2343,LastName_2343,user2343@example.com,United States,Melbourne,Consumer,2021-01-05
CUST-02345,FirstName_2344,LastName_2344,user2344@example.com,Australia,Toronto,Consumer,2020-03-31
CUST-02346,FirstName_2345,LastName_2345,user2345@example.com,United Kingdom,Toronto,Corporate,2021-03-23
CUST-02347,FirstName_2346,LastName_2346,user2346@example.com,United Kingdom,Los Angeles,Home Office,2022-05-14
CUST-02348,FirstName_2347,LastName_2347,user2347@example.com,United States,Los Angeles,Home Office,2020-04-18
CUST-02349,FirstName_2348,LastName_2348,user2348@example.com,Canada,Los Angeles,Consumer,2020-09-06
CUST-02350,FirstName_2349,LastName_2349,user2349@example.com,United States,Melbourne,Corporate,2021-03-22
CUST-02351,FirstName_2350,LastName_2350,user2350@example.com,United Kingdom,New York,Corporate,2021-08-26
CUST-02352,FirstName_2351,LastName_2351,user2351@example.com,Australia,Sydney,Consumer,2021-02-14
CUST-02353,FirstName_2352,LastName_2352,user2352@example.com,United Kingdom,Manchester,Consumer,2021-06-20
CUST-02354,FirstName_2353,LastName_2353,user2353@example.com,Germany,Los Angeles,Consumer,2020-03-21
CUST-02355,FirstName_2354,LastName_2354,user2354@example.com,United Kingdom,Sydney,Corporate,2021-02-09
CUST-02356,FirstName_2355,LastName_2355,user2355@example.com,United States,Manchester,Consumer,2022-06-10
CUST-02357,FirstName_2356,LastName_2356,user2356@example.com,Australia,Melbourne,Corporate,2020-11-13
CUST-02358,FirstName_2357,LastName_2357,user2357@example.com,United States,Sydney,Consumer,2022-02-02
CUST-02359,FirstName_2358,LastName_2358,user2358@example.com,Canada,Los Angeles,Home Office,2020-12-13
CUST-02360,FirstName_2359,LastName_2359,user2359@example.com,United States,London,Consumer,2020-08-14
CUST-02361,FirstName_2360,LastName_2360,user2360@example.com,United States,Toronto,Corporate,2020-12-07
CUST-02362,FirstName_2361,LastName_2361,user2361@example.com,Canada,Sydney,Consumer,2022-03-08
CUST-02363,FirstName_2362,LastName_2362,user2362@example.com,United States,Berlin,Consumer,2020-06-21
CUST-02364,FirstName_2363,LastName_2363,user2363@example.com,Canada,Berlin,Corporate,2020-03-19
CUST-02365,FirstName_2364,LastName_2364,user2364@example.com,Canada,Sydney,Home Office,2021-06-06
CUST-02366,FirstName_2365,LastName_2365,user2365@example.com,United States,Los Angeles,Consumer,2021-10-10
CUST-02367,FirstName_2366,LastName_2366,user2366@example.com,United States,Munich,Consumer,2020-04-26
CUST-02368,FirstName_2367,LastName_2367,user2367@example.com,Canada,Los Angeles,Consumer,2021-06-27
CUST-02369,FirstName_2368,LastName_2368,user2368@example.com,United States,Melbourne,Consumer,2021-06-06
CUST-02370,FirstName_2369,LastName_2369,user2369@example.com,United Kingdom,Los Angeles,Consumer,2020-07-17
CUST-02371,FirstName_2370,LastName_2370,user2370@example.com,United Kingdom,Melbourne,Corporate,2022-07-16
CUST-02372,FirstName_2371,LastName_2371,user2371@example.com,Germany,Munich,Home Office,2022-03-05
CUST-02373,FirstName_2372,LastName_2372,user2372@example.com,United Kingdom,London,Consumer,2020-12-23
CUST-02374,FirstName_2373,LastName_2373,user2373@example.com,Canada,Melbourne,Consumer,2020-12-25
CUST-02375,FirstName_2374,LastName_2374,user2374@example.com,United Kingdom,Chicago,Consumer,2022-01-14
CUST-02376,FirstName_2375,LastName_2375,user2375@example.com,United States,Berlin,Consumer,2022-09-08
CUST-02377,FirstName_2376,LastName_2376,user2376@example.com,United States,Toronto,Consumer,2022-04-18
CUST-02378,FirstName_2377,LastName_2377,user2377@example.com,Germany,Berlin,Consumer,2021-10-22
CUST-02379,FirstName_2378,LastName_2378,user2378@example.com,Canada,Melbourne,Consumer,2022-04-14
CUST-02380,FirstName_2379,LastName_2379,user2379@example.com,Germany,Chicago,Consumer,2020-05-31
CUST-02381,FirstName_2380,LastName_2380,user2380@example.com,Germany,New York,Consumer,2020-08-29
CUST-02382,FirstName_2381,LastName_2381,user2381@example.com,Germany,London,Consumer,2020-04-15
CUST-02383,FirstName_2382,LastName_2382,user2382@example.com,Australia,London,Consumer,2020-05-29
CUST-02384,FirstName_2383,LastName_2383,user2383@example.com,Canada,New York,Home Office,2020-09-19
CUST-02385,FirstName_2384,LastName_2384,user2384@example.com,United States,Toronto,Corporate,2020-07-21
CUST-02386,FirstName_2385,LastName_2385,user2385@example.com,Canada,Munich,Home Office,2020-06-26
CUST-02387,FirstName_2386,LastName_2386,user2386@example.com,United States,Manchester,Consumer,2021-09-08
CUST-02388,FirstName_2387,LastName_2387,user2387@example.com,United Kingdom,Chicago,Consumer,2020-06-05
CUST-02389,FirstName_2388,LastName_2388,user2388@example.com,United Kingdom,Melbourne,Consumer,2022-02-17
CUST-02390,FirstName_2389,LastName_2389,user2389@example.com,United Kingdom,Manchester,Consumer,2022-02-16
CUST-02391,FirstName_2390,LastName_2390,user2390@example.com,United States,Toronto,Corporate,2021-11-02
CUST-02392,FirstName_2391,LastName_2391,user2391@example.com,United States,Munich,Consumer,2020-03-18
CUST-02393,FirstName_2392,LastName_2392,user2392@example.com,Canada,London,Consumer,2020-06-30
CUST-02394,FirstName_2393,LastName_2393,user2393@example.com,United States,Melbourne,Consumer,2022-09-01
CUST-02395,FirstName_2394,LastName_2394,user2394@example.com,Germany,Melbourne,Consumer,2022-03-02
CUST-02396,FirstName_2395,LastName_2395,user2395@example.com,United States,Munich,Home Office,2021-10-05
CUST-02397,FirstName_2396,LastName_2396,user2396@example.com,United States,Berlin,Consumer,2021-05-20
CUST-02398,FirstName_2397,LastName_2397,user2397@example.com,United States,Chicago,Corporate,2021-04-20
CUST-02399,FirstName_2398,LastName_2398,user2398@example.com,United Kingdom,Munich,Consumer,2022-02-11
CUST-02400,FirstName_2399,LastName_2399,user2399@example.com,United Kingdom,Los Angeles,Home Office,2021-07-31
CUST-02401,FirstName_2400,LastName_2400,user2400@example.com,United States,Los Angeles,Consumer,2022-02-17
CUST-02402,FirstName_2401,LastName_2401,user2401@example.com,United States,Munich,Corporate,2021-08-16
CUST-02403,FirstName_2402,LastName_2402,user2402@example.com,Canada,London,Consumer,2021-04-04
CUST-02404,FirstName_2403,LastName_2403,user2403@example.com,United States,Munich,Corporate,2021-11-28
CUST-02405,FirstName_2404,LastName_2404,user2404@example.com,United Kingdom,Sydney,Consumer,2022-08-04
CUST-02406,FirstName_2405,LastName_2405,user2405@example.com,United Kingdom,Toronto,Consumer,2022-06-22
CUST-02407,FirstName_2406,LastName_2406,user2406@example.com,United States,Los Angeles,Home Office,2021-08-01
CUST-02408,FirstName_2407,LastName_2407,user2407@example.com,United States,Manchester,Home Office,2021-10-20
CUST-02409,FirstName_2408,LastName_2408,user2408@example.com,Australia,Munich,Consumer,2021-10-12
CUST-02410,FirstName_2409,LastName_2409,user2409@example.com,Canada,Los Angeles,Corporate,2021-10-01
CUST-02411,FirstName_2410,LastName_2410,user2410@example.com,United Kingdom,Toronto,Consumer,2020-11-26
CUST-02412,FirstName_2411,LastName_2411,user2411@example.com,United States,Toronto,Corporate,2022-06-03
CUST-02413,FirstName_2412,LastName_2412,user2412@example.com,Canada,Manchester,Corporate,2022-09-21
CUST-02414,FirstName_2413,LastName_2413,user2413@example.com,United States,Melbourne,Consumer,2021-10-04
CUST-02415,FirstName_2414,LastName_2414,user2414@example.com,Canada,Sydney,Home Office,2020-11-19
CUST-02416,FirstName_2415,LastName_2415,user2415@example.com,Australia,Munich,Corporate,2020-06-03
CUST-02417,FirstName_2416,LastName_2416,user2416@example.com,United States,New York,Consumer,2021-03-26
CUST-02418,FirstName_2417,LastName_2417,user2417@example.com,United States,Munich,Corporate,2020-03-10
CUST-02419,FirstName_2418,LastName_2418,user2418@example.com,United States,Melbourne,Consumer,2021-04-25
CUST-02420,FirstName_2419,LastName_2419,user2419@example.com,United States,Chicago,Corporate,2021-03-28
CUST-02421,FirstName_2420,LastName_2420,user2420@example.com,United States,Berlin,Corporate,2021-10-08
CUST-02422,FirstName_2421,LastName_2421,user2421@example.com,United States,London,Consumer,2020-11-06
CUST-02423,FirstName_2422,LastName_2422,user2422@example.com,Germany,Melbourne,Corporate,2022-03-26
CUST-02424,FirstName_2423,LastName_2423,user2423@example.com,Canada,Toronto,Consumer,2020-10-08
CUST-02425,FirstName_2424,LastName_2424,user2424@example.com,United States,New York,Consumer,2021-08-28
CUST-02426,FirstName_2425,LastName_2425,user2425@example.com,Australia,London,Consumer,2020-02-27
CUST-02427,FirstName_2426,LastName_2426,user2426@example.com,United States,Los Angeles,Consumer,2020-12-26
CUST-02428,FirstName_2427,LastName_2427,user2427@example.com,Australia,Munich,Corporate,2021-06-03
CUST-02429,FirstName_2428,LastName_2428,user2428@example.com,United States,London,Consumer,2020-03-16
CUST-02430,FirstName_2429,LastName_2429,user2429@example.com,Germany,Los Angeles,Consumer,2020-11-13
CUST-02431,FirstName_2430,LastName_2430,user2430@example.com,United Kingdom,Berlin,Corporate,2021-04-17
CUST-02432,FirstName_2431,LastName_2431,user2431@example.com,Germany,Los Angeles,Consumer,2021-04-07
CUST-02433,FirstName_2432,LastName_2432,user2432@example.com,Australia,New York,Consumer,2020-02-08
CUST-02434,FirstName_2433,LastName_2433,user2433@example.com,United States,Toronto,Consumer,2020-02-28
CUST-02435,FirstName_2434,LastName_2434,user2434@example.com,Australia,Melbourne,Corporate,2021-01-12
CUST-02436,FirstName_2435,LastName_2435,user2435@example.com,United States,Manchester,Consumer,2022-05-01
CUST-02437,FirstName_2436,LastName_2436,user2436@example.com,United States,Melbourne,Consumer,2020-10-20
CUST-02438,FirstName_2437,LastName_2437,user2437@example.com,United States,Melbourne,Consumer,2020-03-19
CUST-02439,FirstName_2438,LastName_2438,user2438@example.com,Canada,Los Angeles,Corporate,2021-10-22
CUST-02440,FirstName_2439,LastName_2439,user2439@example.com,United States,Munich,Consumer,2022-06-03
CUST-02441,FirstName_2440,LastName_2440,user2440@example.com,Canada,London,Home Office,2022-09-27
CUST-02442,FirstName_2441,LastName_2441,user2441@example.com,Canada,Manchester,Corporate,2022-05-25
CUST-02443,FirstName_2442,LastName_2442,user2442@example.com,Germany,Manchester,Home Office,2020-04-02
CUST-02444,FirstName_2443,LastName_2443,user2443@example.com,Germany,London,Consumer,2021-09-21
CUST-02445,FirstName_2444,LastName_2444,user2444@example.com,Canada,London,Consumer,2021-08-31
CUST-02446,FirstName_2445,LastName_2445,user2445@example.com,United States,Toronto,Home Office,2021-06-03
CUST-02447,FirstName_2446,LastName_2446,user2446@example.com,United States,New York,Consumer,2021-01-28
CUST-02448,FirstName_2447,LastName_2447,user2447@example.com,United States,Berlin,Consumer,2021-04-18
CUST-02449,FirstName_2448,LastName_2448,user2448@example.com,United States,New York,Consumer,2021-08-17
CUST-02450,FirstName_2449,LastName_2449,user2449@example.com,United States,London,Home Office,2021-07-21
CUST-02451,FirstName_2450,LastName_2450,user2450@example.com,United States,Munich,Corporate,2022-09-04
CUST-02452,FirstName_2451,LastName_2451,user2451@example.com,Australia,Sydney,Consumer,2022-03-21
CUST-02453,FirstName_2452,LastName_2452,user2452@example.com,Canada,Sydney,Corporate,2022-01-26
CUST-02454,FirstName_2453,LastName_2453,user2453@example.com,United States,Berlin,Consumer,2022-07-06
CUST-02455,FirstName_2454,LastName_2454,user2454@example.com,Canada,London,Corporate,2020-02-12
CUST-02456,FirstName_2455,LastName_2455,user2455@example.com,United States,Sydney,Consumer,2021-04-05
CUST-02457,FirstName_2456,LastName_2456,user2456@example.com,Canada,Berlin,Corporate,2022-07-19
CUST-02458,FirstName_2457,LastName_2457,user2457@example.com,United Kingdom,Manchester,Consumer,2022-04-09
CUST-02459,FirstName_2458,LastName_2458,user2458@example.com,Canada,Berlin,Consumer,2021-08-08
CUST-02460,FirstName_2459,LastName_2459,user2459@example.com,Canada,Manchester,Consumer,2021-10-29
CUST-02461,FirstName_2460,LastName_2460,user2460@example.com,Australia,Toronto,Consumer,2020-07-11
CUST-02462,FirstName_2461,LastName_2461,user2461@example.com,Germany,Sydney,Corporate,2020-11-25
CUST-02463,FirstName_2462,LastName_2462,user2462@example.com,United Kingdom,Berlin,Consumer,2021-09-11
CUST-02464,FirstName_2463,LastName_2463,user2463@example.com,Canada,Berlin,Consumer,2021-05-02
CUST-02465,FirstName_2464,LastName_2464,user2464@example.com,United Kingdom,Berlin,Consumer,2021-05-28
CUST-02466,FirstName_2465,LastName_2465,user2465@example.com,United States,Munich,Consumer,2020-06-03
CUST-02467,FirstName_2466,LastName_2466,user2466@example.com,United States,Berlin,Consumer,2022-09-07
CUST-02468,FirstName_2467,LastName_2467,user2467@example.com,United States,Munich,Consumer,2020-03-04
CUST-02469,FirstName_2468,LastName_2468,user2468@example.com,Canada,Melbourne,Consumer,2021-04-06
CUST-02470,FirstName_2469,LastName_2469,user2469@example.com,Canada,Toronto,Consumer,2020-04-15
CUST-02471,FirstName_2470,LastName_2470,user2470@example.com,United States,Melbourne,Consumer,2022-04-10
CUST-02472,FirstName_2471,LastName_2471,user2471@example.com,Australia,Chicago,Home Office,2022-07-09
CUST-02473,FirstName_2472,LastName_2472,user2472@example.com,Australia,Melbourne,Corporate,2022-05-07
CUST-02474,FirstName_2473,LastName_2473,user2473@example.com,United Kingdom,London,Consumer,2020-12-17
CUST-02475,FirstName_2474,LastName_2474,user2474@example.com,Canada,Manchester,Corporate,2022-01-01
CUST-02476,FirstName_2475,LastName_2475,user2475@example.com,Germany,London,Corporate,2020-03-27
CUST-02477,FirstName_2476,LastName_2476,user2476@example.com,United States,New York,Consumer,2021-05-31
CUST-02478,FirstName_2477,LastName_2477,user2477@example.com,Germany,Melbourne,Corporate,2021-10-23
CUST-02479,FirstName_2478,LastName_2478,user2478@example.com,United States,Sydney,Consumer,2020-06-25
CUST-02480,FirstName_2479,LastName_2479,user2479@example.com,Germany,Los Angeles,Corporate,2020-02-10
CUST-02481,FirstName_2480,LastName_2480,user2480@example.com,United States,Melbourne,Consumer,2020-09-10
CUST-02482,FirstName_2481,LastName_2481,user2481@example.com,Germany,Toronto,Consumer,2021-12-25
CUST-02483,FirstName_2482,LastName_2482,user2482@example.com,Australia,Melbourne,Consumer,2021-03-24
CUST-02484,FirstName_2483,LastName_2483,user2483@example.com,United States,Munich,Home Office,2021-03-25
CUST-02485,FirstName_2484,LastName_2484,user2484@example.com,Canada,New York,Corporate,2021-06-20
CUST-02486,FirstName_2485,LastName_2485,user2485@example.com,Australia,Berlin,Consumer,2021-06-19
CUST-02487,FirstName_2486,LastName_2486,user2486@example.com,Canada,New York,Consumer,2021-09-16
CUST-02488,FirstName_2487,LastName_2487,user2487@example.com,Germany,New York,Consumer,2020-06-11
CUST-02489,FirstName_2488,LastName_2488,user2488@example.com,Canada,Manchester,Consumer,2021-01-07
CUST-02490,FirstName_2489,LastName_2489,user2489@example.com,United States,Los Angeles,Consumer,2021-01-16
CUST-02491,FirstName_2490,LastName_2490,user2490@example.com,United States,New York,Consumer,2022-07-28
CUST-02492,FirstName_2491,LastName_2491,user2491@example.com,United States,Manchester,Home Office,2020-10-16
CUST-02493,FirstName_2492,LastName_2492,user2492@example.com,Germany,Berlin,Corporate,2021-01-31
CUST-02494,FirstName_2493,LastName_2493,user2493@example.com,United States,London,Consumer,2021-02-22
CUST-02495,FirstName_2494,LastName_2494,user2494@example.com,Canada,Berlin,Consumer,2022-03-04
CUST-02496,FirstName_2495,LastName_2495,user2495@example.com,Canada,Sydney,Home Office,2020-12-12
CUST-02497,FirstName_2496,LastName_2496,user2496@example.com,Canada,New York,Corporate,2021-11-26
CUST-02498,FirstName_2497,LastName_2497,user2497@example.com,Germany,New York,Corporate,2021-09-04
CUST-02499,FirstName_2498,LastName_2498,user2498@example.com,Australia,London,Home Office,2020-02-23
CUST-02500,FirstName_2499,LastName_2499,user2499@example.com,Canada,Toronto,Corporate,2022-03-19
CUST-02501,FirstName_2500,LastName_2500,user2500@example.com,Germany,New York,Consumer,2021-10-08
CUST-02502,FirstName_2501,LastName_2501,user2501@example.com,Germany,Los Angeles,Consumer,2021-10-24
CUST-02503,FirstName_2502,LastName_2502,user2502@example.com,Canada,Chicago,Home Office,2020-12-08
CUST-02504,FirstName_2503,LastName_2503,user2503@example.com,Australia,New York,Consumer,2020-03-08
CUST-02505,FirstName_2504,LastName_2504,user2504@example.com,United States,Chicago,Consumer,2020-12-03
CUST-02506,FirstName_2505,LastName_2505,user2505@example.com,United States,Berlin,Consumer,2020-04-06
CUST-02507,FirstName_2506,LastName_2506,user2506@example.com,Germany,Melbourne,Corporate,2021-07-25
CUST-02508,FirstName_2507,LastName_2507,user2507@example.com,Canada,Toronto,Home Office,2021-11-25
CUST-02509,FirstName_2508,LastName_2508,user2508@example.com,Germany,Manchester,Consumer,2021-01-30
CUST-02510,FirstName_2509,LastName_2509,user2509@example.com,Germany,Munich,Consumer,2020-10-17
CUST-02511,FirstName_2510,LastName_2510,user2510@example.com,United States,Toronto,Home Office,2020-09-15
CUST-02512,FirstName_2511,LastName_2511,user2511@example.com,Germany,Munich,Consumer,2022-01-11
CUST-02513,FirstName_2512,LastName_2512,user2512@example.com,Canada,Berlin,Consumer,2022-05-22
CUST-02514,FirstName_2513,LastName_2513,user2513@example.com,Canada,Toronto,Home Office,2021-11-03
CUST-02515,FirstName_2514,LastName_2514,user2514@example.com,United Kingdom,Manchester,Consumer,2022-09-14
CUST-02516,FirstName_2515,LastName_2515,user2515@example.com,Australia,Munich,Consumer,2022-07-17
CUST-02517,FirstName_2516,LastName_2516,user2516@example.com,United States,London,Corporate,2021-09-09
CUST-02518,FirstName_2517,LastName_2517,user2517@example.com,Canada,Los Angeles,Consumer,2022-06-13
CUST-02519,FirstName_2518,LastName_2518,user2518@example.com,United Kingdom,Toronto,Home Office,2020-06-02
CUST-02520,FirstName_2519,LastName_2519,user2519@example.com,United Kingdom,Berlin,Consumer,2020-12-07
CUST-02521,FirstName_2520,LastName_2520,user2520@example.com,United Kingdom,New York,Consumer,2020-03-24
CUST-02522,FirstName_2521,LastName_2521,user2521@example.com,United States,Manchester,Consumer,2021-08-19
CUST-02523,FirstName_2522,LastName_2522,user2522@example.com,United States,Munich,Consumer,2021-11-10
CUST-02524,FirstName_2523,LastName_2523,user2523@example.com,United States,Munich,Corporate,2020-05-24
CUST-02525,FirstName_2524,LastName_2524,user2524@example.com,Germany,Los Angeles,Corporate,2022-07-27
CUST-02526,FirstName_2525,LastName_2525,user2525@example.com,United States,Munich,Home Office,2020-12-24
CUST-02527,FirstName_2526,LastName_2526,user2526@example.com,United States,Chicago,Consumer,2020-11-13
CUST-02528,FirstName_2527,LastName_2527,user2527@example.com,Australia,Sydney,Corporate,2022-09-17
CUST-02529,FirstName_2528,LastName_2528,user2528@example.com,United States,Chicago,Consumer,2021-11-02
CUST-02530,FirstName_2529,LastName_2529,user2529@example.com,Australia,Munich,Corporate,2021-12-16
CUST-02531,FirstName_2530,LastName_2530,user2530@example.com,United Kingdom,Manchester,Corporate,2021-11-09
CUST-02532,FirstName_2531,LastName_2531,user2531@example.com,Germany,Toronto,Consumer,2021-02-05
CUST-02533,FirstName_2532,LastName_2532,user2532@example.com,United States,Berlin,Consumer,2020-05-12
CUST-02534,FirstName_2533,LastName_2533,user2533@example.com,United States,New York,Consumer,2021-09-01
CUST-02535,FirstName_2534,LastName_2534,user2534@example.com,United Kingdom,Toronto,Consumer,2021-12-26
CUST-02536,FirstName_2535,LastName_2535,user2535@example.com,Germany,London,Home Office,2022-08-18
CUST-02537,FirstName_2536,LastName_2536,user2536@example.com,United Kingdom,Toronto,Consumer,2020-03-27
CUST-02538,FirstName_2537,LastName_2537,user2537@example.com,United States,Toronto,Consumer,2020-11-13
CUST-02539,FirstName_2538,LastName_2538,user2538@example.com,Germany,Berlin,Consumer,2021-07-26
CUST-02540,FirstName_2539,LastName_2539,user2539@example.com,Germany,Los Angeles,Corporate,2021-01-20
CUST-02541,FirstName_2540,LastName_2540,user2540@example.com,United Kingdom,Munich,Consumer,2021-10-20
CUST-02542,FirstName_2541,LastName_2541,user2541@example.com,Germany,Los Angeles,Consumer,2022-03-21
CUST-02543,FirstName_2542,LastName_2542,user2542@example.com,Germany,London,Consumer,2020-12-02
CUST-02544,FirstName_2543,LastName_2543,user2543@example.com,United Kingdom,Melbourne,Corporate,2022-04-12
CUST-02545,FirstName_2544,LastName_2544,user2544@example.com,United States,New York,Consumer,2020-05-10
CUST-02546,FirstName_2545,LastName_2545,user2545@example.com,Canada,Chicago,Corporate,2021-11-17
CUST-02547,FirstName_2546,LastName_2546,user2546@example.com,United States,New York,Consumer,2021-12-20
CUST-02548,FirstName_2547,LastName_2547,user2547@example.com,Canada,Munich,Consumer,2022-04-28
CUST-02549,FirstName_2548,LastName_2548,user2548@example.com,Canada,New York,Consumer,2022-08-27
CUST-02550,FirstName_2549,LastName_2549,user2549@example.com,United States,Sydney,Consumer,2022-01-26
CUST-02551,FirstName_2550,LastName_2550,user2550@example.com,United States,Chicago,Consumer,2021-12-02
CUST-02552,FirstName_2551,LastName_2551,user2551@example.com,United States,London,Consumer,2022-07-23
CUST-02553,FirstName_2552,LastName_2552,user2552@example.com,Germany,Munich,Corporate,2021-06-23
CUST-02554,FirstName_2553,LastName_2553,user2553@example.com,Australia,Manchester,Consumer,2020-04-05
CUST-02555,FirstName_2554,LastName_2554,user2554@example.com,United States,London,Consumer,2021-10-23
CUST-02556,FirstName_2555,LastName_2555,user2555@example.com,Australia,Sydney,Home Office,2021-11-17
CUST-02557,FirstName_2556,LastName_2556,user2556@example.com,Canada,Chicago,Consumer,2021-03-09
CUST-02558,FirstName_2557,LastName_2557,user2557@example.com,United States,Berlin,Corporate,2021-06-04
CUST-02559,FirstName_2558,LastName_2558,user2558@example.com,United States,Sydney,Corporate,2021-01-05
CUST-02560,FirstName_2559,LastName_2559,user2559@example.com,Canada,London,Consumer,2020-01-19
CUST-02561,FirstName_2560,LastName_2560,user2560@example.com,Germany,Munich,Corporate,2021-01-06
CUST-02562,FirstName_2561,LastName_2561,user2561@example.com,United Kingdom,Melbourne,Consumer,2020-11-12
CUST-02563,FirstName_2562,LastName_2562,user2562@example.com,United States,Munich,Consumer,2020-07-03
CUST-02564,FirstName_2563,LastName_2563,user2563@example.com,United States,Chicago,Consumer,2022-08-31
CUST-02565,FirstName_2564,LastName_2564,user2564@example.com,Canada,Melbourne,Consumer,2020-08-07
CUST-02566,FirstName_2565,LastName_2565,user2565@example.com,United States,Los Angeles,Consumer,2020-12-15
CUST-02567,FirstName_2566,LastName_2566,user2566@example.com,United States,Chicago,Consumer,2022-08-28
CUST-02568,FirstName_2567,LastName_2567,user2567@example.com,United States,Chicago,Consumer,2022-02-23
CUST-02569,FirstName_2568,LastName_2568,user2568@example.com,Germany,Sydney,Consumer,2021-05-12
CUST-02570,FirstName_2569,LastName_2569,user2569@example.com,Australia,Munich,Consumer,2020-07-15
CUST-02571,FirstName_2570,LastName_2570,user2570@example.com,Canada,London,Consumer,2020-08-19
CUST-02572,FirstName_2571,LastName_2571,user2571@example.com,Australia,Berlin,Consumer,2020-05-20
CUST-02573,FirstName_2572,LastName_2572,user2572@example.com,United States,New York,Consumer,2020-06-07
CUST-02574,FirstName_2573,LastName_2573,user2573@example.com,Canada,Toronto,Consumer,2020-03-20
CUST-02575,FirstName_2574,LastName_2574,user2574@example.com,United States,Berlin,Consumer,2020-10-29
CUST-02576,FirstName_2575,LastName_2575,user2575@example.com,United Kingdom,New York,Home Office,2022-05-14
CUST-02577,FirstName_2576,LastName_2576,user2576@example.com,Australia,Los Angeles,Corporate,2022-03-18
CUST-02578,FirstName_2577,LastName_2577,user2577@example.com,United Kingdom,London,Consumer,2020-04-13
CUST-02579,FirstName_2578,LastName_2578,user2578@example.com,United States,Munich,Corporate,2021-06-03
CUST-02580,FirstName_2579,LastName_2579,user2579@example.com,United Kingdom,Manchester,Consumer,2022-02-28
CUST-02581,FirstName_2580,LastName_2580,user2580@example.com,United States,Chicago,Consumer,2021-07-06
CUST-02582,FirstName_2581,LastName_2581,user2581@example.com,Germany,Berlin,Home Office,2022-05-05
CUST-02583,FirstName_2582,LastName_2582,user2582@example.com,Canada,New York,Consumer,2022-01-26
CUST-02584,FirstName_2583,LastName_2583,user2583@example.com,Canada,Manchester,Home Office,2022-06-23
CUST-02585,FirstName_2584,LastName_2584,user2584@example.com,Canada,Berlin,Consumer,2021-06-23
CUST-02586,FirstName_2585,LastName_2585,user2585@example.com,United Kingdom,London,Consumer,2020-02-08
CUST-02587,FirstName_2586,LastName_2586,user2586@example.com,United States,Munich,Consumer,2021-11-08
CUST-02588,FirstName_2587,LastName_2587,user2587@example.com,United Kingdom,Melbourne,Consumer,2020-12-10
CUST-02589,FirstName_2588,LastName_2588,user2588@example.com,United States,Berlin,Consumer,2022-06-16
CUST-02590,FirstName_2589,LastName_2589,user2589@example.com,United Kingdom,Berlin,Consumer,2022-02-23
CUST-02591,FirstName_2590,LastName_2590,user2590@example.com,Germany,Munich,Corporate,2021-09-24
CUST-02592,FirstName_2591,LastName_2591,user2591@example.com,Germany,Los Angeles,Consumer,2020-05-14
CUST-02593,FirstName_2592,LastName_2592,user2592@example.com,Canada,Sydney,Consumer,2021-09-03
CUST-02594,FirstName_2593,LastName_2593,user2593@example.com,Canada,Berlin,Consumer,2021-01-20
CUST-02595,FirstName_2594,LastName_2594,user2594@example.com,United States,Munich,Home Office,2020-06-06
CUST-02596,FirstName_2595,LastName_2595,user2595@example.com,Germany,Sydney,Consumer,2020-06-15
CUST-02597,FirstName_2596,LastName_2596,user2596@example.com,United States,Munich,Consumer,2020-07-04
CUST-02598,FirstName_2597,LastName_2597,user2597@example.com,Canada,Munich,Home Office,2022-05-01
CUST-02599,FirstName_2598,LastName_2598,user2598@example.com,United States,Los Angeles,Consumer,2021-12-10
CUST-02600,FirstName_2599,LastName_2599,user2599@example.com,United States,Munich,Consumer,2022-02-28
CUST-02601,FirstName_2600,LastName_2600,user2600@example.com,United Kingdom,London,Corporate,2021-10-01
CUST-02602,FirstName_2601,LastName_2601,user2601@example.com,United States,Berlin,Corporate,2022-04-08
CUST-02603,FirstName_2602,LastName_2602,user2602@example.com,United Kingdom,New York,Consumer,2022-07-13
CUST-02604,FirstName_2603,LastName_2603,user2603@example.com,United States,New York,Consumer,2020-06-18
CUST-02605,FirstName_2604,LastName_2604,user2604@example.com,United States,New York,Corporate,2022-01-08
CUST-02606,FirstName_2605,LastName_2605,user2605@example.com,Canada,Munich,Consumer,2021-03-24
CUST-02607,FirstName_2606,LastName_2606,user2606@example.com,United States,Manchester,Home Office,2020-02-14
CUST-02608,FirstName_2607,LastName_2607,user2607@example.com,United States,Sydney,Consumer,2021-02-24
CUST-02609,FirstName_2608,LastName_2608,user2608@example.com,United Kingdom,Sydney,Consumer,2021-01-08
CUST-02610,FirstName_2609,LastName_2609,user2609@example.com,United States,Munich,Consumer,2021-11-23
CUST-02611,FirstName_2610,LastName_2610,user2610@example.com,Germany,London,Corporate,2022-01-06
CUST-02612,FirstName_2611,LastName_2611,user2611@example.com,United States,London,Home Office,2020-08-31
CUST-02613,FirstName_2612,LastName_2612,user2612@example.com,United States,Chicago,Corporate,2022-09-19
CUST-02614,FirstName_2613,LastName_2613,user2613@example.com,United Kingdom,Munich,Home Office,2021-03-30
CUST-02615,FirstName_2614,LastName_2614,user2614@example.com,United States,Toronto,Consumer,2021-09-17
CUST-02616,FirstName_2615,LastName_2615,user2615@example.com,United States,Los Angeles,Consumer,2020-10-18
CUST-02617,FirstName_2616,LastName_2616,user2616@example.com,United States,New York,Corporate,2022-02-09
CUST-02618,FirstName_2617,LastName_2617,user2617@example.com,United States,Los Angeles,Home Office,2022-02-05
CUST-02619,FirstName_2618,LastName_2618,user2618@example.com,Germany,New York,Corporate,2022-03-13
CUST-02620,FirstName_2619,LastName_2619,user2619@example.com,United States,Melbourne,Corporate,2021-04-04
CUST-02621,FirstName_2620,LastName_2620,user2620@example.com,Germany,Melbourne,Consumer,2020-08-27
CUST-02622,FirstName_2621,LastName_2621,user2621@example.com,Germany,Munich,Consumer,2021-06-30
CUST-02623,FirstName_2622,LastName_2622,user2622@example.com,Canada,Melbourne,Home Office,2020-09-01
CUST-02624,FirstName_2623,LastName_2623,user2623@example.com,Australia,Manchester,Consumer,2020-11-12
CUST-02625,FirstName_2624,LastName_2624,user2624@example.com,United States,Chicago,Consumer,2022-09-15
CUST-02626,FirstName_2625,LastName_2625,user2625@example.com,Australia,London,Corporate,2022-04-08
CUST-02627,FirstName_2626,LastName_2626,user2626@example.com,United States,Manchester,Consumer,2022-03-14
CUST-02628,FirstName_2627,LastName_2627,user2627@example.com,United Kingdom,Los Angeles,Corporate,2021-04-25
CUST-02629,FirstName_2628,LastName_2628,user2628@example.com,Canada,Los Angeles,Consumer,2022-07-14
CUST-02630,FirstName_2629,LastName_2629,user2629@example.com,United States,Melbourne,Corporate,2022-05-05
CUST-02631,FirstName_2630,LastName_2630,user2630@example.com,United Kingdom,London,Corporate,2020-07-17
CUST-02632,FirstName_2631,LastName_2631,user2631@example.com,United Kingdom,Chicago,Consumer,2021-01-11
CUST-02633,FirstName_2632,LastName_2632,user2632@example.com,United States,New York,Consumer,2021-11-25
CUST-02634,FirstName_2633,LastName_2633,user2633@example.com,United States,Manchester,Consumer,2022-08-27
CUST-02635,FirstName_2634,LastName_2634,user2634@example.com,United Kingdom,Chicago,Consumer,2021-08-07
CUST-02636,FirstName_2635,LastName_2635,user2635@example.com,United Kingdom,Berlin,Consumer,2021-03-27
CUST-02637,FirstName_2636,LastName_2636,user2636@example.com,Australia,Sydney,Consumer,2021-04-17
CUST-02638,FirstName_2637,LastName_2637,user2637@example.com,Germany,Melbourne,Consumer,2022-02-26
CUST-02639,FirstName_2638,LastName_2638,user2638@example.com,Australia,New York,Consumer,2020-10-15
CUST-02640,FirstName_2639,LastName_2639,user2639@example.com,United Kingdom,Berlin,Consumer,2022-03-07
CUST-02641,FirstName_2640,LastName_2640,user2640@example.com,United States,New York,Corporate,2021-01-26
CUST-02642,FirstName_2641,LastName_2641,user2641@example.com,United States,New York,Consumer,2021-05-29
CUST-02643,FirstName_2642,LastName_2642,user2642@example.com,Germany,Melbourne,Home Office,2021-06-24
CUST-02644,FirstName_2643,LastName_2643,user2643@example.com,United Kingdom,New York,Corporate,2021-03-04
CUST-02645,FirstName_2644,LastName_2644,user2644@example.com,United States,Chicago,Corporate,2022-09-16
CUST-02646,FirstName_2645,LastName_2645,user2645@example.com,United States,Chicago,Corporate,2020-06-14
CUST-02647,FirstName_2646,LastName_2646,user2646@example.com,Australia,Berlin,Consumer,2022-04-16
CUST-02648,FirstName_2647,LastName_2647,user2647@example.com,Canada,Los Angeles,Corporate,2020-07-23
CUST-02649,FirstName_2648,LastName_2648,user2648@example.com,Canada,London,Consumer,2022-03-31
CUST-02650,FirstName_2649,LastName_2649,user2649@example.com,Canada,Manchester,Home Office,2021-09-11
CUST-02651,FirstName_2650,LastName_2650,user2650@example.com,United States,Manchester,Home Office,2020-05-21
CUST-02652,FirstName_2651,LastName_2651,user2651@example.com,United States,Toronto,Consumer,2022-06-12
CUST-02653,FirstName_2652,LastName_2652,user2652@example.com,United States,Melbourne,Consumer,2020-09-13
CUST-02654,FirstName_2653,LastName_2653,user2653@example.com,United States,Munich,Consumer,2020-02-23
CUST-02655,FirstName_2654,LastName_2654,user2654@example.com,Germany,Munich,Corporate,2021-10-18
CUST-02656,FirstName_2655,LastName_2655,user2655@example.com,Canada,Berlin,Consumer,2021-05-07
CUST-02657,FirstName_2656,LastName_2656,user2656@example.com,Germany,New York,Consumer,2022-06-14
CUST-02658,FirstName_2657,LastName_2657,user2657@example.com,Germany,New York,Consumer,2021-01-15
CUST-02659,FirstName_2658,LastName_2658,user2658@example.com,United States,Melbourne,Consumer,2021-07-21
CUST-02660,FirstName_2659,LastName_2659,user2659@example.com,United Kingdom,Sydney,Home Office,2022-08-14
CUST-02661,FirstName_2660,LastName_2660,user2660@example.com,Canada,Los Angeles,Corporate,2020-04-15
CUST-02662,FirstName_2661,LastName_2661,user2661@example.com,Germany,Toronto,Consumer,2021-12-29
CUST-02663,FirstName_2662,LastName_2662,user2662@example.com,United States,Chicago,Consumer,2022-05-16
CUST-02664,FirstName_2663,LastName_2663,user2663@example.com,United Kingdom,New York,Consumer,2021-06-12
CUST-02665,FirstName_2664,LastName_2664,user2664@example.com,United Kingdom,Toronto,Consumer,2022-05-21
CUST-02666,FirstName_2665,LastName_2665,user2665@example.com,United States,Manchester,Corporate,2020-05-07
CUST-02667,FirstName_2666,LastName_2666,user2666@example.com,United States,Sydney,Consumer,2020-10-18
CUST-02668,FirstName_2667,LastName_2667,user2667@example.com,United Kingdom,Chicago,Consumer,2020-03-26
CUST-02669,FirstName_2668,LastName_2668,user2668@example.com,United Kingdom,Melbourne,Home Office,2022-02-20
CUST-02670,FirstName_2669,LastName_2669,user2669@example.com,United States,Toronto,Home Office,2020-06-13
CUST-02671,FirstName_2670,LastName_2670,user2670@example.com,United Kingdom,Berlin,Consumer,2020-10-06
CUST-02672,FirstName_2671,LastName_2671,user2671@example.com,United States,Chicago,Consumer,2021-04-05
CUST-02673,FirstName_2672,LastName_2672,user2672@example.com,United Kingdom,Melbourne,Consumer,2022-07-16
CUST-02674,FirstName_2673,LastName_2673,user2673@example.com,United States,Munich,Corporate,2021-06-09
CUST-02675,FirstName_2674,LastName_2674,user2674@example.com,Germany,Melbourne,Home Office,2020-05-30
CUST-02676,FirstName_2675,LastName_2675,user2675@example.com,United States,Melbourne,Consumer,2022-04-30
CUST-02677,FirstName_2676,LastName_2676,user2676@example.com,United States,Chicago,Consumer,2021-03-23
CUST-02678,FirstName_2677,LastName_2677,user2677@example.com,United States,Sydney,Home Office,2020-04-03
CUST-02679,FirstName_2678,LastName_2678,user2678@example.com,United States,Chicago,Corporate,2022-08-27
CUST-02680,FirstName_2679,LastName_2679,user2679@example.com,Canada,London,Home Office,2022-07-21
CUST-02681,FirstName_2680,LastName_2680,user2680@example.com,United States,Los Angeles,Consumer,2020-08-15
CUST-02682,FirstName_2681,LastName_2681,user2681@example.com,Germany,Sydney,Consumer,2022-04-16
CUST-02683,FirstName_2682,LastName_2682,user2682@example.com,United States,Berlin,Consumer,2021-04-06
CUST-02684,FirstName_2683,LastName_2683,user2683@example.com,United States,Sydney,Consumer,2022-06-24
CUST-02685,FirstName_2684,LastName_2684,user2684@example.com,United States,Manchester,Consumer,2020-12-23
CUST-02686,FirstName_2685,LastName_2685,user2685@example.com,United States,Berlin,Consumer,2022-08-10
CUST-02687,FirstName_2686,LastName_2686,user2686@example.com,United States,Munich,Consumer,2020-01-28
CUST-02688,FirstName_2687,LastName_2687,user2687@example.com,Canada,Chicago,Home Office,2021-02-28
CUST-02689,FirstName_2688,LastName_2688,user2688@example.com,Canada,Melbourne,Consumer,2020-02-24
CUST-02690,FirstName_2689,LastName_2689,user2689@example.com,Canada,Chicago,Corporate,2021-02-09
CUST-02691,FirstName_2690,LastName_2690,user2690@example.com,Canada,Manchester,Consumer,2021-05-29
CUST-02692,FirstName_2691,LastName_2691,user2691@example.com,Canada,Toronto,Corporate,2021-01-17
CUST-02693,FirstName_2692,LastName_2692,user2692@example.com,United States,Manchester,Consumer,2020-08-29
CUST-02694,FirstName_2693,LastName_2693,user2693@example.com,Canada,London,Corporate,2021-01-30
CUST-02695,FirstName_2694,LastName_2694,user2694@example.com,Australia,Melbourne,Consumer,2020-03-24
CUST-02696,FirstName_2695,LastName_2695,user2695@example.com,Canada,Melbourne,Consumer,2021-01-18
CUST-02697,FirstName_2696,LastName_2696,user2696@example.com,United Kingdom,New York,Corporate,2020-08-17
CUST-02698,FirstName_2697,LastName_2697,user2697@example.com,United States,Toronto,Consumer,2020-01-29
CUST-02699,FirstName_2698,LastName_2698,user2698@example.com,Germany,New York,Consumer,2020-11-22
CUST-02700,FirstName_2699,LastName_2699,user2699@example.com,Germany,Munich,Home Office,2022-08-11
CUST-02701,FirstName_2700,LastName_2700,user2700@example.com,Canada,Los Angeles,Home Office,2020-04-11
CUST-02702,FirstName_2701,LastName_2701,user2701@example.com,Australia,Los Angeles,Consumer,2022-05-09
CUST-02703,FirstName_2702,LastName_2702,user2702@example.com,United States,Chicago,Consumer,2022-01-01
CUST-02704,FirstName_2703,LastName_2703,user2703@example.com,United States,Los Angeles,Consumer,2021-10-27
CUST-02705,FirstName_2704,LastName_2704,user2704@example.com,Germany,Melbourne,Consumer,2020-12-09
CUST-02706,FirstName_2705,LastName_2705,user2705@example.com,Germany,Manchester,Home Office,2022-03-21
CUST-02707,FirstName_2706,LastName_2706,user2706@example.com,United States,Toronto,Consumer,2020-05-29
CUST-02708,FirstName_2707,LastName_2707,user2707@example.com,United States,Chicago,Consumer,2020-05-20
CUST-02709,FirstName_2708,LastName_2708,user2708@example.com,United States,Chicago,Home Office,2020-02-09
CUST-02710,FirstName_2709,LastName_2709,user2709@example.com,United States,Toronto,Consumer,2020-10-20
CUST-02711,FirstName_2710,LastName_2710,user2710@example.com,Germany,Melbourne,Corporate,2022-07-28
CUST-02712,FirstName_2711,LastName_2711,user2711@example.com,Canada,Munich,Consumer,2022-04-29
CUST-02713,FirstName_2712,LastName_2712,user2712@example.com,United States,Munich,Consumer,2021-04-28
CUST-02714,FirstName_2713,LastName_2713,user2713@example.com,United States,Chicago,Consumer,2021-12-13
CUST-02715,FirstName_2714,LastName_2714,user2714@example.com,United States,Munich,Consumer,2022-05-01
CUST-02716,FirstName_2715,LastName_2715,user2715@example.com,United States,Melbourne,Consumer,2020-05-22
CUST-02717,FirstName_2716,LastName_2716,user2716@example.com,United Kingdom,London,Consumer,2022-02-16
CUST-02718,FirstName_2717,LastName_2717,user2717@example.com,Australia,London,Consumer,2021-12-23
CUST-02719,FirstName_2718,LastName_2718,user2718@example.com,Germany,New York,Consumer,2021-04-25
CUST-02720,FirstName_2719,LastName_2719,user2719@example.com,United States,Sydney,Consumer,2021-04-04
CUST-02721,FirstName_2720,LastName_2720,user2720@example.com,Germany,Berlin,Consumer,2021-09-22
CUST-02722,FirstName_2721,LastName_2721,user2721@example.com,Germany,Los Angeles,Consumer,2020-01-06
CUST-02723,FirstName_2722,LastName_2722,user2722@example.com,Germany,Munich,Corporate,2022-07-16
CUST-02724,FirstName_2723,LastName_2723,user2723@example.com,Canada,London,Consumer,2020-03-22
CUST-02725,FirstName_2724,LastName_2724,user2724@example.com,United States,Manchester,Consumer,2020-01-20
CUST-02726,FirstName_2725,LastName_2725,user2725@example.com,United States,Toronto,Corporate,2020-09-19
CUST-02727,FirstName_2726,LastName_2726,user2726@example.com,United States,Sydney,Consumer,2020-08-08
CUST-02728,FirstName_2727,LastName_2727,user2727@example.com,United States,New York,Corporate,2022-05-05
CUST-02729,FirstName_2728,LastName_2728,user2728@example.com,United States,Berlin,Corporate,2020-06-02
CUST-02730,FirstName_2729,LastName_2729,user2729@example.com,Canada,London,Consumer,2021-07-15
CUST-02731,FirstName_2730,LastName_2730,user2730@example.com,United Kingdom,New York,Consumer,2022-08-20
CUST-02732,FirstName_2731,LastName_2731,user2731@example.com,Canada,Sydney,Home Office,2022-01-14
CUST-02733,FirstName_2732,LastName_2732,user2732@example.com,United States,Toronto,Consumer,2021-09-15
CUST-02734,FirstName_2733,LastName_2733,user2733@example.com,Australia,Los Angeles,Corporate,2021-06-24
CUST-02735,FirstName_2734,LastName_2734,user2734@example.com,Australia,London,Consumer,2021-03-09
CUST-02736,FirstName_2735,LastName_2735,user2735@example.com,Germany,Toronto,Consumer,2020-04-23
CUST-02737,FirstName_2736,LastName_2736,user2736@example.com,Australia,Berlin,Consumer,2022-03-05
CUST-02738,FirstName_2737,LastName_2737,user2737@example.com,Canada,Munich,Consumer,2020-10-22
CUST-02739,FirstName_2738,LastName_2738,user2738@example.com,Australia,Sydney,Consumer,2020-08-31
CUST-02740,FirstName_2739,LastName_2739,user2739@example.com,United States,Berlin,Corporate,2020-11-04
CUST-02741,FirstName_2740,LastName_2740,user2740@example.com,United States,Los Angeles,Home Office,2020-05-04
CUST-02742,FirstName_2741,LastName_2741,user2741@example.com,United States,Toronto,Corporate,2020-02-18
CUST-02743,FirstName_2742,LastName_2742,user2742@example.com,United States,Melbourne,Consumer,2020-09-01
CUST-02744,FirstName_2743,LastName_2743,user2743@example.com,United States,Los Angeles,Home Office,2021-03-05
CUST-02745,FirstName_2744,LastName_2744,user2744@example.com,United Kingdom,Chicago,Corporate,2021-10-16
CUST-02746,FirstName_2745,LastName_2745,user2745@example.com,Germany,London,Home Office,2022-03-23
CUST-02747,FirstName_2746,LastName_2746,user2746@example.com,Canada,Munich,Consumer,2021-09-29
CUST-02748,FirstName_2747,LastName_2747,user2747@example.com,United States,Sydney,Corporate,2021-04-13
CUST-02749,FirstName_2748,LastName_2748,user2748@example.com,Germany,Manchester,Consumer,2020-03-05
CUST-02750,FirstName_2749,LastName_2749,user2749@example.com,United Kingdom,Toronto,Consumer,2020-04-23
CUST-02751,FirstName_2750,LastName_2750,user2750@example.com,United States,Melbourne,Home Office,2022-05-06
CUST-02752,FirstName_2751,LastName_2751,user2751@example.com,United Kingdom,Manchester,Consumer,2022-07-15
CUST-02753,FirstName_2752,LastName_2752,user2752@example.com,United States,London,Consumer,2021-05-26
CUST-02754,FirstName_2753,LastName_2753,user2753@example.com,United States,London,Home Office,2021-09-03
CUST-02755,FirstName_2754,LastName_2754,user2754@example.com,Australia,Sydney,Consumer,2021-07-02
CUST-02756,FirstName_2755,LastName_2755,user2755@example.com,United States,Melbourne,Home Office,2020-01-17
CUST-02757,FirstName_2756,LastName_2756,user2756@example.com,Canada,London,Corporate,2021-10-09
CUST-02758,FirstName_2757,LastName_2757,user2757@example.com,Germany,Manchester,Consumer,2021-06-11
CUST-02759,FirstName_2758,LastName_2758,user2758@example.com,United Kingdom,Melbourne,Consumer,2021-08-11
CUST-02760,FirstName_2759,LastName_2759,user2759@example.com,United States,Manchester,Corporate,2020-09-04
CUST-02761,FirstName_2760,LastName_2760,user2760@example.com,United States,Los Angeles,Consumer,2022-01-05
CUST-02762,FirstName_2761,LastName_2761,user2761@example.com,United States,Berlin,Home Office,2020-05-27
CUST-02763,FirstName_2762,LastName_2762,user2762@example.com,United Kingdom,Melbourne,Home Office,2020-10-25
CUST-02764,FirstName_2763,LastName_2763,user2763@example.com,Canada,New York,Consumer,2021-03-15
CUST-02765,FirstName_2764,LastName_2764,user2764@example.com,United States,Berlin,Consumer,2020-01-02
CUST-02766,FirstName_2765,LastName_2765,user2765@example.com,Australia,Berlin,Home Office,2021-09-21
CUST-02767,FirstName_2766,LastName_2766,user2766@example.com,Canada,Melbourne,Consumer,2020-12-27
CUST-02768,FirstName_2767,LastName_2767,user2767@example.com,United States,Munich,Consumer,2020-09-03
CUST-02769,FirstName_2768,LastName_2768,user2768@example.com,Canada,London,Corporate,2021-08-07
CUST-02770,FirstName_2769,LastName_2769,user2769@example.com,United Kingdom,Los Angeles,Home Office,2021-03-02
CUST-02771,FirstName_2770,LastName_2770,user2770@example.com,United States,Munich,Corporate,2020-07-10
CUST-02772,FirstName_2771,LastName_2771,user2771@example.com,United States,Munich,Consumer,2021-11-11
CUST-02773,FirstName_2772,LastName_2772,user2772@example.com,Germany,New York,Corporate,2021-11-15
CUST-02774,FirstName_2773,LastName_2773,user2773@example.com,Canada,Toronto,Corporate,2020-03-28
CUST-02775,FirstName_2774,LastName_2774,user2774@example.com,Canada,Melbourne,Home Office,2021-06-20
CUST-02776,FirstName_2775,LastName_2775,user2775@example.com,Canada,Manchester,Home Office,2022-09-25
CUST-02777,FirstName_2776,LastName_2776,user2776@example.com,United States,London,Consumer,2021-01-04
CUST-02778,FirstName_2777,LastName_2777,user2777@example.com,United States,Munich,Corporate,2020-03-10
CUST-02779,FirstName_2778,LastName_2778,user2778@example.com,Canada,Los Angeles,Home Office,2022-09-03
CUST-02780,FirstName_2779,LastName_2779,user2779@example.com,United States,Toronto,Consumer,2021-06-22
CUST-02781,FirstName_2780,LastName_2780,user2780@example.com,United States,New York,Consumer,2021-07-11
CUST-02782,FirstName_2781,LastName_2781,user2781@example.com,Germany,Chicago,Home Office,2021-06-03
CUST-02783,FirstName_2782,LastName_2782,user2782@example.com,Australia,London,Consumer,2022-03-16
CUST-02784,FirstName_2783,LastName_2783,user2783@example.com,Germany,Chicago,Consumer,2021-06-03
CUST-02785,FirstName_2784,LastName_2784,user2784@example.com,Germany,Berlin,Consumer,2021-07-21
CUST-02786,FirstName_2785,LastName_2785,user2785@example.com,United States,Munich,Consumer,2020-01-21
CUST-02787,FirstName_2786,LastName_2786,user2786@example.com,Australia,Sydney,Consumer,2021-02-03
CUST-02788,FirstName_2787,LastName_2787,user2787@example.com,United States,London,Consumer,2022-06-13
CUST-02789,FirstName_2788,LastName_2788,user2788@example.com,Australia,Manchester,Home Office,2021-04-26
CUST-02790,FirstName_2789,LastName_2789,user2789@example.com,Australia,Toronto,Corporate,2020-02-14
CUST-02791,FirstName_2790,LastName_2790,user2790@example.com,United Kingdom,Los Angeles,Corporate,2021-10-12
CUST-02792,FirstName_2791,LastName_2791,user2791@example.com,Australia,London,Consumer,2021-01-31
CUST-02793,FirstName_2792,LastName_2792,user2792@example.com,Canada,Manchester,Corporate,2021-01-17
CUST-02794,FirstName_2793,LastName_2793,user2793@example.com,United States,Melbourne,Corporate,2020-09-16
CUST-02795,FirstName_2794,LastName_2794,user2794@example.com,Canada,Chicago,Corporate,2022-02-04
CUST-02796,FirstName_2795,LastName_2795,user2795@example.com,Canada,Melbourne,Consumer,2020-01-17
CUST-02797,FirstName_2796,LastName_2796,user2796@example.com,United States,Toronto,Consumer,2020-12-31
CUST-02798,FirstName_2797,LastName_2797,user2797@example.com,United Kingdom,New York,Corporate,2022-03-18
CUST-02799,FirstName_2798,LastName_2798,user2798@example.com,Australia,Munich,Corporate,2020-03-10
CUST-02800,FirstName_2799,LastName_2799,user2799@example.com,United States,London,Corporate,2020-12-19
CUST-02801,FirstName_2800,LastName_2800,user2800@example.com,Germany,Sydney,Consumer,2020-09-03
CUST-02802,FirstName_2801,LastName_2801,user2801@example.com,Australia,Chicago,Consumer,2022-01-20
CUST-02803,FirstName_2802,LastName_2802,user2802@example.com,Australia,Chicago,Corporate,2021-11-03
CUST-02804,FirstName_2803,LastName_2803,user2803@example.com,Australia,London,Consumer,2021-10-05
CUST-02805,FirstName_2804,LastName_2804,user2804@example.com,Canada,Berlin,Corporate,2020-04-16
CUST-02806,FirstName_2805,LastName_2805,user2805@example.com,Australia,Melbourne,Home Office,2022-03-01
CUST-02807,FirstName_2806,LastName_2806,user2806@example.com,Germany,Chicago,Corporate,2021-08-18
CUST-02808,FirstName_2807,LastName_2807,user2807@example.com,United States,Manchester,Consumer,2022-01-22
CUST-02809,FirstName_2808,LastName_2808,user2808@example.com,Canada,Los Angeles,Consumer,2022-02-13
CUST-02810,FirstName_2809,LastName_2809,user2809@example.com,United Kingdom,Munich,Corporate,2020-12-06
CUST-02811,FirstName_2810,LastName_2810,user2810@example.com,United States,Chicago,Home Office,2020-05-16
CUST-02812,FirstName_2811,LastName_2811,user2811@example.com,United Kingdom,Manchester,Consumer,2020-02-15
CUST-02813,FirstName_2812,LastName_2812,user2812@example.com,United Kingdom,Toronto,Consumer,2020-12-26
CUST-02814,FirstName_2813,LastName_2813,user2813@example.com,United States,Toronto,Consumer,2021-07-13
CUST-02815,FirstName_2814,LastName_2814,user2814@example.com,Canada,Munich,Corporate,2020-12-12
CUST-02816,FirstName_2815,LastName_2815,user2815@example.com,Germany,Berlin,Corporate,2022-04-13
CUST-02817,FirstName_2816,LastName_2816,user2816@example.com,Canada,Sydney,Home Office,2021-10-20
CUST-02818,FirstName_2817,LastName_2817,user2817@example.com,United States,Munich,Consumer,2020-06-28
CUST-02819,FirstName_2818,LastName_2818,user2818@example.com,United States,New York,Corporate,2022-04-30
CUST-02820,FirstName_2819,LastName_2819,user2819@example.com,United States,Berlin,Consumer,2022-03-08
CUST-02821,FirstName_2820,LastName_2820,user2820@example.com,Australia,Chicago,Consumer,2021-12-02
CUST-02822,FirstName_2821,LastName_2821,user2821@example.com,United States,Munich,Corporate,2021-04-20
CUST-02823,FirstName_2822,LastName_2822,user2822@example.com,United Kingdom,Melbourne,Consumer,2021-12-13
CUST-02824,FirstName_2823,LastName_2823,user2823@example.com,United States,Toronto,Consumer,2021-05-05
CUST-02825,FirstName_2824,LastName_2824,user2824@example.com,United States,Manchester,Corporate,2021-10-08
CUST-02826,FirstName_2825,LastName_2825,user2825@example.com,Germany,Munich,Consumer,2020-07-05
CUST-02827,FirstName_2826,LastName_2826,user2826@example.com,United Kingdom,Melbourne,Consumer,2022-04-10
CUST-02828,FirstName_2827,LastName_2827,user2827@example.com,United States,Berlin,Consumer,2020-05-18
CUST-02829,FirstName_2828,LastName_2828,user2828@example.com,Canada,New York,Consumer,2020-03-05
CUST-02830,FirstName_2829,LastName_2829,user2829@example.com,United States,Manchester,Home Office,2022-01-03
CUST-02831,FirstName_2830,LastName_2830,user2830@example.com,Canada,Los Angeles,Consumer,2022-03-05
CUST-02832,FirstName_2831,LastName_2831,user2831@example.com,United Kingdom,New York,Corporate,2022-08-24
CUST-02833,FirstName_2832,LastName_2832,user2832@example.com,United States,Chicago,Consumer,2021-04-13
CUST-02834,FirstName_2833,LastName_2833,user2833@example.com,United States,Melbourne,Consumer,2020-02-07
CUST-02835,FirstName_2834,LastName_2834,user2834@example.com,United States,Munich,Consumer,2020-10-27
CUST-02836,FirstName_2835,LastName_2835,user2835@example.com,Australia,Munich,Home Office,2020-07-25
CUST-02837,FirstName_2836,LastName_2836,user2836@example.com,Australia,London,Consumer,2020-02-14
CUST-02838,FirstName_2837,LastName_2837,user2837@example.com,United States,Toronto,Corporate,2022-03-21
CUST-02839,FirstName_2838,LastName_2838,user2838@example.com,Germany,Chicago,Consumer,2020-07-23
CUST-02840,FirstName_2839,LastName_2839,user2839@example.com,United States,Melbourne,Home Office,2022-06-26
CUST-02841,FirstName_2840,LastName_2840,user2840@example.com,United States,Munich,Corporate,2020-02-12
CUST-02842,FirstName_2841,LastName_2841,user2841@example.com,Germany,Los Angeles,Corporate,2020-11-19
CUST-02843,FirstName_2842,LastName_2842,user2842@example.com,Australia,Manchester,Home Office,2022-08-13
CUST-02844,FirstName_2843,LastName_2843,user2843@example.com,Australia,Chicago,Corporate,2020-11-13
CUST-02845,FirstName_2844,LastName_2844,user2844@example.com,Canada,Berlin,Corporate,2021-06-11
CUST-02846,FirstName_2845,LastName_2845,user2845@example.com,United States,Los Angeles,Consumer,2021-02-11
CUST-02847,FirstName_2846,LastName_2846,user2846@example.com,Germany,Manchester,Consumer,2022-04-14
CUST-02848,FirstName_2847,LastName_2847,user2847@example.com,United States,Sydney,Corporate,2021-07-10
CUST-02849,FirstName_2848,LastName_2848,user2848@example.com,Canada,Toronto,Consumer,2021-04-29
CUST-02850,FirstName_2849,LastName_2849,user2849@example.com,United States,Chicago,Consumer,2020-09-16
CUST-02851,FirstName_2850,LastName_2850,user2850@example.com,United Kingdom,Melbourne,Consumer,2020-02-07
CUST-02852,FirstName_2851,LastName_2851,user2851@example.com,United States,New York,Consumer,2022-02-10
CUST-02853,FirstName_2852,LastName_2852,user2852@example.com,United States,Manchester,Corporate,2021-10-24
CUST-02854,FirstName_2853,LastName_2853,user2853@example.com,Australia,Berlin,Consumer,2020-07-14
CUST-02855,FirstName_2854,LastName_2854,user2854@example.com,United States,Munich,Home Office,2020-10-19
CUST-02856,FirstName_2855,LastName_2855,user2855@example.com,Canada,New York,Home Office,2020-12-31
CUST-02857,FirstName_2856,LastName_2856,user2856@example.com,United States,Los Angeles,Home Office,2022-06-01
CUST-02858,FirstName_2857,LastName_2857,user2857@example.com,United States,Toronto,Consumer,2022-03-10
CUST-02859,FirstName_2858,LastName_2858,user2858@example.com,United States,Melbourne,Consumer,2020-02-18
CUST-02860,FirstName_2859,LastName_2859,user2859@example.com,United States,New York,Home Office,2022-06-05
CUST-02861,FirstName_2860,LastName_2860,user2860@example.com,Germany,Berlin,Home Office,2021-11-02
CUST-02862,FirstName_2861,LastName_2861,user2861@example.com,United States,Manchester,Corporate,2020-12-05
CUST-02863,FirstName_2862,LastName_2862,user2862@example.com,Australia,Melbourne,Consumer,2020-10-06
CUST-02864,FirstName_2863,LastName_2863,user2863@example.com,Canada,Sydney,Consumer,2020-05-07
CUST-02865,FirstName_2864,LastName_2864,user2864@example.com,Canada,Munich,Corporate,2022-03-29
CUST-02866,FirstName_2865,LastName_2865,user2865@example.com,Canada,Toronto,Consumer,2021-01-11
CUST-02867,FirstName_2866,LastName_2866,user2866@example.com,Canada,New York,Corporate,2021-03-23
CUST-02868,FirstName_2867,LastName_2867,user2867@example.com,Germany,Toronto,Corporate,2022-06-29
CUST-02869,FirstName_2868,LastName_2868,user2868@example.com,United States,Toronto,Corporate,2021-02-13
CUST-02870,FirstName_2869,LastName_2869,user2869@example.com,United States,Toronto,Consumer,2022-01-31
CUST-02871,FirstName_2870,LastName_2870,user2870@example.com,Germany,Manchester,Consumer,2021-03-26
CUST-02872,FirstName_2871,LastName_2871,user2871@example.com,Australia,Toronto,Home Office,2022-07-05
CUST-02873,FirstName_2872,LastName_2872,user2872@example.com,Germany,Sydney,Corporate,2022-09-06
CUST-02874,FirstName_2873,LastName_2873,user2873@example.com,Canada,Los Angeles,Corporate,2021-01-30
CUST-02875,FirstName_2874,LastName_2874,user2874@example.com,Germany,Berlin,Corporate,2020-12-13
CUST-02876,FirstName_2875,LastName_2875,user2875@example.com,Canada,Melbourne,Corporate,2022-09-24
CUST-02877,FirstName_2876,LastName_2876,user2876@example.com,Canada,Sydney,Corporate,2020-07-10
CUST-02878,FirstName_2877,LastName_2877,user2877@example.com,United States,Melbourne,Consumer,2021-05-23
CUST-02879,FirstName_2878,LastName_2878,user2878@example.com,Canada,Berlin,Consumer,2021-12-09
CUST-02880,FirstName_2879,LastName_2879,user2879@example.com,United States,Los Angeles,Consumer,2021-05-24
CUST-02881,FirstName_2880,LastName_2880,user2880@example.com,United States,Chicago,Consumer,2021-01-11
CUST-02882,FirstName_2881,LastName_2881,user2881@example.com,Germany,Melbourne,Consumer,2022-08-04
CUST-02883,FirstName_2882,LastName_2882,user2882@example.com,United States,Melbourne,Consumer,2022-03-27
CUST-02884,FirstName_2883,LastName_2883,user2883@example.com,United States,Los Angeles,Home Office,2021-06-15
CUST-02885,FirstName_2884,LastName_2884,user2884@example.com,United States,New York,Consumer,2020-09-30
CUST-02886,FirstName_2885,LastName_2885,user2885@example.com,Australia,Sydney,Consumer,2022-03-31
CUST-02887,FirstName_2886,LastName_2886,user2886@example.com,Canada,New York,Consumer,2020-03-25
CUST-02888,FirstName_2887,LastName_2887,user2887@example.com,Canada,New York,Corporate,2022-01-14
CUST-02889,FirstName_2888,LastName_2888,user2888@example.com,Germany,New York,Consumer,2021-03-10
CUST-02890,FirstName_2889,LastName_2889,user2889@example.com,Germany,Toronto,Consumer,2020-03-21
CUST-02891,FirstName_2890,LastName_2890,user2890@example.com,United States,Munich,Consumer,2021-03-16
CUST-02892,FirstName_2891,LastName_2891,user2891@example.com,United Kingdom,Melbourne,Corporate,2021-09-08
CUST-02893,FirstName_2892,LastName_2892,user2892@example.com,Germany,New York,Home Office,2022-04-22
CUST-02894,FirstName_2893,LastName_2893,user2893@example.com,United Kingdom,Sydney,Home Office,2020-07-03
CUST-02895,FirstName_2894,LastName_2894,user2894@example.com,United States,Munich,Consumer,2021-07-12
CUST-02896,FirstName_2895,LastName_2895,user2895@example.com,Germany,Munich,Corporate,2020-10-27
CUST-02897,FirstName_2896,LastName_2896,user2896@example.com,Canada,New York,Consumer,2020-11-24
CUST-02898,FirstName_2897,LastName_2897,user2897@example.com,United States,Manchester,Consumer,2020-04-15
CUST-02899,FirstName_2898,LastName_2898,user2898@example.com,Canada,New York,Consumer,2020-03-22
CUST-02900,FirstName_2899,LastName_2899,user2899@example.com,United States,Manchester,Consumer,2020-12-01
CUST-02901,FirstName_2900,LastName_2900,user2900@example.com,United States,New York,Corporate,2021-11-07
CUST-02902,FirstName_2901,LastName_2901,user2901@example.com,Germany,Sydney,Consumer,2020-10-29
CUST-02903,FirstName_2902,LastName_2902,user2902@example.com,United States,Manchester,Consumer,2020-11-09
CUST-02904,FirstName_2903,LastName_2903,user2903@example.com,Canada,Toronto,Consumer,2021-04-01
CUST-02905,FirstName_2904,LastName_2904,user2904@example.com,Canada,Munich,Consumer,2021-09-09
CUST-02906,FirstName_2905,LastName_2905,user2905@example.com,United States,New York,Corporate,2022-01-04
CUST-02907,FirstName_2906,LastName_2906,user2906@example.com,Australia,Munich,Corporate,2021-03-12
CUST-02908,FirstName_2907,LastName_2907,user2907@example.com,United States,New York,Corporate,2020-06-19
CUST-02909,FirstName_2908,LastName_2908,user2908@example.com,United States,Melbourne,Consumer,2021-12-07
CUST-02910,FirstName_2909,LastName_2909,user2909@example.com,United States,Melbourne,Consumer,2021-03-30
CUST-02911,FirstName_2910,LastName_2910,user2910@example.com,United States,London,Consumer,2020-12-25
CUST-02912,FirstName_2911,LastName_2911,user2911@example.com,United States,New York,Home Office,2021-04-02
CUST-02913,FirstName_2912,LastName_2912,user2912@example.com,United Kingdom,London,Home Office,2020-02-13
CUST-02914,FirstName_2913,LastName_2913,user2913@example.com,Australia,Los Angeles,Corporate,2022-01-14
CUST-02915,FirstName_2914,LastName_2914,user2914@example.com,United States,Los Angeles,Consumer,2022-06-09
CUST-02916,FirstName_2915,LastName_2915,user2915@example.com,United Kingdom,Munich,Consumer,2022-07-22
CUST-02917,FirstName_2916,LastName_2916,user2916@example.com,United Kingdom,Manchester,Consumer,2020-12-27
CUST-02918,FirstName_2917,LastName_2917,user2917@example.com,Germany,New York,Home Office,2021-09-21
CUST-02919,FirstName_2918,LastName_2918,user2918@example.com,Canada,Berlin,Corporate,2021-03-21
CUST-02920,FirstName_2919,LastName_2919,user2919@example.com,United States,New York,Home Office,2020-10-08
CUST-02921,FirstName_2920,LastName_2920,user2920@example.com,United States,New York,Corporate,2021-10-16
CUST-02922,FirstName_2921,LastName_2921,user2921@example.com,United Kingdom,Berlin,Consumer,2022-03-21
CUST-02923,FirstName_2922,LastName_2922,user2922@example.com,Germany,Los Angeles,Consumer,2022-08-28
CUST-02924,FirstName_2923,LastName_2923,user2923@example.com,United States,London,Consumer,2020-02-28
CUST-02925,FirstName_2924,LastName_2924,user2924@example.com,United States,Munich,Consumer,2020-03-17
CUST-02926,FirstName_2925,LastName_2925,user2925@example.com,Australia,Los Angeles,Consumer,2021-11-18
CUST-02927,FirstName_2926,LastName_2926,user2926@example.com,Germany,Berlin,Corporate,2021-10-14
CUST-02928,FirstName_2927,LastName_2927,user2927@example.com,Australia,New York,Corporate,2021-02-19
CUST-02929,FirstName_2928,LastName_2928,user2928@example.com,Germany,Los Angeles,Consumer,2021-01-07
CUST-02930,FirstName_2929,LastName_2929,user2929@example.com,United States,Sydney,Consumer,2021-06-09
CUST-02931,FirstName_2930,LastName_2930,user2930@example.com,Canada,Melbourne,Consumer,2022-03-31
CUST-02932,FirstName_2931,LastName_2931,user2931@example.com,United Kingdom,New York,Corporate,2022-02-06
CUST-02933,FirstName_2932,LastName_2932,user2932@example.com,United States,Chicago,Consumer,2021-11-26
CUST-02934,FirstName_2933,LastName_2933,user2933@example.com,Canada,Berlin,Consumer,2020-06-12
CUST-02935,FirstName_2934,LastName_2934,user2934@example.com,United Kingdom,Toronto,Home Office,2022-09-02
CUST-02936,FirstName_2935,LastName_2935,user2935@example.com,United States,Manchester,Consumer,2020-02-01
CUST-02937,FirstName_2936,LastName_2936,user2936@example.com,Germany,Toronto,Consumer,2020-05-26
CUST-02938,FirstName_2937,LastName_2937,user2937@example.com,Canada,Los Angeles,Corporate,2022-05-19
CUST-02939,FirstName_2938,LastName_2938,user2938@example.com,Australia,New York,Corporate,2021-09-14
CUST-02940,FirstName_2939,LastName_2939,user2939@example.com,United States,Manchester,Corporate,2021-11-25
CUST-02941,FirstName_2940,LastName_2940,user2940@example.com,United States,Manchester,Consumer,2022-03-11
CUST-02942,FirstName_2941,LastName_2941,user2941@example.com,United Kingdom,Munich,Consumer,2021-03-24
CUST-02943,FirstName_2942,LastName_2942,user2942@example.com,United States,Toronto,Corporate,2020-02-05
CUST-02944,FirstName_2943,LastName_2943,user2943@example.com,United Kingdom,New York,Consumer,2020-05-09
CUST-02945,FirstName_2944,LastName_2944,user2944@example.com,Germany,Munich,Corporate,2020-03-09
CUST-02946,FirstName_2945,LastName_2945,user2945@example.com,United States,London,Home Office,2020-08-29
CUST-02947,FirstName_2946,LastName_2946,user2946@example.com,Canada,Toronto,Home Office,2022-03-08
CUST-02948,FirstName_2947,LastName_2947,user2947@example.com,Canada,Melbourne,Consumer,2021-10-22
CUST-02949,FirstName_2948,LastName_2948,user2948@example.com,United States,Melbourne,Consumer,2021-01-10
CUST-02950,FirstName_2949,LastName_2949,user2949@example.com,Australia,Munich,Consumer,2021-01-05
CUST-02951,FirstName_2950,LastName_2950,user2950@example.com,Germany,London,Corporate,2021-01-27
CUST-02952,FirstName_2951,LastName_2951,user2951@example.com,United Kingdom,Sydney,Consumer,2022-08-30
CUST-02953,FirstName_2952,LastName_2952,user2952@example.com,United Kingdom,Sydney,Consumer,2021-08-03
CUST-02954,FirstName_2953,LastName_2953,user2953@example.com,Canada,Melbourne,Consumer,2020-02-03
CUST-02955,FirstName_2954,LastName_2954,user2954@example.com,Australia,Chicago,Consumer,2021-09-11
CUST-02956,FirstName_2955,LastName_2955,user2955@example.com,United Kingdom,Berlin,Consumer,2020-06-06
CUST-02957,FirstName_2956,LastName_2956,user2956@example.com,United Kingdom,Berlin,Consumer,2021-11-26
CUST-02958,FirstName_2957,LastName_2957,user2957@example.com,Germany,Chicago,Corporate,2021-04-05
CUST-02959,FirstName_2958,LastName_2958,user2958@example.com,United States,Munich,Consumer,2022-08-29
CUST-02960,FirstName_2959,LastName_2959,user2959@example.com,Germany,Berlin,Consumer,2021-01-14
CUST-02961,FirstName_2960,LastName_2960,user2960@example.com,United States,Berlin,Corporate,2021-01-15
CUST-02962,FirstName_2961,LastName_2961,user2961@example.com,United States,Toronto,Corporate,2021-03-30
CUST-02963,FirstName_2962,LastName_2962,user2962@example.com,United States,Toronto,Consumer,2022-02-20
CUST-02964,FirstName_2963,LastName_2963,user2963@example.com,Australia,Chicago,Consumer,2020-03-19
CUST-02965,FirstName_2964,LastName_2964,user2964@example.com,Germany,New York,Corporate,2021-08-10
CUST-02966,FirstName_2965,LastName_2965,user2965@example.com,United Kingdom,London,Consumer,2020-05-20
CUST-02967,FirstName_2966,LastName_2966,user2966@example.com,United Kingdom,Munich,Consumer,2021-06-26
CUST-02968,FirstName_2967,LastName_2967,user2967@example.com,Canada,Toronto,Consumer,2021-01-10
CUST-02969,FirstName_2968,LastName_2968,user2968@example.com,Australia,Toronto,Consumer,2021-02-11
CUST-02970,FirstName_2969,LastName_2969,user2969@example.com,Canada,Sydney,Consumer,2020-11-17
CUST-02971,FirstName_2970,LastName_2970,user2970@example.com,United States,London,Home Office,2021-10-27
CUST-02972,FirstName_2971,LastName_2971,user2971@example.com,United States,Sydney,Corporate,2020-10-12
CUST-02973,FirstName_2972,LastName_2972,user2972@example.com,Germany,New York,Consumer,2020-09-12
CUST-02974,FirstName_2973,LastName_2973,user2973@example.com,United Kingdom,London,Consumer,2022-09-10
CUST-02975,FirstName_2974,LastName_2974,user2974@example.com,United States,Berlin,Corporate,2020-04-26
CUST-02976,FirstName_2975,LastName_2975,user2975@example.com,United States,Sydney,Consumer,2020-01-27
CUST-02977,FirstName_2976,LastName_2976,user2976@example.com,Germany,Melbourne,Consumer,2022-01-23
CUST-02978,FirstName_2977,LastName_2977,user2977@example.com,United States,Munich,Corporate,2020-07-09
CUST-02979,FirstName_2978,LastName_2978,user2978@example.com,United Kingdom,Berlin,Home Office,2021-05-26
CUST-02980,FirstName_2979,LastName_2979,user2979@example.com,Australia,London,Consumer,2021-06-14
CUST-02981,FirstName_2980,LastName_2980,user2980@example.com,Canada,Melbourne,Corporate,2021-01-31
CUST-02982,FirstName_2981,LastName_2981,user2981@example.com,United States,New York,Consumer,2022-07-24
CUST-02983,FirstName_2982,LastName_2982,user2982@example.com,United Kingdom,Melbourne,Consumer,2021-07-29
CUST-02984,FirstName_2983,LastName_2983,user2983@example.com,Germany,Toronto,Consumer,2020-04-30
CUST-02985,FirstName_2984,LastName_2984,user2984@example.com,Canada,Chicago,Corporate,2020-09-25
CUST-02986,FirstName_2985,LastName_2985,user2985@example.com,Australia,Melbourne,Corporate,2022-03-04
CUST-02987,FirstName_2986,LastName_2986,user2986@example.com,United States,Manchester,Corporate,2020-09-23
CUST-02988,FirstName_2987,LastName_2987,user2987@example.com,Canada,New York,Consumer,2021-12-21
CUST-02989,FirstName_2988,LastName_2988,user2988@example.com,United Kingdom,Berlin,Consumer,2021-04-01
CUST-02990,FirstName_2989,LastName_2989,user2989@example.com,Germany,Sydney,Consumer,2020-08-07
CUST-02991,FirstName_2990,LastName_2990,user2990@example.com,United States,Los Angeles,Consumer,2021-09-18
CUST-02992,FirstName_2991,LastName_2991,user2991@example.com,Germany,New York,Consumer,2020-10-19
CUST-02993,FirstName_2992,LastName_2992,user2992@example.com,Canada,Manchester,Home Office,2021-12-11
CUST-02994,FirstName_2993,LastName_2993,user2993@example.com,United States,Toronto,Corporate,2022-07-27
CUST-02995,FirstName_2994,LastName_2994,user2994@example.com,United States,Sydney,Consumer,2021-05-17
CUST-02996,FirstName_2995,LastName_2995,user2995@example.com,Germany,Munich,Consumer,2020-07-23
CUST-02997,FirstName_2996,LastName_2996,user2996@example.com,United States,Los Angeles,Consumer,2020-05-05
CUST-02998,FirstName_2997,LastName_2997,user2997@example.com,United States,Melbourne,Corporate,2020-05-18
CUST-02999,FirstName_2998,LastName_2998,user2998@example.com,United States,Manchester,Corporate,2022-05-23
CUST-03000,FirstName_2999,LastName_2999,user2999@example.com,Germany,Melbourne,Corporate,2020-03-16
CUST-03001,FirstName_3000,LastName_3000,user3000@example.com,United Kingdom,Munich,Consumer,2021-04-07
CUST-03002,FirstName_3001,LastName_3001,user3001@example.com,Germany,New York,Consumer,2020-06-25
CUST-03003,FirstName_3002,LastName_3002,user3002@example.com,United States,Chicago,Home Office,2022-07-09
CUST-03004,FirstName_3003,LastName_3003,user3003@example.com,United Kingdom,Manchester,Home Office,2021-12-31
CUST-03005,FirstName_3004,LastName_3004,user3004@example.com,Canada,London,Consumer,2021-03-31
CUST-03006,FirstName_3005,LastName_3005,user3005@example.com,Germany,Berlin,Consumer,2020-03-30
CUST-03007,FirstName_3006,LastName_3006,user3006@example.com,Australia,London,Consumer,2022-04-09
CUST-03008,FirstName_3007,LastName_3007,user3007@example.com,United States,Chicago,Home Office,2021-11-29
CUST-03009,FirstName_3008,LastName_3008,user3008@example.com,United Kingdom,Munich,Corporate,2022-09-17
CUST-03010,FirstName_3009,LastName_3009,user3009@example.com,United States,London,Corporate,2022-05-15
CUST-03011,FirstName_3010,LastName_3010,user3010@example.com,Canada,Toronto,Consumer,2020-11-23
CUST-03012,FirstName_3011,LastName_3011,user3011@example.com,United States,Manchester,Consumer,2021-11-14
CUST-03013,FirstName_3012,LastName_3012,user3012@example.com,United States,Toronto,Consumer,2020-12-21
CUST-03014,FirstName_3013,LastName_3013,user3013@example.com,United States,Los Angeles,Home Office,2021-12-27
CUST-03015,FirstName_3014,LastName_3014,user3014@example.com,United Kingdom,Chicago,Consumer,2020-03-07
CUST-03016,FirstName_3015,LastName_3015,user3015@example.com,United States,Los Angeles,Corporate,2021-07-17
CUST-03017,FirstName_3016,LastName_3016,user3016@example.com,United Kingdom,Los Angeles,Consumer,2021-07-09
CUST-03018,FirstName_3017,LastName_3017,user3017@example.com,Canada,Los Angeles,Home Office,2020-10-24
CUST-03019,FirstName_3018,LastName_3018,user3018@example.com,United States,New York,Corporate,2022-07-01
CUST-03020,FirstName_3019,LastName_3019,user3019@example.com,Germany,New York,Consumer,2020-11-03
CUST-03021,FirstName_3020,LastName_3020,user3020@example.com,United States,Chicago,Home Office,2022-05-21
CUST-03022,FirstName_3021,LastName_3021,user3021@example.com,Canada,Sydney,Consumer,2020-06-10
CUST-03023,FirstName_3022,LastName_3022,user3022@example.com,United Kingdom,London,Consumer,2021-12-29
CUST-03024,FirstName_3023,LastName_3023,user3023@example.com,United States,New York,Consumer,2021-12-27
CUST-03025,FirstName_3024,LastName_3024,user3024@example.com,United States,Melbourne,Home Office,2022-08-07
CUST-03026,FirstName_3025,LastName_3025,user3025@example.com,United States,Toronto,Home Office,2021-12-18
CUST-03027,FirstName_3026,LastName_3026,user3026@example.com,Australia,New York,Consumer,2021-10-15
CUST-03028,FirstName_3027,LastName_3027,user3027@example.com,United Kingdom,Munich,Corporate,2020-06-27
CUST-03029,FirstName_3028,LastName_3028,user3028@example.com,United Kingdom,Los Angeles,Corporate,2022-03-23
CUST-03030,FirstName_3029,LastName_3029,user3029@example.com,United Kingdom,New York,Corporate,2021-01-05
CUST-03031,FirstName_3030,LastName_3030,user3030@example.com,United States,Chicago,Consumer,2021-06-04
CUST-03032,FirstName_3031,LastName_3031,user3031@example.com,Canada,Toronto,Consumer,2020-08-17
CUST-03033,FirstName_3032,LastName_3032,user3032@example.com,Germany,Toronto,Corporate,2020-05-04
CUST-03034,FirstName_3033,LastName_3033,user3033@example.com,United States,Sydney,Consumer,2020-07-24
CUST-03035,FirstName_3034,LastName_3034,user3034@example.com,United States,Berlin,Consumer,2022-03-22
CUST-03036,FirstName_3035,LastName_3035,user3035@example.com,United States,Berlin,Corporate,2020-05-22
CUST-03037,FirstName_3036,LastName_3036,user3036@example.com,Canada,London,Consumer,2020-08-30
CUST-03038,FirstName_3037,LastName_3037,user3037@example.com,Australia,Melbourne,Home Office,2022-03-20
CUST-03039,FirstName_3038,LastName_3038,user3038@example.com,United States,Manchester,Consumer,2021-05-20
CUST-03040,FirstName_3039,LastName_3039,user3039@example.com,Canada,Chicago,Home Office,2020-01-27
CUST-03041,FirstName_3040,LastName_3040,user3040@example.com,United States,Munich,Consumer,2021-01-04
CUST-03042,FirstName_3041,LastName_3041,user3041@example.com,Australia,New York,Consumer,2021-07-21
CUST-03043,FirstName_3042,LastName_3042,user3042@example.com,United States,Chicago,Consumer,2021-08-09
CUST-03044,FirstName_3043,LastName_3043,user3043@example.com,Canada,Melbourne,Corporate,2021-01-12
CUST-03045,FirstName_3044,LastName_3044,user3044@example.com,United Kingdom,Berlin,Corporate,2021-04-23
CUST-03046,FirstName_3045,LastName_3045,user3045@example.com,United Kingdom,Chicago,Consumer,2022-04-02
CUST-03047,FirstName_3046,LastName_3046,user3046@example.com,Canada,New York,Consumer,2021-07-18
CUST-03048,FirstName_3047,LastName_3047,user3047@example.com,United States,Sydney,Corporate,2020-05-12
CUST-03049,FirstName_3048,LastName_3048,user3048@example.com,United States,London,Consumer,2021-09-18
CUST-03050,FirstName_3049,LastName_3049,user3049@example.com,United States,Sydney,Corporate,2022-06-24
CUST-03051,FirstName_3050,LastName_3050,user3050@example.com,United States,Berlin,Consumer,2020-03-29
CUST-03052,FirstName_3051,LastName_3051,user3051@example.com,Canada,Los Angeles,Corporate,2020-03-08
CUST-03053,FirstName_3052,LastName_3052,user3052@example.com,United States,Berlin,Corporate,2020-11-12
CUST-03054,FirstName_3053,LastName_3053,user3053@example.com,United States,London,Home Office,2021-02-11
CUST-03055,FirstName_3054,LastName_3054,user3054@example.com,United Kingdom,New York,Corporate,2022-01-04
CUST-03056,FirstName_3055,LastName_3055,user3055@example.com,Australia,Melbourne,Consumer,2022-01-06
CUST-03057,FirstName_3056,LastName_3056,user3056@example.com,United Kingdom,Manchester,Consumer,2021-05-05
CUST-03058,FirstName_3057,LastName_3057,user3057@example.com,United States,Sydney,Corporate,2021-06-22
CUST-03059,FirstName_3058,LastName_3058,user3058@example.com,United States,Berlin,Consumer,2021-02-24
CUST-03060,FirstName_3059,LastName_3059,user3059@example.com,Australia,Melbourne,Home Office,2022-02-26
CUST-03061,FirstName_3060,LastName_3060,user3060@example.com,United States,Sydney,Corporate,2021-02-23
CUST-03062,FirstName_3061,LastName_3061,user3061@example.com,United States,Berlin,Consumer,2022-04-23
CUST-03063,FirstName_3062,LastName_3062,user3062@example.com,Canada,London,Consumer,2021-08-11
CUST-03064,FirstName_3063,LastName_3063,user3063@example.com,United Kingdom,Sydney,Consumer,2020-03-16
CUST-03065,FirstName_3064,LastName_3064,user3064@example.com,United Kingdom,Berlin,Consumer,2020-05-08
CUST-03066,FirstName_3065,LastName_3065,user3065@example.com,United States,New York,Consumer,2022-09-22
CUST-03067,FirstName_3066,LastName_3066,user3066@example.com,United States,London,Consumer,2020-11-20
CUST-03068,FirstName_3067,LastName_3067,user3067@example.com,Australia,Melbourne,Consumer,2021-10-19
CUST-03069,FirstName_3068,LastName_3068,user3068@example.com,United States,Melbourne,Consumer,2020-03-16
CUST-03070,FirstName_3069,LastName_3069,user3069@example.com,United Kingdom,Manchester,Consumer,2021-04-05
CUST-03071,FirstName_3070,LastName_3070,user3070@example.com,United Kingdom,Chicago,Consumer,2021-04-22
CUST-03072,FirstName_3071,LastName_3071,user3071@example.com,United Kingdom,Los Angeles,Consumer,2021-11-27
CUST-03073,FirstName_3072,LastName_3072,user3072@example.com,United States,New York,Corporate,2021-06-13
CUST-03074,FirstName_3073,LastName_3073,user3073@example.com,United States,London,Consumer,2020-12-18
CUST-03075,FirstName_3074,LastName_3074,user3074@example.com,Canada,Sydney,Consumer,2020-05-11
CUST-03076,FirstName_3075,LastName_3075,user3075@example.com,Germany,Melbourne,Corporate,2022-06-18
CUST-03077,FirstName_3076,LastName_3076,user3076@example.com,Australia,New York,Home Office,2022-04-28
CUST-03078,FirstName_3077,LastName_3077,user3077@example.com,United States,London,Consumer,2022-03-09
CUST-03079,FirstName_3078,LastName_3078,user3078@example.com,United States,London,Consumer,2021-07-18
CUST-03080,FirstName_3079,LastName_3079,user3079@example.com,Australia,Sydney,Consumer,2021-10-17
CUST-03081,FirstName_3080,LastName_3080,user3080@example.com,United Kingdom,London,Consumer,2021-08-24
CUST-03082,FirstName_3081,LastName_3081,user3081@example.com,Germany,Munich,Home Office,2020-07-05
CUST-03083,FirstName_3082,LastName_3082,user3082@example.com,United States,New York,Corporate,2022-02-25
CUST-03084,FirstName_3083,LastName_3083,user3083@example.com,Canada,Berlin,Corporate,2022-09-16
CUST-03085,FirstName_3084,LastName_3084,user3084@example.com,United Kingdom,Melbourne,Consumer,2020-05-12
CUST-03086,FirstName_3085,LastName_3085,user3085@example.com,United Kingdom,Melbourne,Corporate,2021-03-19
CUST-03087,FirstName_3086,LastName_3086,user3086@example.com,Canada,Berlin,Consumer,2021-05-29
CUST-03088,FirstName_3087,LastName_3087,user3087@example.com,United States,New York,Consumer,2022-07-21
CUST-03089,FirstName_3088,LastName_3088,user3088@example.com,Canada,Los Angeles,Consumer,2022-06-08
CUST-03090,FirstName_3089,LastName_3089,user3089@example.com,United States,New York,Consumer,2020-02-26
CUST-03091,FirstName_3090,LastName_3090,user3090@example.com,Canada,Toronto,Consumer,2022-05-01
CUST-03092,FirstName_3091,LastName_3091,user3091@example.com,Australia,London,Corporate,2020-05-07
CUST-03093,FirstName_3092,LastName_3092,user3092@example.com,United States,Chicago,Consumer,2021-06-14
CUST-03094,FirstName_3093,LastName_3093,user3093@example.com,Germany,Sydney,Consumer,2020-06-05
CUST-03095,FirstName_3094,LastName_3094,user3094@example.com,United States,Munich,Consumer,2020-11-07
CUST-03096,FirstName_3095,LastName_3095,user3095@example.com,United Kingdom,Chicago,Consumer,2020-06-17
CUST-03097,FirstName_3096,LastName_3096,user3096@example.com,Australia,Berlin,Corporate,2020-06-14
CUST-03098,FirstName_3097,LastName_3097,user3097@example.com,United States,Sydney,Corporate,2020-11-26
CUST-03099,FirstName_3098,LastName_3098,user3098@example.com,United States,Sydney,Corporate,2022-08-15
CUST-03100,FirstName_3099,LastName_3099,user3099@example.com,Canada,Sydney,Consumer,2021-12-27
CUST-03101,FirstName_3100,LastName_3100,user3100@example.com,United States,Melbourne,Corporate,2020-08-18
CUST-03102,FirstName_3101,LastName_3101,user3101@example.com,United Kingdom,Munich,Home Office,2020-12-20
CUST-03103,FirstName_3102,LastName_3102,user3102@example.com,Australia,Melbourne,Consumer,2022-08-28
CUST-03104,FirstName_3103,LastName_3103,user3103@example.com,Canada,London,Consumer,2022-08-21
CUST-03105,FirstName_3104,LastName_3104,user3104@example.com,United States,Toronto,Home Office,2021-06-15
CUST-03106,FirstName_3105,LastName_3105,user3105@example.com,Canada,Manchester,Consumer,2022-07-05
CUST-03107,FirstName_3106,LastName_3106,user3106@example.com,United Kingdom,Munich,Consumer,2020-10-17
CUST-03108,FirstName_3107,LastName_3107,user3107@example.com,United States,Chicago,Consumer,2022-05-16
CUST-03109,FirstName_3108,LastName_3108,user3108@example.com,Canada,London,Consumer,2020-03-21
CUST-03110,FirstName_3109,LastName_3109,user3109@example.com,United Kingdom,New York,Consumer,2020-09-13
CUST-03111,FirstName_3110,LastName_3110,user3110@example.com,United Kingdom,Berlin,Consumer,2020-07-20
CUST-03112,FirstName_3111,LastName_3111,user3111@example.com,United States,Toronto,Corporate,2021-10-12
CUST-03113,FirstName_3112,LastName_3112,user3112@example.com,United Kingdom,London,Consumer,2022-09-06
CUST-03114,FirstName_3113,LastName_3113,user3113@example.com,United States,New York,Corporate,2021-07-18
CUST-03115,FirstName_3114,LastName_3114,user3114@example.com,United States,Toronto,Consumer,2020-10-08
CUST-03116,FirstName_3115,LastName_3115,user3115@example.com,Germany,New York,Home Office,2020-05-08
CUST-03117,FirstName_3116,LastName_3116,user3116@example.com,United Kingdom,Munich,Home Office,2021-10-02
CUST-03118,FirstName_3117,LastName_3117,user3117@example.com,United States,New York,Corporate,2020-11-06
CUST-03119,FirstName_3118,LastName_3118,user3118@example.com,United States,Toronto,Home Office,2021-09-21
CUST-03120,FirstName_3119,LastName_3119,user3119@example.com,United States,New York,Corporate,2021-06-30
CUST-03121,FirstName_3120,LastName_3120,user3120@example.com,United States,Chicago,Home Office,2020-04-05
CUST-03122,FirstName_3121,LastName_3121,user3121@example.com,United States,London,Consumer,2021-05-29
CUST-03123,FirstName_3122,LastName_3122,user3122@example.com,United States,Toronto,Consumer,2021-10-18
CUST-03124,FirstName_3123,LastName_3123,user3123@example.com,Canada,Chicago,Corporate,2020-06-21
CUST-03125,FirstName_3124,LastName_3124,user3124@example.com,United Kingdom,New York,Consumer,2021-08-29
CUST-03126,FirstName_3125,LastName_3125,user3125@example.com,United Kingdom,New York,Corporate,2022-08-22
CUST-03127,FirstName_3126,LastName_3126,user3126@example.com,United Kingdom,Sydney,Home Office,2021-08-17
CUST-03128,FirstName_3127,LastName_3127,user3127@example.com,United States,Toronto,Consumer,2020-06-06
CUST-03129,FirstName_3128,LastName_3128,user3128@example.com,Australia,Munich,Corporate,2020-06-24
CUST-03130,FirstName_3129,LastName_3129,user3129@example.com,Germany,New York,Consumer,2021-11-05
CUST-03131,FirstName_3130,LastName_3130,user3130@example.com,Germany,Berlin,Consumer,2021-10-01
CUST-03132,FirstName_3131,LastName_3131,user3131@example.com,Germany,Melbourne,Consumer,2022-01-07
CUST-03133,FirstName_3132,LastName_3132,user3132@example.com,Australia,Manchester,Consumer,2022-07-12
CUST-03134,FirstName_3133,LastName_3133,user3133@example.com,Canada,Melbourne,Consumer,2021-09-11
CUST-03135,FirstName_3134,LastName_3134,user3134@example.com,United States,Munich,Consumer,2020-12-11
CUST-03136,FirstName_3135,LastName_3135,user3135@example.com,United Kingdom,London,Consumer,2022-05-12
CUST-03137,FirstName_3136,LastName_3136,user3136@example.com,United Kingdom,Los Angeles,Corporate,2022-08-04
CUST-03138,FirstName_3137,LastName_3137,user3137@example.com,United Kingdom,Berlin,Corporate,2021-07-31
CUST-03139,FirstName_3138,LastName_3138,user3138@example.com,Canada,Los Angeles,Consumer,2020-02-12
CUST-03140,FirstName_3139,LastName_3139,user3139@example.com,United States,New York,Consumer,2022-04-25
CUST-03141,FirstName_3140,LastName_3140,user3140@example.com,United States,London,Home Office,2022-06-03
CUST-03142,FirstName_3141,LastName_3141,user3141@example.com,Australia,Chicago,Corporate,2020-01-30
CUST-03143,FirstName_3142,LastName_3142,user3142@example.com,Canada,New York,Consumer,2020-03-24
CUST-03144,FirstName_3143,LastName_3143,user3143@example.com,Canada,Los Angeles,Consumer,2020-02-16
CUST-03145,FirstName_3144,LastName_3144,user3144@example.com,United States,New York,Corporate,2022-08-29
CUST-03146,FirstName_3145,LastName_3145,user3145@example.com,United States,Manchester,Corporate,2021-10-18
CUST-03147,FirstName_3146,LastName_3146,user3146@example.com,Germany,Sydney,Consumer,2022-02-28
CUST-03148,FirstName_3147,LastName_3147,user3147@example.com,United Kingdom,Manchester,Consumer,2021-08-13
CUST-03149,FirstName_3148,LastName_3148,user3148@example.com,Germany,London,Consumer,2020-09-28
CUST-03150,FirstName_3149,LastName_3149,user3149@example.com,Canada,Chicago,Corporate,2021-10-28
CUST-03151,FirstName_3150,LastName_3150,user3150@example.com,United Kingdom,Manchester,Consumer,2020-08-03
CUST-03152,FirstName_3151,LastName_3151,user3151@example.com,United States,Toronto,Consumer,2022-02-24
CUST-03153,FirstName_3152,LastName_3152,user3152@example.com,United Kingdom,Chicago,Consumer,2021-08-08
CUST-03154,FirstName_3153,LastName_3153,user3153@example.com,Canada,Los Angeles,Home Office,2021-03-02
CUST-03155,FirstName_3154,LastName_3154,user3154@example.com,Canada,Manchester,Corporate,2021-09-24
CUST-03156,FirstName_3155,LastName_3155,user3155@example.com,United Kingdom,Sydney,Corporate,2021-10-16
CUST-03157,FirstName_3156,LastName_3156,user3156@example.com,Australia,Chicago,Corporate,2020-02-01
CUST-03158,FirstName_3157,LastName_3157,user3157@example.com,United States,New York,Consumer,2021-05-24
CUST-03159,FirstName_3158,LastName_3158,user3158@example.com,Germany,Sydney,Home Office,2022-06-29
CUST-03160,FirstName_3159,LastName_3159,user3159@example.com,United States,New York,Consumer,2021-10-04
CUST-03161,FirstName_3160,LastName_3160,user3160@example.com,Canada,Manchester,Corporate,2021-07-12
CUST-03162,FirstName_3161,LastName_3161,user3161@example.com,United States,Berlin,Consumer,2020-10-23
CUST-03163,FirstName_3162,LastName_3162,user3162@example.com,United States,Berlin,Consumer,2021-10-19
CUST-03164,FirstName_3163,LastName_3163,user3163@example.com,Canada,Los Angeles,Consumer,2022-09-06
CUST-03165,FirstName_3164,LastName_3164,user3164@example.com,United States,Sydney,Corporate,2020-11-05
CUST-03166,FirstName_3165,LastName_3165,user3165@example.com,Canada,New York,Corporate,2021-05-09
CUST-03167,FirstName_3166,LastName_3166,user3166@example.com,Australia,Munich,Consumer,2020-09-07
CUST-03168,FirstName_3167,LastName_3167,user3167@example.com,United States,Sydney,Consumer,2022-04-04
CUST-03169,FirstName_3168,LastName_3168,user3168@example.com,Germany,Toronto,Home Office,2022-04-06
CUST-03170,FirstName_3169,LastName_3169,user3169@example.com,Canada,Los Angeles,Consumer,2021-12-02
CUST-03171,FirstName_3170,LastName_3170,user3170@example.com,United Kingdom,Melbourne,Corporate,2021-02-19
CUST-03172,FirstName_3171,LastName_3171,user3171@example.com,United States,Melbourne,Corporate,2020-10-31
CUST-03173,FirstName_3172,LastName_3172,user3172@example.com,United States,New York,Consumer,2021-04-09
CUST-03174,FirstName_3173,LastName_3173,user3173@example.com,United States,Berlin,Consumer,2020-03-15
CUST-03175,FirstName_3174,LastName_3174,user3174@example.com,United States,Chicago,Consumer,2021-12-06
CUST-03176,FirstName_3175,LastName_3175,user3175@example.com,United States,Toronto,Consumer,2020-03-02
CUST-03177,FirstName_3176,LastName_3176,user3176@example.com,United Kingdom,Melbourne,Consumer,2020-06-10
CUST-03178,FirstName_3177,LastName_3177,user3177@example.com,Germany,New York,Consumer,2021-03-26
CUST-03179,FirstName_3178,LastName_3178,user3178@example.com,Germany,New York,Consumer,2021-03-01
CUST-03180,FirstName_3179,LastName_3179,user3179@example.com,United Kingdom,Manchester,Corporate,2021-05-10
CUST-03181,FirstName_3180,LastName_3180,user3180@example.com,United States,Berlin,Corporate,2021-04-20
CUST-03182,FirstName_3181,LastName_3181,user3181@example.com,United States,Sydney,Consumer,2020-07-27
CUST-03183,FirstName_3182,LastName_3182,user3182@example.com,United States,Chicago,Consumer,2020-12-14
CUST-03184,FirstName_3183,LastName_3183,user3183@example.com,United States,Manchester,Consumer,2021-09-13
CUST-03185,FirstName_3184,LastName_3184,user3184@example.com,Canada,Melbourne,Consumer,2020-05-27
CUST-03186,FirstName_3185,LastName_3185,user3185@example.com,Canada,Chicago,Corporate,2020-11-16
CUST-03187,FirstName_3186,LastName_3186,user3186@example.com,United States,Los Angeles,Consumer,2022-06-01
CUST-03188,FirstName_3187,LastName_3187,user3187@example.com,United States,Berlin,Corporate,2022-01-05
CUST-03189,FirstName_3188,LastName_3188,user3188@example.com,Germany,Melbourne,Consumer,2020-11-22
CUST-03190,FirstName_3189,LastName_3189,user3189@example.com,Germany,New York,Corporate,2022-01-21
CUST-03191,FirstName_3190,LastName_3190,user3190@example.com,United States,Melbourne,Consumer,2022-05-31
CUST-03192,FirstName_3191,LastName_3191,user3191@example.com,Australia,Munich,Corporate,2020-12-19
CUST-03193,FirstName_3192,LastName_3192,user3192@example.com,Australia,London,Home Office,2022-09-25
CUST-03194,FirstName_3193,LastName_3193,user3193@example.com,United States,London,Corporate,2021-02-12
CUST-03195,FirstName_3194,LastName_3194,user3194@example.com,United States,Melbourne,Corporate,2020-05-13
CUST-03196,FirstName_3195,LastName_3195,user3195@example.com,Canada,Munich,Consumer,2022-02-17
CUST-03197,FirstName_3196,LastName_3196,user3196@example.com,Australia,Melbourne,Home Office,2021-01-14
CUST-03198,FirstName_3197,LastName_3197,user3197@example.com,Germany,London,Consumer,2021-06-11
CUST-03199,FirstName_3198,LastName_3198,user3198@example.com,United States,Manchester,Consumer,2021-07-29
CUST-03200,FirstName_3199,LastName_3199,user3199@example.com,United States,Los Angeles,Consumer,2020-04-18
CUST-03201,FirstName_3200,LastName_3200,user3200@example.com,Canada,London,Home Office,2020-11-22
CUST-03202,FirstName_3201,LastName_3201,user3201@example.com,Canada,Los Angeles,Home Office,2020-09-04
CUST-03203,FirstName_3202,LastName_3202,user3202@example.com,United States,New York,Home Office,2021-04-22
CUST-03204,FirstName_3203,LastName_3203,user3203@example.com,Germany,Los Angeles,Corporate,2020-05-05
CUST-03205,FirstName_3204,LastName_3204,user3204@example.com,United Kingdom,Manchester,Consumer,2020-09-30
CUST-03206,FirstName_3205,LastName_3205,user3205@example.com,Germany,Munich,Home Office,2021-04-05
CUST-03207,FirstName_3206,LastName_3206,user3206@example.com,Germany,Los Angeles,Home Office,2020-09-10
CUST-03208,FirstName_3207,LastName_3207,user3207@example.com,United Kingdom,Chicago,Consumer,2020-05-24
CUST-03209,FirstName_3208,LastName_3208,user3208@example.com,Canada,Sydney,Consumer,2020-04-09
CUST-03210,FirstName_3209,LastName_3209,user3209@example.com,United Kingdom,London,Corporate,2020-02-21
CUST-03211,FirstName_3210,LastName_3210,user3210@example.com,United States,Munich,Home Office,2020-10-24
CUST-03212,FirstName_3211,LastName_3211,user3211@example.com,United Kingdom,Toronto,Home Office,2022-08-26
CUST-03213,FirstName_3212,LastName_3212,user3212@example.com,United States,New York,Home Office,2021-01-28
CUST-03214,FirstName_3213,LastName_3213,user3213@example.com,United Kingdom,Sydney,Home Office,2022-06-03
CUST-03215,FirstName_3214,LastName_3214,user3214@example.com,United States,Chicago,Home Office,2021-09-22
CUST-03216,FirstName_3215,LastName_3215,user3215@example.com,United States,Berlin,Corporate,2021-03-04
CUST-03217,FirstName_3216,LastName_3216,user3216@example.com,United States,Manchester,Corporate,2020-09-11
CUST-03218,FirstName_3217,LastName_3217,user3217@example.com,United States,Melbourne,Consumer,2022-09-12
CUST-03219,FirstName_3218,LastName_3218,user3218@example.com,United Kingdom,Sydney,Corporate,2022-06-05
CUST-03220,FirstName_3219,LastName_3219,user3219@example.com,United Kingdom,Munich,Consumer,2022-07-12
CUST-03221,FirstName_3220,LastName_3220,user3220@example.com,Canada,Munich,Home Office,2020-06-12
CUST-03222,FirstName_3221,LastName_3221,user3221@example.com,United States,Munich,Consumer,2022-04-13
CUST-03223,FirstName_3222,LastName_3222,user3222@example.com,United States,New York,Consumer,2020-12-01
CUST-03224,FirstName_3223,LastName_3223,user3223@example.com,United States,Los Angeles,Consumer,2022-08-14
CUST-03225,FirstName_3224,LastName_3224,user3224@example.com,United States,London,Corporate,2021-08-14
CUST-03226,FirstName_3225,LastName_3225,user3225@example.com,Germany,Berlin,Consumer,2022-01-08
CUST-03227,FirstName_3226,LastName_3226,user3226@example.com,United States,Melbourne,Consumer,2020-11-16
CUST-03228,FirstName_3227,LastName_3227,user3227@example.com,United States,Munich,Consumer,2020-07-13
CUST-03229,FirstName_3228,LastName_3228,user3228@example.com,United States,Melbourne,Consumer,2022-02-20
CUST-03230,FirstName_3229,LastName_3229,user3229@example.com,United States,Toronto,Consumer,2020-06-12
CUST-03231,FirstName_3230,LastName_3230,user3230@example.com,Canada,New York,Consumer,2021-05-25
CUST-03232,FirstName_3231,LastName_3231,user3231@example.com,United Kingdom,Munich,Consumer,2021-06-11
CUST-03233,FirstName_3232,LastName_3232,user3232@example.com,United States,Toronto,Consumer,2021-04-23
CUST-03234,FirstName_3233,LastName_3233,user3233@example.com,United States,Berlin,Consumer,2021-05-25
CUST-03235,FirstName_3234,LastName_3234,user3234@example.com,United States,Berlin,Consumer,2022-06-19
CUST-03236,FirstName_3235,LastName_3235,user3235@example.com,United States,London,Home Office,2020-11-11
CUST-03237,FirstName_3236,LastName_3236,user3236@example.com,United States,Chicago,Consumer,2021-05-24
CUST-03238,FirstName_3237,LastName_3237,user3237@example.com,Australia,London,Consumer,2020-01-24
CUST-03239,FirstName_3238,LastName_3238,user3238@example.com,United Kingdom,Los Angeles,Consumer,2020-04-02
CUST-03240,FirstName_3239,LastName_3239,user3239@example.com,Canada,Melbourne,Consumer,2022-08-25
CUST-03241,FirstName_3240,LastName_3240,user3240@example.com,Canada,Manchester,Consumer,2021-02-06
CUST-03242,FirstName_3241,LastName_3241,user3241@example.com,Canada,Berlin,Consumer,2021-06-01
CUST-03243,FirstName_3242,LastName_3242,user3242@example.com,Canada,Manchester,Corporate,2021-04-13
CUST-03244,FirstName_3243,LastName_3243,user3243@example.com,United Kingdom,New York,Corporate,2022-09-16
CUST-03245,FirstName_3244,LastName_3244,user3244@example.com,United Kingdom,Sydney,Consumer,2020-09-03
CUST-03246,FirstName_3245,LastName_3245,user3245@example.com,United States,Munich,Corporate,2020-08-08
CUST-03247,FirstName_3246,LastName_3246,user3246@example.com,Canada,New York,Consumer,2021-08-20
CUST-03248,FirstName_3247,LastName_3247,user3247@example.com,Canada,Berlin,Home Office,2020-12-27
CUST-03249,FirstName_3248,LastName_3248,user3248@example.com,Germany,Toronto,Consumer,2020-02-19
CUST-03250,FirstName_3249,LastName_3249,user3249@example.com,United Kingdom,Melbourne,Corporate,2020-02-21
CUST-03251,FirstName_3250,LastName_3250,user3250@example.com,Canada,Manchester,Consumer,2020-10-15
CUST-03252,FirstName_3251,LastName_3251,user3251@example.com,United States,London,Home Office,2021-05-21
CUST-03253,FirstName_3252,LastName_3252,user3252@example.com,United Kingdom,Sydney,Consumer,2021-09-03
CUST-03254,FirstName_3253,LastName_3253,user3253@example.com,United States,Chicago,Consumer,2022-06-22
CUST-03255,FirstName_3254,LastName_3254,user3254@example.com,United States,New York,Corporate,2022-05-13
CUST-03256,FirstName_3255,LastName_3255,user3255@example.com,United States,Chicago,Consumer,2021-10-31
CUST-03257,FirstName_3256,LastName_3256,user3256@example.com,United Kingdom,Manchester,Corporate,2021-11-19
CUST-03258,FirstName_3257,LastName_3257,user3257@example.com,United States,Manchester,Corporate,2021-04-26
CUST-03259,FirstName_3258,LastName_3258,user3258@example.com,United States,Munich,Consumer,2020-10-19
CUST-03260,FirstName_3259,LastName_3259,user3259@example.com,Germany,Toronto,Consumer,2021-07-03
CUST-03261,FirstName_3260,LastName_3260,user3260@example.com,United States,Toronto,Consumer,2020-01-09
CUST-03262,FirstName_3261,LastName_3261,user3261@example.com,Canada,Los Angeles,Corporate,2022-05-17
CUST-03263,FirstName_3262,LastName_3262,user3262@example.com,Canada,London,Consumer,2020-04-20
CUST-03264,FirstName_3263,LastName_3263,user3263@example.com,United States,Berlin,Consumer,2021-03-17
CUST-03265,FirstName_3264,LastName_3264,user3264@example.com,Germany,Berlin,Home Office,2020-05-17
CUST-03266,FirstName_3265,LastName_3265,user3265@example.com,United States,Manchester,Consumer,2022-06-22
CUST-03267,FirstName_3266,LastName_3266,user3266@example.com,Canada,New York,Home Office,2020-09-27
CUST-03268,FirstName_3267,LastName_3267,user3267@example.com,Canada,Melbourne,Corporate,2022-01-14
CUST-03269,FirstName_3268,LastName_3268,user3268@example.com,United Kingdom,Berlin,Consumer,2021-01-09
CUST-03270,FirstName_3269,LastName_3269,user3269@example.com,United Kingdom,Berlin,Consumer,2022-02-21
CUST-03271,FirstName_3270,LastName_3270,user3270@example.com,United States,New York,Corporate,2021-02-16
CUST-03272,FirstName_3271,LastName_3271,user3271@example.com,United States,London,Consumer,2021-01-09
CUST-03273,FirstName_3272,LastName_3272,user3272@example.com,United Kingdom,Sydney,Consumer,2020-02-16
CUST-03274,FirstName_3273,LastName_3273,user3273@example.com,Canada,Toronto,Consumer,2021-02-14
CUST-03275,FirstName_3274,LastName_3274,user3274@example.com,Germany,Munich,Corporate,2020-02-22
CUST-03276,FirstName_3275,LastName_3275,user3275@example.com,Germany,Munich,Corporate,2021-08-06
CUST-03277,FirstName_3276,LastName_3276,user3276@example.com,Germany,Munich,Consumer,2021-07-29
CUST-03278,FirstName_3277,LastName_3277,user3277@example.com,Canada,New York,Consumer,2020-07-18
CUST-03279,FirstName_3278,LastName_3278,user3278@example.com,United States,Munich,Corporate,2021-01-06
CUST-03280,FirstName_3279,LastName_3279,user3279@example.com,Germany,Manchester,Home Office,2021-07-20
CUST-03281,FirstName_3280,LastName_3280,user3280@example.com,Canada,Los Angeles,Consumer,2020-10-22
CUST-03282,FirstName_3281,LastName_3281,user3281@example.com,United States,New York,Consumer,2020-03-16
CUST-03283,FirstName_3282,LastName_3282,user3282@example.com,Germany,New York,Home Office,2021-01-30
CUST-03284,FirstName_3283,LastName_3283,user3283@example.com,Germany,Toronto,Corporate,2021-05-31
CUST-03285,FirstName_3284,LastName_3284,user3284@example.com,Canada,Munich,Corporate,2021-04-06
CUST-03286,FirstName_3285,LastName_3285,user3285@example.com,United States,Chicago,Home Office,2022-02-21
CUST-03287,FirstName_3286,LastName_3286,user3286@example.com,United States,Sydney,Corporate,2021-07-17
CUST-03288,FirstName_3287,LastName_3287,user3287@example.com,Germany,Los Angeles,Consumer,2020-10-13
CUST-03289,FirstName_3288,LastName_3288,user3288@example.com,Australia,New York,Corporate,2022-04-25
CUST-03290,FirstName_3289,LastName_3289,user3289@example.com,United States,Los Angeles,Corporate,2021-09-30
CUST-03291,FirstName_3290,LastName_3290,user3290@example.com,United States,New York,Home Office,2021-11-27
CUST-03292,FirstName_3291,LastName_3291,user3291@example.com,Germany,London,Consumer,2021-09-17
CUST-03293,FirstName_3292,LastName_3292,user3292@example.com,United States,Toronto,Consumer,2020-05-01
CUST-03294,FirstName_3293,LastName_3293,user3293@example.com,Canada,Manchester,Corporate,2020-05-11
CUST-03295,FirstName_3294,LastName_3294,user3294@example.com,Australia,London,Consumer,2022-09-25
CUST-03296,FirstName_3295,LastName_3295,user3295@example.com,United States,Melbourne,Consumer,2020-04-09
CUST-03297,FirstName_3296,LastName_3296,user3296@example.com,United Kingdom,Munich,Home Office,2021-02-07
CUST-03298,FirstName_3297,LastName_3297,user3297@example.com,United States,Melbourne,Consumer,2021-01-17
CUST-03299,FirstName_3298,LastName_3298,user3298@example.com,United States,Sydney,Corporate,2022-03-24
CUST-03300,FirstName_3299,LastName_3299,user3299@example.com,Germany,Chicago,Home Office,2020-12-13
CUST-03301,FirstName_3300,LastName_3300,user3300@example.com,Canada,Manchester,Consumer,2021-07-25
CUST-03302,FirstName_3301,LastName_3301,user3301@example.com,Australia,London,Home Office,2022-08-19
CUST-03303,FirstName_3302,LastName_3302,user3302@example.com,Canada,Los Angeles,Corporate,2021-01-09
CUST-03304,FirstName_3303,LastName_3303,user3303@example.com,United States,Los Angeles,Consumer,2022-02-12
CUST-03305,FirstName_3304,LastName_3304,user3304@example.com,United States,Sydney,Consumer,2020-05-27
CUST-03306,FirstName_3305,LastName_3305,user3305@example.com,United States,New York,Home Office,2020-07-22
CUST-03307,FirstName_3306,LastName_3306,user3306@example.com,United States,Los Angeles,Consumer,2021-09-08
CUST-03308,FirstName_3307,LastName_3307,user3307@example.com,United States,Munich,Consumer,2021-06-05
CUST-03309,FirstName_3308,LastName_3308,user3308@example.com,United States,Chicago,Consumer,2021-02-15
CUST-03310,FirstName_3309,LastName_3309,user3309@example.com,Canada,Toronto,Consumer,2021-05-27
CUST-03311,FirstName_3310,LastName_3310,user3310@example.com,United Kingdom,Munich,Consumer,2020-02-11
CUST-03312,FirstName_3311,LastName_3311,user3311@example.com,United Kingdom,Chicago,Home Office,2020-02-16
CUST-03313,FirstName_3312,LastName_3312,user3312@example.com,United Kingdom,Sydney,Home Office,2020-02-09
CUST-03314,FirstName_3313,LastName_3313,user3313@example.com,United States,Munich,Consumer,2020-05-20
CUST-03315,FirstName_3314,LastName_3314,user3314@example.com,United States,Toronto,Consumer,2021-12-31
CUST-03316,FirstName_3315,LastName_3315,user3315@example.com,United Kingdom,Toronto,Corporate,2020-12-07
CUST-03317,FirstName_3316,LastName_3316,user3316@example.com,Canada,Berlin,Consumer,2022-04-03
CUST-03318,FirstName_3317,LastName_3317,user3317@example.com,United States,New York,Corporate,2021-04-30
CUST-03319,FirstName_3318,LastName_3318,user3318@example.com,Germany,Sydney,Home Office,2021-06-15
CUST-03320,FirstName_3319,LastName_3319,user3319@example.com,Germany,Munich,Home Office,2021-04-12
CUST-03321,FirstName_3320,LastName_3320,user3320@example.com,Canada,Manchester,Consumer,2020-06-01
CUST-03322,FirstName_3321,LastName_3321,user3321@example.com,United States,Manchester,Consumer,2021-09-12
CUST-03323,FirstName_3322,LastName_3322,user3322@example.com,Germany,Sydney,Consumer,2022-07-03
CUST-03324,FirstName_3323,LastName_3323,user3323@example.com,Canada,Munich,Consumer,2021-06-11
CUST-03325,FirstName_3324,LastName_3324,user3324@example.com,Germany,London,Consumer,2020-05-23
CUST-03326,FirstName_3325,LastName_3325,user3325@example.com,Germany,London,Home Office,2020-12-01
CUST-03327,FirstName_3326,LastName_3326,user3326@example.com,Germany,New York,Home Office,2022-08-11
CUST-03328,FirstName_3327,LastName_3327,user3327@example.com,Canada,Munich,Home Office,2021-09-19
CUST-03329,FirstName_3328,LastName_3328,user3328@example.com,United States,Toronto,Home Office,2020-11-22
CUST-03330,FirstName_3329,LastName_3329,user3329@example.com,United Kingdom,Los Angeles,Consumer,2020-06-15
CUST-03331,FirstName_3330,LastName_3330,user3330@example.com,United Kingdom,Manchester,Corporate,2021-02-06
CUST-03332,FirstName_3331,LastName_3331,user3331@example.com,United Kingdom,Munich,Consumer,2021-09-23
CUST-03333,FirstName_3332,LastName_3332,user3332@example.com,United States,Munich,Consumer,2022-01-27
CUST-03334,FirstName_3333,LastName_3333,user3333@example.com,United States,Los Angeles,Consumer,2022-05-12
CUST-03335,FirstName_3334,LastName_3334,user3334@example.com,Germany,Los Angeles,Corporate,2020-11-02
CUST-03336,FirstName_3335,LastName_3335,user3335@example.com,United Kingdom,Chicago,Corporate,2021-08-30
CUST-03337,FirstName_3336,LastName_3336,user3336@example.com,Australia,Berlin,Consumer,2020-12-10
CUST-03338,FirstName_3337,LastName_3337,user3337@example.com,Germany,New York,Consumer,2021-06-03
CUST-03339,FirstName_3338,LastName_3338,user3338@example.com,Canada,Manchester,Consumer,2022-04-28
CUST-03340,FirstName_3339,LastName_3339,user3339@example.com,United Kingdom,Los Angeles,Consumer,2021-06-05
CUST-03341,FirstName_3340,LastName_3340,user3340@example.com,Germany,London,Consumer,2021-06-29
CUST-03342,FirstName_3341,LastName_3341,user3341@example.com,Canada,Sydney,Corporate,2021-05-16
CUST-03343,FirstName_3342,LastName_3342,user3342@example.com,United Kingdom,London,Corporate,2021-12-26
CUST-03344,FirstName_3343,LastName_3343,user3343@example.com,United States,Chicago,Consumer,2021-07-30
CUST-03345,FirstName_3344,LastName_3344,user3344@example.com,Canada,Chicago,Corporate,2020-11-02
CUST-03346,FirstName_3345,LastName_3345,user3345@example.com,United Kingdom,Los Angeles,Consumer,2021-05-01
CUST-03347,FirstName_3346,LastName_3346,user3346@example.com,United States,Chicago,Home Office,2022-04-15
CUST-03348,FirstName_3347,LastName_3347,user3347@example.com,United States,Toronto,Consumer,2020-01-18
CUST-03349,FirstName_3348,LastName_3348,user3348@example.com,United States,Melbourne,Corporate,2021-01-12
CUST-03350,FirstName_3349,LastName_3349,user3349@example.com,United States,Munich,Home Office,2020-12-05
CUST-03351,FirstName_3350,LastName_3350,user3350@example.com,United States,Munich,Home Office,2021-11-20
CUST-03352,FirstName_3351,LastName_3351,user3351@example.com,Canada,Los Angeles,Consumer,2020-04-22
CUST-03353,FirstName_3352,LastName_3352,user3352@example.com,Australia,Chicago,Corporate,2021-03-02
CUST-03354,FirstName_3353,LastName_3353,user3353@example.com,Canada,Sydney,Consumer,2021-08-20
CUST-03355,FirstName_3354,LastName_3354,user3354@example.com,United States,Toronto,Consumer,2020-11-11
CUST-03356,FirstName_3355,LastName_3355,user3355@example.com,United States,New York,Consumer,2022-03-26
CUST-03357,FirstName_3356,LastName_3356,user3356@example.com,United Kingdom,Chicago,Home Office,2022-07-09
CUST-03358,FirstName_3357,LastName_3357,user3357@example.com,United States,Toronto,Home Office,2022-01-12
CUST-03359,FirstName_3358,LastName_3358,user3358@example.com,Germany,Berlin,Consumer,2022-06-12
CUST-03360,FirstName_3359,LastName_3359,user3359@example.com,United Kingdom,New York,Consumer,2021-12-05
CUST-03361,FirstName_3360,LastName_3360,user3360@example.com,Germany,Munich,Home Office,2021-10-06
CUST-03362,FirstName_3361,LastName_3361,user3361@example.com,United States,Berlin,Consumer,2020-01-28
CUST-03363,FirstName_3362,LastName_3362,user3362@example.com,United Kingdom,Los Angeles,Consumer,2021-09-03
CUST-03364,FirstName_3363,LastName_3363,user3363@example.com,United States,Manchester,Consumer,2021-04-30
CUST-03365,FirstName_3364,LastName_3364,user3364@example.com,Australia,Los Angeles,Corporate,2020-09-28
CUST-03366,FirstName_3365,LastName_3365,user3365@example.com,United Kingdom,Sydney,Consumer,2022-09-17
CUST-03367,FirstName_3366,LastName_3366,user3366@example.com,United States,Toronto,Corporate,2021-11-02
CUST-03368,FirstName_3367,LastName_3367,user3367@example.com,United States,Manchester,Consumer,2022-03-12
CUST-03369,FirstName_3368,LastName_3368,user3368@example.com,United States,New York,Consumer,2022-09-22
CUST-03370,FirstName_3369,LastName_3369,user3369@example.com,United Kingdom,New York,Consumer,2022-03-05
CUST-03371,FirstName_3370,LastName_3370,user3370@example.com,United States,Berlin,Consumer,2021-08-15
CUST-03372,FirstName_3371,LastName_3371,user3371@example.com,Canada,Sydney,Consumer,2021-08-14
CUST-03373,FirstName_3372,LastName_3372,user3372@example.com,United States,Munich,Consumer,2020-08-21
CUST-03374,FirstName_3373,LastName_3373,user3373@example.com,United Kingdom,Chicago,Corporate,2022-01-08
CUST-03375,FirstName_3374,LastName_3374,user3374@example.com,Germany,Chicago,Consumer,2020-02-22
CUST-03376,FirstName_3375,LastName_3375,user3375@example.com,Germany,Manchester,Corporate,2021-08-20
CUST-03377,FirstName_3376,LastName_3376,user3376@example.com,Germany,Sydney,Home Office,2021-05-06
CUST-03378,FirstName_3377,LastName_3377,user3377@example.com,United States,Sydney,Corporate,2020-06-23
CUST-03379,FirstName_3378,LastName_3378,user3378@example.com,United States,New York,Home Office,2021-06-20
CUST-03380,FirstName_3379,LastName_3379,user3379@example.com,United Kingdom,Munich,Consumer,2021-10-06
CUST-03381,FirstName_3380,LastName_3380,user3380@example.com,United States,Toronto,Consumer,2022-01-08
CUST-03382,FirstName_3381,LastName_3381,user3381@example.com,Canada,Munich,Home Office,2021-09-26
CUST-03383,FirstName_3382,LastName_3382,user3382@example.com,United States,London,Home Office,2022-03-04
CUST-03384,FirstName_3383,LastName_3383,user3383@example.com,United States,Sydney,Home Office,2022-05-11
CUST-03385,FirstName_3384,LastName_3384,user3384@example.com,United States,Los Angeles,Corporate,2021-01-24
CUST-03386,FirstName_3385,LastName_3385,user3385@example.com,Germany,Melbourne,Corporate,2020-05-31
CUST-03387,FirstName_3386,LastName_3386,user3386@example.com,United States,Sydney,Consumer,2022-04-21
CUST-03388,FirstName_3387,LastName_3387,user3387@example.com,Canada,Manchester,Corporate,2021-11-28
CUST-03389,FirstName_3388,LastName_3388,user3388@example.com,United States,Los Angeles,Consumer,2020-09-05
CUST-03390,FirstName_3389,LastName_3389,user3389@example.com,United Kingdom,Manchester,Consumer,2020-02-02
CUST-03391,FirstName_3390,LastName_3390,user3390@example.com,United States,Berlin,Consumer,2021-08-09
CUST-03392,FirstName_3391,LastName_3391,user3391@example.com,Germany,Melbourne,Consumer,2022-08-28
CUST-03393,FirstName_3392,LastName_3392,user3392@example.com,Germany,Melbourne,Consumer,2021-12-18
CUST-03394,FirstName_3393,LastName_3393,user3393@example.com,United States,New York,Corporate,2020-04-22
CUST-03395,FirstName_3394,LastName_3394,user3394@example.com,Australia,Sydney,Home Office,2020-07-14
CUST-03396,FirstName_3395,LastName_3395,user3395@example.com,Australia,New York,Corporate,2020-01-20
CUST-03397,FirstName_3396,LastName_3396,user3396@example.com,Germany,Chicago,Consumer,2021-03-27
CUST-03398,FirstName_3397,LastName_3397,user3397@example.com,Germany,Manchester,Home Office,2020-11-17
CUST-03399,FirstName_3398,LastName_3398,user3398@example.com,United States,London,Consumer,2021-03-04
CUST-03400,FirstName_3399,LastName_3399,user3399@example.com,Canada,London,Corporate,2020-06-04
CUST-03401,FirstName_3400,LastName_3400,user3400@example.com,United States,Chicago,Consumer,2021-02-26
CUST-03402,FirstName_3401,LastName_3401,user3401@example.com,United States,Berlin,Consumer,2021-12-08
CUST-03403,FirstName_3402,LastName_3402,user3402@example.com,Australia,London,Consumer,2020-07-27
CUST-03404,FirstName_3403,LastName_3403,user3403@example.com,United States,Manchester,Corporate,2021-02-24
CUST-03405,FirstName_3404,LastName_3404,user3404@example.com,United Kingdom,London,Consumer,2021-05-28
CUST-03406,FirstName_3405,LastName_3405,user3405@example.com,Germany,Chicago,Consumer,2022-03-04
CUST-03407,FirstName_3406,LastName_3406,user3406@example.com,Germany,Los Angeles,Consumer,2021-09-18
CUST-03408,FirstName_3407,LastName_3407,user3407@example.com,Australia,New York,Consumer,2022-07-31
CUST-03409,FirstName_3408,LastName_3408,user3408@example.com,United States,Toronto,Corporate,2021-04-27
CUST-03410,FirstName_3409,LastName_3409,user3409@example.com,United States,Manchester,Consumer,2022-06-12
CUST-03411,FirstName_3410,LastName_3410,user3410@example.com,Canada,New York,Consumer,2022-05-18
CUST-03412,FirstName_3411,LastName_3411,user3411@example.com,United States,Melbourne,Consumer,2022-01-23
CUST-03413,FirstName_3412,LastName_3412,user3412@example.com,United States,Munich,Consumer,2022-01-14
CUST-03414,FirstName_3413,LastName_3413,user3413@example.com,United States,London,Consumer,2020-03-04
CUST-03415,FirstName_3414,LastName_3414,user3414@example.com,Germany,London,Corporate,2021-12-23
CUST-03416,FirstName_3415,LastName_3415,user3415@example.com,Canada,Berlin,Consumer,2020-05-21
CUST-03417,FirstName_3416,LastName_3416,user3416@example.com,United States,New York,Consumer,2021-06-15
CUST-03418,FirstName_3417,LastName_3417,user3417@example.com,United Kingdom,Munich,Consumer,2020-07-31
CUST-03419,FirstName_3418,LastName_3418,user3418@example.com,United States,London,Consumer,2021-07-28
CUST-03420,FirstName_3419,LastName_3419,user3419@example.com,United States,Melbourne,Consumer,2020-11-28
CUST-03421,FirstName_3420,LastName_3420,user3420@example.com,Germany,Berlin,Consumer,2021-11-09
CUST-03422,FirstName_3421,LastName_3421,user3421@example.com,United Kingdom,New York,Consumer,2021-05-04
CUST-03423,FirstName_3422,LastName_3422,user3422@example.com,Germany,Berlin,Consumer,2021-06-22
CUST-03424,FirstName_3423,LastName_3423,user3423@example.com,United States,New York,Home Office,2021-01-20
CUST-03425,FirstName_3424,LastName_3424,user3424@example.com,Germany,Sydney,Corporate,2020-11-17
CUST-03426,FirstName_3425,LastName_3425,user3425@example.com,United Kingdom,Sydney,Corporate,2022-09-06
CUST-03427,FirstName_3426,LastName_3426,user3426@example.com,Canada,Chicago,Consumer,2020-06-26
CUST-03428,FirstName_3427,LastName_3427,user3427@example.com,United Kingdom,Manchester,Corporate,2021-04-15
CUST-03429,FirstName_3428,LastName_3428,user3428@example.com,Germany,Berlin,Home Office,2022-07-23
CUST-03430,FirstName_3429,LastName_3429,user3429@example.com,Canada,Chicago,Corporate,2021-06-29
CUST-03431,FirstName_3430,LastName_3430,user3430@example.com,Canada,Berlin,Consumer,2020-12-16
CUST-03432,FirstName_3431,LastName_3431,user3431@example.com,Australia,London,Consumer,2021-07-13
CUST-03433,FirstName_3432,LastName_3432,user3432@example.com,Germany,Toronto,Consumer,2020-12-28
CUST-03434,FirstName_3433,LastName_3433,user3433@example.com,Canada,Berlin,Consumer,2021-11-23
CUST-03435,FirstName_3434,LastName_3434,user3434@example.com,United Kingdom,London,Consumer,2022-03-01
CUST-03436,FirstName_3435,LastName_3435,user3435@example.com,United States,Munich,Home Office,2022-06-07
CUST-03437,FirstName_3436,LastName_3436,user3436@example.com,United States,Sydney,Corporate,2022-01-08
CUST-03438,FirstName_3437,LastName_3437,user3437@example.com,Canada,Chicago,Consumer,2021-11-28
CUST-03439,FirstName_3438,LastName_3438,user3438@example.com,Australia,Toronto,Consumer,2021-10-20
CUST-03440,FirstName_3439,LastName_3439,user3439@example.com,Australia,Melbourne,Consumer,2022-04-02
CUST-03441,FirstName_3440,LastName_3440,user3440@example.com,United States,Sydney,Consumer,2021-12-10
CUST-03442,FirstName_3441,LastName_3441,user3441@example.com,Canada,Chicago,Consumer,2020-09-27
CUST-03443,FirstName_3442,LastName_3442,user3442@example.com,United States,Toronto,Consumer,2021-09-16
CUST-03444,FirstName_3443,LastName_3443,user3443@example.com,Australia,Melbourne,Consumer,2021-05-10
CUST-03445,FirstName_3444,LastName_3444,user3444@example.com,Australia,Los Angeles,Home Office,2020-07-15
CUST-03446,FirstName_3445,LastName_3445,user3445@example.com,United Kingdom,London,Consumer,2022-09-07
CUST-03447,FirstName_3446,LastName_3446,user3446@example.com,Germany,Los Angeles,Consumer,2020-09-09
CUST-03448,FirstName_3447,LastName_3447,user3447@example.com,United Kingdom,London,Consumer,2020-10-12
CUST-03449,FirstName_3448,LastName_3448,user3448@example.com,Canada,New York,Consumer,2021-07-25
CUST-03450,FirstName_3449,LastName_3449,user3449@example.com,United States,Manchester,Consumer,2020-11-01
CUST-03451,FirstName_3450,LastName_3450,user3450@example.com,Canada,Toronto,Corporate,2020-08-18
CUST-03452,FirstName_3451,LastName_3451,user3451@example.com,United Kingdom,Los Angeles,Consumer,2022-08-22
CUST-03453,FirstName_3452,LastName_3452,user3452@example.com,United Kingdom,Manchester,Consumer,2022-09-23
CUST-03454,FirstName_3453,LastName_3453,user3453@example.com,United States,Toronto,Corporate,2020-10-31
CUST-03455,FirstName_3454,LastName_3454,user3454@example.com,Australia,Chicago,Consumer,2022-02-28
CUST-03456,FirstName_3455,LastName_3455,user3455@example.com,United States,New York,Consumer,2020-10-22
CUST-03457,FirstName_3456,LastName_3456,user3456@example.com,Canada,Chicago,Consumer,2021-12-22
CUST-03458,FirstName_3457,LastName_3457,user3457@example.com,United Kingdom,London,Corporate,2020-07-31
CUST-03459,FirstName_3458,LastName_3458,user3458@example.com,United Kingdom,Manchester,Consumer,2021-12-07
CUST-03460,FirstName_3459,LastName_3459,user3459@example.com,United Kingdom,Toronto,Consumer,2021-12-22
CUST-03461,FirstName_3460,LastName_3460,user3460@example.com,United States,Berlin,Corporate,2021-05-15
CUST-03462,FirstName_3461,LastName_3461,user3461@example.com,United States,Manchester,Consumer,2020-11-20
CUST-03463,FirstName_3462,LastName_3462,user3462@example.com,United Kingdom,Munich,Consumer,2021-05-06
CUST-03464,FirstName_3463,LastName_3463,user3463@example.com,Canada,Melbourne,Consumer,2020-12-23
CUST-03465,FirstName_3464,LastName_3464,user3464@example.com,United States,Los Angeles,Corporate,2021-07-27
CUST-03466,FirstName_3465,LastName_3465,user3465@example.com,United Kingdom,Toronto,Home Office,2022-08-14
CUST-03467,FirstName_3466,LastName_3466,user3466@example.com,Canada,Sydney,Home Office,2022-08-14
CUST-03468,FirstName_3467,LastName_3467,user3467@example.com,United Kingdom,Sydney,Home Office,2022-03-25
CUST-03469,FirstName_3468,LastName_3468,user3468@example.com,Germany,Melbourne,Corporate,2022-01-08
CUST-03470,FirstName_3469,LastName_3469,user3469@example.com,United States,London,Corporate,2020-10-07
CUST-03471,FirstName_3470,LastName_3470,user3470@example.com,United States,Manchester,Corporate,2020-10-21
CUST-03472,FirstName_3471,LastName_3471,user3471@example.com,Germany,Manchester,Consumer,2020-05-04
CUST-03473,FirstName_3472,LastName_3472,user3472@example.com,United Kingdom,Sydney,Consumer,2021-08-10
CUST-03474,FirstName_3473,LastName_3473,user3473@example.com,United Kingdom,Manchester,Consumer,2021-11-23
CUST-03475,FirstName_3474,LastName_3474,user3474@example.com,Germany,Melbourne,Consumer,2021-07-10
CUST-03476,FirstName_3475,LastName_3475,user3475@example.com,Germany,Manchester,Corporate,2021-01-23
CUST-03477,FirstName_3476,LastName_3476,user3476@example.com,Australia,London,Consumer,2022-07-06
CUST-03478,FirstName_3477,LastName_3477,user3477@example.com,Canada,Los Angeles,Consumer,2021-02-08
CUST-03479,FirstName_3478,LastName_3478,user3478@example.com,Canada,Munich,Consumer,2022-04-18
CUST-03480,FirstName_3479,LastName_3479,user3479@example.com,Canada,Los Angeles,Home Office,2020-12-19
CUST-03481,FirstName_3480,LastName_3480,user3480@example.com,United States,Munich,Corporate,2022-09-04
CUST-03482,FirstName_3481,LastName_3481,user3481@example.com,Canada,Berlin,Consumer,2022-03-02
CUST-03483,FirstName_3482,LastName_3482,user3482@example.com,United States,Los Angeles,Consumer,2022-04-03
CUST-03484,FirstName_3483,LastName_3483,user3483@example.com,Australia,Melbourne,Consumer,2020-05-29
CUST-03485,FirstName_3484,LastName_3484,user3484@example.com,Canada,New York,Consumer,2020-10-24
CUST-03486,FirstName_3485,LastName_3485,user3485@example.com,Canada,Berlin,Consumer,2020-02-13
CUST-03487,FirstName_3486,LastName_3486,user3486@example.com,United States,Munich,Corporate,2020-10-21
CUST-03488,FirstName_3487,LastName_3487,user3487@example.com,United States,Munich,Consumer,2022-09-05
CUST-03489,FirstName_3488,LastName_3488,user3488@example.com,United States,Berlin,Consumer,2022-01-01
CUST-03490,FirstName_3489,LastName_3489,user3489@example.com,Canada,Munich,Consumer,2020-03-21
CUST-03491,FirstName_3490,LastName_3490,user3490@example.com,United States,Toronto,Consumer,2020-12-20
CUST-03492,FirstName_3491,LastName_3491,user3491@example.com,United Kingdom,New York,Consumer,2022-08-04
CUST-03493,FirstName_3492,LastName_3492,user3492@example.com,Germany,Melbourne,Consumer,2021-03-28
CUST-03494,FirstName_3493,LastName_3493,user3493@example.com,Germany,Toronto,Consumer,2021-11-02
CUST-03495,FirstName_3494,LastName_3494,user3494@example.com,United Kingdom,Munich,Corporate,2020-09-19
CUST-03496,FirstName_3495,LastName_3495,user3495@example.com,United States,Los Angeles,Consumer,2022-02-04
CUST-03497,FirstName_3496,LastName_3496,user3496@example.com,Germany,Toronto,Consumer,2021-05-05
CUST-03498,FirstName_3497,LastName_3497,user3497@example.com,Germany,Los Angeles,Consumer,2020-08-07
CUST-03499,FirstName_3498,LastName_3498,user3498@example.com,United States,Berlin,Corporate,2020-07-25
CUST-03500,FirstName_3499,LastName_3499,user3499@example.com,United Kingdom,Manchester,Consumer,2022-04-27
CUST-03501,FirstName_3500,LastName_3500,user3500@example.com,United States,Chicago,Corporate,2021-07-05
CUST-03502,FirstName_3501,LastName_3501,user3501@example.com,Germany,Munich,Home Office,2020-10-04
CUST-03503,FirstName_3502,LastName_3502,user3502@example.com,Australia,Chicago,Consumer,2022-08-13
CUST-03504,FirstName_3503,LastName_3503,user3503@example.com,United States,New York,Corporate,2021-07-29
CUST-03505,FirstName_3504,LastName_3504,user3504@example.com,Germany,Los Angeles,Corporate,2021-12-13
CUST-03506,FirstName_3505,LastName_3505,user3505@example.com,United Kingdom,Toronto,Consumer,2020-10-05
CUST-03507,FirstName_3506,LastName_3506,user3506@example.com,Australia,Chicago,Corporate,2020-05-20
CUST-03508,FirstName_3507,LastName_3507,user3507@example.com,Canada,London,Consumer,2020-04-21
CUST-03509,FirstName_3508,LastName_3508,user3508@example.com,Germany,Munich,Consumer,2021-09-22
CUST-03510,FirstName_3509,LastName_3509,user3509@example.com,United States,Chicago,Corporate,2022-01-28
CUST-03511,FirstName_3510,LastName_3510,user3510@example.com,United States,Toronto,Corporate,2021-08-23
CUST-03512,FirstName_3511,LastName_3511,user3511@example.com,United States,Toronto,Home Office,2020-09-02
CUST-03513,FirstName_3512,LastName_3512,user3512@example.com,Australia,New York,Consumer,2020-09-05
CUST-03514,FirstName_3513,LastName_3513,user3513@example.com,Germany,Sydney,Consumer,2020-02-21
CUST-03515,FirstName_3514,LastName_3514,user3514@example.com,Germany,Melbourne,Consumer,2021-11-16
CUST-03516,FirstName_3515,LastName_3515,user3515@example.com,Australia,London,Consumer,2022-07-15
CUST-03517,FirstName_3516,LastName_3516,user3516@example.com,United States,Chicago,Consumer,2021-06-27
CUST-03518,FirstName_3517,LastName_3517,user3517@example.com,United States,Melbourne,Consumer,2020-08-19
CUST-03519,FirstName_3518,LastName_3518,user3518@example.com,United States,London,Consumer,2021-10-15
CUST-03520,FirstName_3519,LastName_3519,user3519@example.com,United States,Sydney,Consumer,2020-08-26
CUST-03521,FirstName_3520,LastName_3520,user3520@example.com,United States,Chicago,Consumer,2020-02-23
CUST-03522,FirstName_3521,LastName_3521,user3521@example.com,Canada,London,Home Office,2020-04-12
CUST-03523,FirstName_3522,LastName_3522,user3522@example.com,United States,Melbourne,Corporate,2021-02-27
CUST-03524,FirstName_3523,LastName_3523,user3523@example.com,United States,Los Angeles,Consumer,2020-12-04
CUST-03525,FirstName_3524,LastName_3524,user3524@example.com,United States,Toronto,Home Office,2022-01-04
CUST-03526,FirstName_3525,LastName_3525,user3525@example.com,United States,Manchester,Corporate,2021-04-28
CUST-03527,FirstName_3526,LastName_3526,user3526@example.com,Australia,Berlin,Home Office,2020-04-12
CUST-03528,FirstName_3527,LastName_3527,user3527@example.com,Germany,Munich,Consumer,2021-11-28
CUST-03529,FirstName_3528,LastName_3528,user3528@example.com,Australia,Manchester,Consumer,2022-02-28
CUST-03530,FirstName_3529,LastName_3529,user3529@example.com,Canada,Chicago,Home Office,2020-05-20
CUST-03531,FirstName_3530,LastName_3530,user3530@example.com,United States,Chicago,Consumer,2020-01-06
CUST-03532,FirstName_3531,LastName_3531,user3531@example.com,Germany,London,Home Office,2022-09-14
CUST-03533,FirstName_3532,LastName_3532,user3532@example.com,United States,Toronto,Corporate,2021-07-17
CUST-03534,FirstName_3533,LastName_3533,user3533@example.com,United States,Sydney,Home Office,2022-08-09
CUST-03535,FirstName_3534,LastName_3534,user3534@example.com,United States,New York,Consumer,2020-06-10
CUST-03536,FirstName_3535,LastName_3535,user3535@example.com,United States,London,Consumer,2021-02-20
CUST-03537,FirstName_3536,LastName_3536,user3536@example.com,United States,New York,Consumer,2021-10-30
CUST-03538,FirstName_3537,LastName_3537,user3537@example.com,United States,Berlin,Home Office,2022-08-15
CUST-03539,FirstName_3538,LastName_3538,user3538@example.com,United Kingdom,Melbourne,Consumer,2022-06-20
CUST-03540,FirstName_3539,LastName_3539,user3539@example.com,United States,London,Consumer,2022-06-18
CUST-03541,FirstName_3540,LastName_3540,user3540@example.com,United States,Berlin,Consumer,2021-05-02
CUST-03542,FirstName_3541,LastName_3541,user3541@example.com,Germany,Munich,Consumer,2021-05-03
CUST-03543,FirstName_3542,LastName_3542,user3542@example.com,United States,London,Consumer,2021-10-28
CUST-03544,FirstName_3543,LastName_3543,user3543@example.com,United States,Toronto,Consumer,2020-07-23
CUST-03545,FirstName_3544,LastName_3544,user3544@example.com,Germany,Toronto,Corporate,2022-02-13
CUST-03546,FirstName_3545,LastName_3545,user3545@example.com,United States,Chicago,Consumer,2022-09-14
CUST-03547,FirstName_3546,LastName_3546,user3546@example.com,United States,Munich,Home Office,2020-10-21
CUST-03548,FirstName_3547,LastName_3547,user3547@example.com,Canada,Chicago,Corporate,2020-11-24
CUST-03549,FirstName_3548,LastName_3548,user3548@example.com,United States,New York,Corporate,2020-10-19
CUST-03550,FirstName_3549,LastName_3549,user3549@example.com,Canada,Manchester,Corporate,2021-10-23
CUST-03551,FirstName_3550,LastName_3550,user3550@example.com,Germany,Sydney,Consumer,2020-03-01
CUST-03552,FirstName_3551,LastName_3551,user3551@example.com,United States,Munich,Consumer,2022-07-18
CUST-03553,FirstName_3552,LastName_3552,user3552@example.com,Canada,Melbourne,Corporate,2022-02-26
CUST-03554,FirstName_3553,LastName_3553,user3553@example.com,Canada,Sydney,Consumer,2020-04-01
CUST-03555,FirstName_3554,LastName_3554,user3554@example.com,United States,Sydney,Consumer,2021-10-29
CUST-03556,FirstName_3555,LastName_3555,user3555@example.com,United Kingdom,Los Angeles,Consumer,2021-08-10
CUST-03557,FirstName_3556,LastName_3556,user3556@example.com,United States,London,Corporate,2020-08-25
CUST-03558,FirstName_3557,LastName_3557,user3557@example.com,Canada,Melbourne,Consumer,2021-07-01
CUST-03559,FirstName_3558,LastName_3558,user3558@example.com,United States,Munich,Consumer,2022-01-26
CUST-03560,FirstName_3559,LastName_3559,user3559@example.com,Canada,Chicago,Consumer,2022-01-10
CUST-03561,FirstName_3560,LastName_3560,user3560@example.com,United States,New York,Home Office,2022-05-20
CUST-03562,FirstName_3561,LastName_3561,user3561@example.com,Germany,London,Consumer,2022-08-17
CUST-03563,FirstName_3562,LastName_3562,user3562@example.com,United States,Los Angeles,Corporate,2020-02-08
CUST-03564,FirstName_3563,LastName_3563,user3563@example.com,Canada,New York,Consumer,2022-07-24
CUST-03565,FirstName_3564,LastName_3564,user3564@example.com,Canada,Munich,Corporate,2022-08-01
CUST-03566,FirstName_3565,LastName_3565,user3565@example.com,United Kingdom,Manchester,Consumer,2020-06-28
CUST-03567,FirstName_3566,LastName_3566,user3566@example.com,Canada,Sydney,Corporate,2021-03-03
CUST-03568,FirstName_3567,LastName_3567,user3567@example.com,United Kingdom,Los Angeles,Consumer,2022-06-22
CUST-03569,FirstName_3568,LastName_3568,user3568@example.com,Germany,New York,Consumer,2022-05-07
CUST-03570,FirstName_3569,LastName_3569,user3569@example.com,Germany,Chicago,Corporate,2020-06-29
CUST-03571,FirstName_3570,LastName_3570,user3570@example.com,United States,Los Angeles,Corporate,2022-08-14
CUST-03572,FirstName_3571,LastName_3571,user3571@example.com,Canada,New York,Corporate,2022-07-30
CUST-03573,FirstName_3572,LastName_3572,user3572@example.com,Germany,Los Angeles,Home Office,2020-02-07
CUST-03574,FirstName_3573,LastName_3573,user3573@example.com,Australia,Chicago,Consumer,2022-05-06
CUST-03575,FirstName_3574,LastName_3574,user3574@example.com,Germany,Chicago,Home Office,2021-02-10
CUST-03576,FirstName_3575,LastName_3575,user3575@example.com,United States,Melbourne,Consumer,2022-03-17
CUST-03577,FirstName_3576,LastName_3576,user3576@example.com,United States,Toronto,Corporate,2021-05-22
CUST-03578,FirstName_3577,LastName_3577,user3577@example.com,Canada,Sydney,Consumer,2020-07-09
CUST-03579,FirstName_3578,LastName_3578,user3578@example.com,United Kingdom,London,Consumer,2022-08-17
CUST-03580,FirstName_3579,LastName_3579,user3579@example.com,Canada,London,Consumer,2022-02-05
CUST-03581,FirstName_3580,LastName_3580,user3580@example.com,Canada,Munich,Consumer,2022-09-12
CUST-03582,FirstName_3581,LastName_3581,user3581@example.com,Germany,Berlin,Consumer,2022-06-12
CUST-03583,FirstName_3582,LastName_3582,user3582@example.com,United States,Munich,Consumer,2022-08-06
CUST-03584,FirstName_3583,LastName_3583,user3583@example.com,Germany,Berlin,Consumer,2020-10-23
CUST-03585,FirstName_3584,LastName_3584,user3584@example.com,Canada,Los Angeles,Consumer,2022-06-16
CUST-03586,FirstName_3585,LastName_3585,user3585@example.com,United States,Berlin,Consumer,2020-02-08
CUST-03587,FirstName_3586,LastName_3586,user3586@example.com,Canada,Toronto,Consumer,2020-01-10
CUST-03588,FirstName_3587,LastName_3587,user3587@example.com,Germany,Toronto,Consumer,2020-11-01
CUST-03589,FirstName_3588,LastName_3588,user3588@example.com,United States,Sydney,Consumer,2021-08-04
CUST-03590,FirstName_3589,LastName_3589,user3589@example.com,United States,New York,Corporate,2021-09-09
CUST-03591,FirstName_3590,LastName_3590,user3590@example.com,Australia,London,Home Office,2020-04-19
CUST-03592,FirstName_3591,LastName_3591,user3591@example.com,United States,Sydney,Consumer,2022-08-08
CUST-03593,FirstName_3592,LastName_3592,user3592@example.com,Canada,Toronto,Corporate,2020-12-09
CUST-03594,FirstName_3593,LastName_3593,user3593@example.com,Canada,New York,Corporate,2020-10-18
CUST-03595,FirstName_3594,LastName_3594,user3594@example.com,Canada,Munich,Consumer,2021-04-10
CUST-03596,FirstName_3595,LastName_3595,user3595@example.com,United Kingdom,London,Corporate,2021-10-18
CUST-03597,FirstName_3596,LastName_3596,user3596@example.com,United States,Melbourne,Consumer,2021-07-10
CUST-03598,FirstName_3597,LastName_3597,user3597@example.com,Canada,London,Consumer,2021-06-20
CUST-03599,FirstName_3598,LastName_3598,user3598@example.com,United States,Los Angeles,Consumer,2021-05-20
CUST-03600,FirstName_3599,LastName_3599,user3599@example.com,United Kingdom,Manchester,Consumer,2022-06-29
CUST-03601,FirstName_3600,LastName_3600,user3600@example.com,United States,London,Corporate,2022-08-19
CUST-03602,FirstName_3601,LastName_3601,user3601@example.com,Canada,Toronto,Consumer,2020-05-17
CUST-03603,FirstName_3602,LastName_3602,user3602@example.com,United States,Los Angeles,Consumer,2022-05-21
CUST-03604,FirstName_3603,LastName_3603,user3603@example.com,United States,Chicago,Consumer,2021-05-31
CUST-03605,FirstName_3604,LastName_3604,user3604@example.com,United States,Berlin,Corporate,2021-04-24
CUST-03606,FirstName_3605,LastName_3605,user3605@example.com,United States,Munich,Corporate,2020-10-06
CUST-03607,FirstName_3606,LastName_3606,user3606@example.com,Germany,Melbourne,Corporate,2020-07-16
CUST-03608,FirstName_3607,LastName_3607,user3607@example.com,United States,Munich,Consumer,2022-04-08
CUST-03609,FirstName_3608,LastName_3608,user3608@example.com,Australia,Chicago,Consumer,2020-04-25
CUST-03610,FirstName_3609,LastName_3609,user3609@example.com,Australia,Manchester,Consumer,2020-12-04
CUST-03611,FirstName_3610,LastName_3610,user3610@example.com,Canada,London,Consumer,2020-06-15
CUST-03612,FirstName_3611,LastName_3611,user3611@example.com,United States,Sydney,Consumer,2022-01-18
CUST-03613,FirstName_3612,LastName_3612,user3612@example.com,United States,Los Angeles,Consumer,2021-04-14
CUST-03614,FirstName_3613,LastName_3613,user3613@example.com,Germany,Melbourne,Consumer,2021-10-25
CUST-03615,FirstName_3614,LastName_3614,user3614@example.com,United States,Chicago,Home Office,2020-09-20
CUST-03616,FirstName_3615,LastName_3615,user3615@example.com,United States,Manchester,Corporate,2022-01-05
CUST-03617,FirstName_3616,LastName_3616,user3616@example.com,Canada,Munich,Consumer,2020-07-09
CUST-03618,FirstName_3617,LastName_3617,user3617@example.com,Germany,Chicago,Consumer,2020-01-15
CUST-03619,FirstName_3618,LastName_3618,user3618@example.com,Germany,Melbourne,Consumer,2022-01-24
CUST-03620,FirstName_3619,LastName_3619,user3619@example.com,United States,Melbourne,Corporate,2020-12-11
CUST-03621,FirstName_3620,LastName_3620,user3620@example.com,United Kingdom,Manchester,Corporate,2022-03-20
CUST-03622,FirstName_3621,LastName_3621,user3621@example.com,United States,Munich,Home Office,2020-10-29
CUST-03623,FirstName_3622,LastName_3622,user3622@example.com,United States,Toronto,Consumer,2021-08-04
CUST-03624,FirstName_3623,LastName_3623,user3623@example.com,Germany,Melbourne,Corporate,2021-11-21
CUST-03625,FirstName_3624,LastName_3624,user3624@example.com,United States,Los Angeles,Consumer,2022-02-14
CUST-03626,FirstName_3625,LastName_3625,user3625@example.com,United States,Los Angeles,Home Office,2020-07-16
CUST-03627,FirstName_3626,LastName_3626,user3626@example.com,United States,Berlin,Corporate,2020-06-28
CUST-03628,FirstName_3627,LastName_3627,user3627@example.com,Germany,Munich,Corporate,2021-09-17
CUST-03629,FirstName_3628,LastName_3628,user3628@example.com,Germany,Chicago,Consumer,2022-05-26
CUST-03630,FirstName_3629,LastName_3629,user3629@example.com,United Kingdom,Los Angeles,Corporate,2021-10-16
CUST-03631,FirstName_3630,LastName_3630,user3630@example.com,Germany,Manchester,Consumer,2022-07-07
CUST-03632,FirstName_3631,LastName_3631,user3631@example.com,United States,Chicago,Consumer,2021-02-19
CUST-03633,FirstName_3632,LastName_3632,user3632@example.com,Canada,Munich,Consumer,2022-04-26
CUST-03634,FirstName_3633,LastName_3633,user3633@example.com,United States,Manchester,Consumer,2021-03-13
CUST-03635,FirstName_3634,LastName_3634,user3634@example.com,United States,London,Consumer,2021-06-11
CUST-03636,FirstName_3635,LastName_3635,user3635@example.com,Canada,New York,Consumer,2020-12-01
CUST-03637,FirstName_3636,LastName_3636,user3636@example.com,Australia,Los Angeles,Consumer,2020-03-29
CUST-03638,FirstName_3637,LastName_3637,user3637@example.com,United States,Los Angeles,Consumer,2021-02-14
CUST-03639,FirstName_3638,LastName_3638,user3638@example.com,United States,Berlin,Consumer,2021-11-16
CUST-03640,FirstName_3639,LastName_3639,user3639@example.com,United States,Toronto,Consumer,2020-04-07
CUST-03641,FirstName_3640,LastName_3640,user3640@example.com,United States,Berlin,Consumer,2020-07-08
CUST-03642,FirstName_3641,LastName_3641,user3641@example.com,Australia,Munich,Consumer,2020-05-23
CUST-03643,FirstName_3642,LastName_3642,user3642@example.com,Canada,Berlin,Consumer,2021-05-03
CUST-03644,FirstName_3643,LastName_3643,user3643@example.com,Canada,Toronto,Corporate,2020-11-27
CUST-03645,FirstName_3644,LastName_3644,user3644@example.com,Germany,Toronto,Consumer,2022-08-16
CUST-03646,FirstName_3645,LastName_3645,user3645@example.com,United States,Melbourne,Corporate,2020-09-11
CUST-03647,FirstName_3646,LastName_3646,user3646@example.com,Canada,Melbourne,Consumer,2020-01-07
CUST-03648,FirstName_3647,LastName_3647,user3647@example.com,Canada,New York,Home Office,2020-09-24
CUST-03649,FirstName_3648,LastName_3648,user3648@example.com,Canada,Manchester,Consumer,2021-01-27
CUST-03650,FirstName_3649,LastName_3649,user3649@example.com,Australia,London,Consumer,2020-08-29
CUST-03651,FirstName_3650,LastName_3650,user3650@example.com,Germany,Toronto,Consumer,2021-04-02
CUST-03652,FirstName_3651,LastName_3651,user3651@example.com,United States,London,Consumer,2022-02-10
CUST-03653,FirstName_3652,LastName_3652,user3652@example.com,Germany,Los Angeles,Corporate,2020-09-30
CUST-03654,FirstName_3653,LastName_3653,user3653@example.com,United States,Sydney,Consumer,2022-09-03
CUST-03655,FirstName_3654,LastName_3654,user3654@example.com,United States,New York,Consumer,2020-12-03
CUST-03656,FirstName_3655,LastName_3655,user3655@example.com,United States,Munich,Home Office,2020-11-05
CUST-03657,FirstName_3656,LastName_3656,user3656@example.com,United States,Chicago,Consumer,2021-08-19
CUST-03658,FirstName_3657,LastName_3657,user3657@example.com,Canada,London,Consumer,2022-01-10
CUST-03659,FirstName_3658,LastName_3658,user3658@example.com,United Kingdom,Berlin,Consumer,2021-08-09
CUST-03660,FirstName_3659,LastName_3659,user3659@example.com,Australia,Toronto,Consumer,2020-01-12
CUST-03661,FirstName_3660,LastName_3660,user3660@example.com,Canada,London,Home Office,2020-09-24
CUST-03662,FirstName_3661,LastName_3661,user3661@example.com,Canada,Chicago,Corporate,2021-10-31
CUST-03663,FirstName_3662,LastName_3662,user3662@example.com,United States,Toronto,Corporate,2021-01-03
CUST-03664,FirstName_3663,LastName_3663,user3663@example.com,United States,Munich,Home Office,2021-12-10
CUST-03665,FirstName_3664,LastName_3664,user3664@example.com,Canada,Sydney,Consumer,2020-08-29
CUST-03666,FirstName_3665,LastName_3665,user3665@example.com,Canada,Berlin,Consumer,2020-03-04
CUST-03667,FirstName_3666,LastName_3666,user3666@example.com,Germany,London,Consumer,2021-11-14
CUST-03668,FirstName_3667,LastName_3667,user3667@example.com,United States,Melbourne,Corporate,2020-05-01
CUST-03669,FirstName_3668,LastName_3668,user3668@example.com,United States,New York,Home Office,2021-04-21
CUST-03670,FirstName_3669,LastName_3669,user3669@example.com,Canada,London,Consumer,2020-11-10
CUST-03671,FirstName_3670,LastName_3670,user3670@example.com,United States,London,Consumer,2020-06-12
CUST-03672,FirstName_3671,LastName_3671,user3671@example.com,United States,Chicago,Home Office,2021-02-19
CUST-03673,FirstName_3672,LastName_3672,user3672@example.com,United Kingdom,Chicago,Consumer,2021-12-03
CUST-03674,FirstName_3673,LastName_3673,user3673@example.com,United States,New York,Home Office,2021-05-29
CUST-03675,FirstName_3674,LastName_3674,user3674@example.com,United Kingdom,London,Consumer,2022-08-03
CUST-03676,FirstName_3675,LastName_3675,user3675@example.com,United States,Manchester,Consumer,2022-07-05
CUST-03677,FirstName_3676,LastName_3676,user3676@example.com,United States,Munich,Consumer,2022-06-28
CUST-03678,FirstName_3677,LastName_3677,user3677@example.com,United States,Chicago,Corporate,2021-12-21
CUST-03679,FirstName_3678,LastName_3678,user3678@example.com,Germany,Chicago,Consumer,2022-02-27
CUST-03680,FirstName_3679,LastName_3679,user3679@example.com,United States,Manchester,Consumer,2020-11-14
CUST-03681,FirstName_3680,LastName_3680,user3680@example.com,Germany,Toronto,Home Office,2021-12-07
CUST-03682,FirstName_3681,LastName_3681,user3681@example.com,United States,London,Corporate,2020-04-30
CUST-03683,FirstName_3682,LastName_3682,user3682@example.com,Germany,New York,Corporate,2021-10-16
CUST-03684,FirstName_3683,LastName_3683,user3683@example.com,United States,Chicago,Consumer,2022-07-27
CUST-03685,FirstName_3684,LastName_3684,user3684@example.com,United Kingdom,New York,Home Office,2022-08-21
CUST-03686,FirstName_3685,LastName_3685,user3685@example.com,Canada,New York,Consumer,2020-10-29
CUST-03687,FirstName_3686,LastName_3686,user3686@example.com,Australia,Munich,Consumer,2021-01-11
CUST-03688,FirstName_3687,LastName_3687,user3687@example.com,United States,Melbourne,Consumer,2021-09-21
CUST-03689,FirstName_3688,LastName_3688,user3688@example.com,United States,Chicago,Consumer,2020-08-14
CUST-03690,FirstName_3689,LastName_3689,user3689@example.com,United States,Berlin,Home Office,2020-08-12
CUST-03691,FirstName_3690,LastName_3690,user3690@example.com,Germany,Toronto,Consumer,2022-09-07
CUST-03692,FirstName_3691,LastName_3691,user3691@example.com,Canada,New York,Consumer,2020-05-16
CUST-03693,FirstName_3692,LastName_3692,user3692@example.com,Germany,Chicago,Corporate,2021-05-04
CUST-03694,FirstName_3693,LastName_3693,user3693@example.com,United States,Toronto,Corporate,2020-06-05
CUST-03695,FirstName_3694,LastName_3694,user3694@example.com,United States,Berlin,Corporate,2021-04-10
CUST-03696,FirstName_3695,LastName_3695,user3695@example.com,United States,Chicago,Consumer,2022-02-04
CUST-03697,FirstName_3696,LastName_3696,user3696@example.com,Australia,London,Corporate,2021-09-12
CUST-03698,FirstName_3697,LastName_3697,user3697@example.com,United Kingdom,New York,Consumer,2021-01-17
CUST-03699,FirstName_3698,LastName_3698,user3698@example.com,Australia,Berlin,Home Office,2021-03-01
CUST-03700,FirstName_3699,LastName_3699,user3699@example.com,United States,London,Consumer,2021-12-19
CUST-03701,FirstName_3700,LastName_3700,user3700@example.com,United Kingdom,New York,Corporate,2021-07-16
CUST-03702,FirstName_3701,LastName_3701,user3701@example.com,United Kingdom,Los Angeles,Consumer,2022-07-23
CUST-03703,FirstName_3702,LastName_3702,user3702@example.com,United States,Sydney,Consumer,2021-04-27
CUST-03704,FirstName_3703,LastName_3703,user3703@example.com,Germany,Manchester,Consumer,2022-02-14
CUST-03705,FirstName_3704,LastName_3704,user3704@example.com,Australia,New York,Consumer,2021-07-04
CUST-03706,FirstName_3705,LastName_3705,user3705@example.com,Germany,Berlin,Consumer,2022-04-01
CUST-03707,FirstName_3706,LastName_3706,user3706@example.com,United Kingdom,Berlin,Corporate,2021-11-11
CUST-03708,FirstName_3707,LastName_3707,user3707@example.com,United States,Sydney,Consumer,2022-04-25
CUST-03709,FirstName_3708,LastName_3708,user3708@example.com,United States,Chicago,Corporate,2020-08-11
CUST-03710,FirstName_3709,LastName_3709,user3709@example.com,Australia,Manchester,Consumer,2022-02-19
CUST-03711,FirstName_3710,LastName_3710,user3710@example.com,United States,Toronto,Consumer,2020-09-10
CUST-03712,FirstName_3711,LastName_3711,user3711@example.com,United Kingdom,New York,Corporate,2021-11-27
CUST-03713,FirstName_3712,LastName_3712,user3712@example.com,United Kingdom,Chicago,Corporate,2022-02-11
CUST-03714,FirstName_3713,LastName_3713,user3713@example.com,United Kingdom,London,Consumer,2021-09-02
CUST-03715,FirstName_3714,LastName_3714,user3714@example.com,Australia,Toronto,Consumer,2022-06-13
CUST-03716,FirstName_3715,LastName_3715,user3715@example.com,United States,Manchester,Corporate,2022-03-17
CUST-03717,FirstName_3716,LastName_3716,user3716@example.com,United States,Chicago,Consumer,2020-03-24
CUST-03718,FirstName_3717,LastName_3717,user3717@example.com,United States,Melbourne,Consumer,2021-06-22
CUST-03719,FirstName_3718,LastName_3718,user3718@example.com,Canada,Toronto,Corporate,2021-04-02
CUST-03720,FirstName_3719,LastName_3719,user3719@example.com,United States,Munich,Consumer,2021-06-24
CUST-03721,FirstName_3720,LastName_3720,user3720@example.com,United States,Munich,Consumer,2021-12-21
CUST-03722,FirstName_3721,LastName_3721,user3721@example.com,Germany,New York,Home Office,2021-01-05
CUST-03723,FirstName_3722,LastName_3722,user3722@example.com,Australia,New York,Corporate,2020-03-20
CUST-03724,FirstName_3723,LastName_3723,user3723@example.com,United States,New York,Consumer,2022-07-28
CUST-03725,FirstName_3724,LastName_3724,user3724@example.com,United States,Manchester,Consumer,2021-07-31
CUST-03726,FirstName_3725,LastName_3725,user3725@example.com,Australia,Melbourne,Consumer,2020-04-24
CUST-03727,FirstName_3726,LastName_3726,user3726@example.com,United States,Chicago,Corporate,2020-03-04
CUST-03728,FirstName_3727,LastName_3727,user3727@example.com,United States,London,Corporate,2022-04-28
CUST-03729,FirstName_3728,LastName_3728,user3728@example.com,United States,Los Angeles,Consumer,2021-07-14
CUST-03730,FirstName_3729,LastName_3729,user3729@example.com,Canada,Berlin,Consumer,2022-07-13
CUST-03731,FirstName_3730,LastName_3730,user3730@example.com,United States,London,Consumer,2021-06-01
CUST-03732,FirstName_3731,LastName_3731,user3731@example.com,Australia,Chicago,Consumer,2020-07-26
CUST-03733,FirstName_3732,LastName_3732,user3732@example.com,Canada,Melbourne,Corporate,2021-08-09
CUST-03734,FirstName_3733,LastName_3733,user3733@example.com,Canada,Manchester,Consumer,2021-07-03
CUST-03735,FirstName_3734,LastName_3734,user3734@example.com,United States,Toronto,Consumer,2020-06-02
CUST-03736,FirstName_3735,LastName_3735,user3735@example.com,Canada,London,Consumer,2020-06-17
CUST-03737,FirstName_3736,LastName_3736,user3736@example.com,United Kingdom,Toronto,Consumer,2020-12-01
CUST-03738,FirstName_3737,LastName_3737,user3737@example.com,Germany,Los Angeles,Consumer,2022-05-24
CUST-03739,FirstName_3738,LastName_3738,user3738@example.com,Germany,Chicago,Consumer,2021-06-16
CUST-03740,FirstName_3739,LastName_3739,user3739@example.com,Canada,Melbourne,Corporate,2021-03-28
CUST-03741,FirstName_3740,LastName_3740,user3740@example.com,Australia,Chicago,Home Office,2020-04-29
CUST-03742,FirstName_3741,LastName_3741,user3741@example.com,Germany,Berlin,Home Office,2021-11-27
CUST-03743,FirstName_3742,LastName_3742,user3742@example.com,Germany,Manchester,Consumer,2020-07-29
CUST-03744,FirstName_3743,LastName_3743,user3743@example.com,United States,Berlin,Corporate,2022-01-04
CUST-03745,FirstName_3744,LastName_3744,user3744@example.com,United States,Chicago,Home Office,2021-08-20
CUST-03746,FirstName_3745,LastName_3745,user3745@example.com,United States,Berlin,Consumer,2021-05-15
CUST-03747,FirstName_3746,LastName_3746,user3746@example.com,United Kingdom,Sydney,Consumer,2020-04-03
CUST-03748,FirstName_3747,LastName_3747,user3747@example.com,Canada,Chicago,Consumer,2022-07-09
CUST-03749,FirstName_3748,LastName_3748,user3748@example.com,Canada,Melbourne,Consumer,2021-06-06
CUST-03750,FirstName_3749,LastName_3749,user3749@example.com,Germany,London,Corporate,2021-04-01
CUST-03751,FirstName_3750,LastName_3750,user3750@example.com,Germany,Melbourne,Consumer,2022-04-08
CUST-03752,FirstName_3751,LastName_3751,user3751@example.com,Australia,Sydney,Consumer,2020-02-26
CUST-03753,FirstName_3752,LastName_3752,user3752@example.com,United States,London,Consumer,2021-04-09
CUST-03754,FirstName_3753,LastName_3753,user3753@example.com,United Kingdom,Sydney,Consumer,2020-05-15
CUST-03755,FirstName_3754,LastName_3754,user3754@example.com,United States,London,Consumer,2021-06-09
CUST-03756,FirstName_3755,LastName_3755,user3755@example.com,United States,Melbourne,Consumer,2021-03-01
CUST-03757,FirstName_3756,LastName_3756,user3756@example.com,United States,Chicago,Consumer,2021-04-12
CUST-03758,FirstName_3757,LastName_3757,user3757@example.com,United States,New York,Corporate,2021-07-31
CUST-03759,FirstName_3758,LastName_3758,user3758@example.com,Canada,Munich,Corporate,2020-02-29
CUST-03760,FirstName_3759,LastName_3759,user3759@example.com,Germany,Munich,Corporate,2021-07-26
CUST-03761,FirstName_3760,LastName_3760,user3760@example.com,United States,Sydney,Corporate,2021-04-18
CUST-03762,FirstName_3761,LastName_3761,user3761@example.com,United Kingdom,Munich,Corporate,2021-11-19
CUST-03763,FirstName_3762,LastName_3762,user3762@example.com,Canada,Melbourne,Corporate,2022-04-06
CUST-03764,FirstName_3763,LastName_3763,user3763@example.com,United States,Toronto,Corporate,2020-11-11
CUST-03765,FirstName_3764,LastName_3764,user3764@example.com,Canada,Sydney,Corporate,2022-01-10
CUST-03766,FirstName_3765,LastName_3765,user3765@example.com,United States,London,Consumer,2020-01-23
CUST-03767,FirstName_3766,LastName_3766,user3766@example.com,Canada,Manchester,Consumer,2021-02-09
CUST-03768,FirstName_3767,LastName_3767,user3767@example.com,Canada,Berlin,Corporate,2020-09-17
CUST-03769,FirstName_3768,LastName_3768,user3768@example.com,United States,Melbourne,Consumer,2022-04-16
CUST-03770,FirstName_3769,LastName_3769,user3769@example.com,United States,London,Consumer,2020-01-04
CUST-03771,FirstName_3770,LastName_3770,user3770@example.com,Canada,Toronto,Consumer,2022-02-02
CUST-03772,FirstName_3771,LastName_3771,user3771@example.com,Australia,Manchester,Consumer,2020-08-11
CUST-03773,FirstName_3772,LastName_3772,user3772@example.com,United States,Munich,Home Office,2021-08-15
CUST-03774,FirstName_3773,LastName_3773,user3773@example.com,United Kingdom,Toronto,Consumer,2020-03-15
CUST-03775,FirstName_3774,LastName_3774,user3774@example.com,United Kingdom,Sydney,Consumer,2020-02-16
CUST-03776,FirstName_3775,LastName_3775,user3775@example.com,Australia,Los Angeles,Consumer,2021-03-09
CUST-03777,FirstName_3776,LastName_3776,user3776@example.com,Germany,Los Angeles,Corporate,2020-12-18
CUST-03778,FirstName_3777,LastName_3777,user3777@example.com,Canada,Munich,Consumer,2021-12-18
CUST-03779,FirstName_3778,LastName_3778,user3778@example.com,United Kingdom,Los Angeles,Corporate,2020-03-06
CUST-03780,FirstName_3779,LastName_3779,user3779@example.com,Germany,Los Angeles,Corporate,2021-07-08
CUST-03781,FirstName_3780,LastName_3780,user3780@example.com,United States,London,Consumer,2020-03-02
CUST-03782,FirstName_3781,LastName_3781,user3781@example.com,United States,London,Consumer,2022-08-15
CUST-03783,FirstName_3782,LastName_3782,user3782@example.com,United States,Berlin,Consumer,2022-07-04
CUST-03784,FirstName_3783,LastName_3783,user3783@example.com,Germany,Chicago,Corporate,2020-03-11
CUST-03785,FirstName_3784,LastName_3784,user3784@example.com,Germany,Munich,Corporate,2022-08-14
CUST-03786,FirstName_3785,LastName_3785,user3785@example.com,United States,Los Angeles,Consumer,2021-04-28
CUST-03787,FirstName_3786,LastName_3786,user3786@example.com,Canada,Berlin,Consumer,2020-02-02
CUST-03788,FirstName_3787,LastName_3787,user3787@example.com,Canada,Munich,Consumer,2020-10-20
CUST-03789,FirstName_3788,LastName_3788,user3788@example.com,United States,Los Angeles,Corporate,2021-02-22
CUST-03790,FirstName_3789,LastName_3789,user3789@example.com,Australia,Melbourne,Consumer,2020-07-03
CUST-03791,FirstName_3790,LastName_3790,user3790@example.com,United States,New York,Consumer,2022-02-26
CUST-03792,FirstName_3791,LastName_3791,user3791@example.com,United States,Melbourne,Consumer,2020-05-18
CUST-03793,FirstName_3792,LastName_3792,user3792@example.com,Canada,Manchester,Corporate,2022-02-23
CUST-03794,FirstName_3793,LastName_3793,user3793@example.com,United Kingdom,Munich,Corporate,2021-10-18
CUST-03795,FirstName_3794,LastName_3794,user3794@example.com,United States,Chicago,Consumer,2022-01-16
CUST-03796,FirstName_3795,LastName_3795,user3795@example.com,United Kingdom,Manchester,Corporate,2021-10-23
CUST-03797,FirstName_3796,LastName_3796,user3796@example.com,Canada,Berlin,Consumer,2022-09-13
CUST-03798,FirstName_3797,LastName_3797,user3797@example.com,United States,Berlin,Home Office,2021-03-06
CUST-03799,FirstName_3798,LastName_3798,user3798@example.com,United States,Los Angeles,Consumer,2021-01-18
CUST-03800,FirstName_3799,LastName_3799,user3799@example.com,Canada,Manchester,Corporate,2022-07-01
CUST-03801,FirstName_3800,LastName_3800,user3800@example.com,United States,Los Angeles,Consumer,2021-01-26
CUST-03802,FirstName_3801,LastName_3801,user3801@example.com,Australia,Munich,Consumer,2021-04-04
CUST-03803,FirstName_3802,LastName_3802,user3802@example.com,Germany,Berlin,Corporate,2022-06-09
CUST-03804,FirstName_3803,LastName_3803,user3803@example.com,Australia,New York,Consumer,2022-07-28
CUST-03805,FirstName_3804,LastName_3804,user3804@example.com,United States,Berlin,Consumer,2022-07-17
CUST-03806,FirstName_3805,LastName_3805,user3805@example.com,Australia,London,Consumer,2021-01-21
CUST-03807,FirstName_3806,LastName_3806,user3806@example.com,Canada,Toronto,Consumer,2021-01-19
CUST-03808,FirstName_3807,LastName_3807,user3807@example.com,United States,Chicago,Consumer,2020-03-23
CUST-03809,FirstName_3808,LastName_3808,user3808@example.com,United States,Manchester,Consumer,2021-11-30
CUST-03810,FirstName_3809,LastName_3809,user3809@example.com,United States,Los Angeles,Corporate,2022-09-14
CUST-03811,FirstName_3810,LastName_3810,user3810@example.com,United Kingdom,Toronto,Corporate,2021-11-08
CUST-03812,FirstName_3811,LastName_3811,user3811@example.com,Canada,Toronto,Consumer,2022-06-14
CUST-03813,FirstName_3812,LastName_3812,user3812@example.com,United States,Melbourne,Consumer,2021-07-06
CUST-03814,FirstName_3813,LastName_3813,user3813@example.com,United Kingdom,Sydney,Home Office,2020-05-16
CUST-03815,FirstName_3814,LastName_3814,user3814@example.com,United States,Melbourne,Consumer,2021-10-31
CUST-03816,FirstName_3815,LastName_3815,user3815@example.com,Canada,Melbourne,Consumer,2022-05-30
CUST-03817,FirstName_3816,LastName_3816,user3816@example.com,United States,Chicago,Corporate,2020-12-22
CUST-03818,FirstName_3817,LastName_3817,user3817@example.com,Germany,London,Corporate,2020-05-01
CUST-03819,FirstName_3818,LastName_3818,user3818@example.com,Germany,Berlin,Consumer,2020-07-01
CUST-03820,FirstName_3819,LastName_3819,user3819@example.com,Canada,Melbourne,Consumer,2021-07-04
CUST-03821,FirstName_3820,LastName_3820,user3820@example.com,United States,Munich,Consumer,2021-02-06
CUST-03822,FirstName_3821,LastName_3821,user3821@example.com,United States,Berlin,Home Office,2021-06-25
CUST-03823,FirstName_3822,LastName_3822,user3822@example.com,Germany,London,Consumer,2020-05-10
CUST-03824,FirstName_3823,LastName_3823,user3823@example.com,United States,Los Angeles,Home Office,2022-01-15
CUST-03825,FirstName_3824,LastName_3824,user3824@example.com,United States,Sydney,Consumer,2020-08-16
CUST-03826,FirstName_3825,LastName_3825,user3825@example.com,United States,Berlin,Consumer,2022-05-04
CUST-03827,FirstName_3826,LastName_3826,user3826@example.com,Canada,Manchester,Consumer,2020-01-04
CUST-03828,FirstName_3827,LastName_3827,user3827@example.com,Canada,Chicago,Corporate,2022-02-13
CUST-03829,FirstName_3828,LastName_3828,user3828@example.com,Germany,Toronto,Consumer,2020-01-24
CUST-03830,FirstName_3829,LastName_3829,user3829@example.com,United States,Los Angeles,Consumer,2020-11-01
CUST-03831,FirstName_3830,LastName_3830,user3830@example.com,United States,London,Home Office,2021-04-19
CUST-03832,FirstName_3831,LastName_3831,user3831@example.com,Germany,Melbourne,Home Office,2021-11-20
CUST-03833,FirstName_3832,LastName_3832,user3832@example.com,Germany,Munich,Consumer,2022-01-06
CUST-03834,FirstName_3833,LastName_3833,user3833@example.com,United States,Munich,Consumer,2021-07-11
CUST-03835,FirstName_3834,LastName_3834,user3834@example.com,Canada,Sydney,Corporate,2021-03-10
CUST-03836,FirstName_3835,LastName_3835,user3835@example.com,United States,London,Corporate,2021-06-28
CUST-03837,FirstName_3836,LastName_3836,user3836@example.com,Australia,Los Angeles,Consumer,2021-01-23
CUST-03838,FirstName_3837,LastName_3837,user3837@example.com,United States,Manchester,Home Office,2022-04-23
CUST-03839,FirstName_3838,LastName_3838,user3838@example.com,Australia,Toronto,Consumer,2020-08-23
CUST-03840,FirstName_3839,LastName_3839,user3839@example.com,United Kingdom,Melbourne,Corporate,2020-09-10
CUST-03841,FirstName_3840,LastName_3840,user3840@example.com,Canada,Chicago,Consumer,2021-04-16
CUST-03842,FirstName_3841,LastName_3841,user3841@example.com,United States,New York,Consumer,2020-12-20
CUST-03843,FirstName_3842,LastName_3842,user3842@example.com,Canada,New York,Consumer,2020-06-07
CUST-03844,FirstName_3843,LastName_3843,user3843@example.com,Canada,Melbourne,Corporate,2020-10-09
CUST-03845,FirstName_3844,LastName_3844,user3844@example.com,United States,Los Angeles,Home Office,2020-07-12
CUST-03846,FirstName_3845,LastName_3845,user3845@example.com,United Kingdom,Melbourne,Consumer,2022-08-17
CUST-03847,FirstName_3846,LastName_3846,user3846@example.com,Australia,London,Consumer,2022-06-15
CUST-03848,FirstName_3847,LastName_3847,user3847@example.com,Canada,New York,Consumer,2022-01-12
CUST-03849,FirstName_3848,LastName_3848,user3848@example.com,United Kingdom,Sydney,Home Office,2022-02-22
CUST-03850,FirstName_3849,LastName_3849,user3849@example.com,United States,London,Home Office,2020-04-25
CUST-03851,FirstName_3850,LastName_3850,user3850@example.com,Canada,New York,Corporate,2020-02-02
CUST-03852,FirstName_3851,LastName_3851,user3851@example.com,United States,Manchester,Consumer,2022-04-08
CUST-03853,FirstName_3852,LastName_3852,user3852@example.com,United Kingdom,Toronto,Home Office,2021-11-07
CUST-03854,FirstName_3853,LastName_3853,user3853@example.com,Australia,Munich,Consumer,2021-03-05
CUST-03855,FirstName_3854,LastName_3854,user3854@example.com,United Kingdom,London,Consumer,2021-09-21
CUST-03856,FirstName_3855,LastName_3855,user3855@example.com,United States,Munich,Consumer,2022-02-23
CUST-03857,FirstName_3856,LastName_3856,user3856@example.com,United States,Munich,Consumer,2022-08-16
CUST-03858,FirstName_3857,LastName_3857,user3857@example.com,Canada,New York,Corporate,2022-06-23
CUST-03859,FirstName_3858,LastName_3858,user3858@example.com,Canada,London,Corporate,2022-06-29
CUST-03860,FirstName_3859,LastName_3859,user3859@example.com,Germany,Toronto,Consumer,2020-01-17
CUST-03861,FirstName_3860,LastName_3860,user3860@example.com,Germany,Manchester,Consumer,2020-09-03
CUST-03862,FirstName_3861,LastName_3861,user3861@example.com,United Kingdom,Berlin,Consumer,2020-07-30
CUST-03863,FirstName_3862,LastName_3862,user3862@example.com,United States,Sydney,Consumer,2020-03-09
CUST-03864,FirstName_3863,LastName_3863,user3863@example.com,United States,Munich,Consumer,2020-04-13
CUST-03865,FirstName_3864,LastName_3864,user3864@example.com,United States,Toronto,Consumer,2021-08-31
CUST-03866,FirstName_3865,LastName_3865,user3865@example.com,United States,Chicago,Corporate,2020-02-04
CUST-03867,FirstName_3866,LastName_3866,user3866@example.com,Canada,Chicago,Home Office,2021-04-02
CUST-03868,FirstName_3867,LastName_3867,user3867@example.com,United Kingdom,Berlin,Home Office,2021-09-04
CUST-03869,FirstName_3868,LastName_3868,user3868@example.com,United Kingdom,Berlin,Home Office,2021-11-19
CUST-03870,FirstName_3869,LastName_3869,user3869@example.com,United States,Berlin,Corporate,2021-12-21
CUST-03871,FirstName_3870,LastName_3870,user3870@example.com,United States,Sydney,Consumer,2022-06-12
CUST-03872,FirstName_3871,LastName_3871,user3871@example.com,United States,Sydney,Home Office,2020-02-19
CUST-03873,FirstName_3872,LastName_3872,user3872@example.com,United States,Manchester,Consumer,2020-09-07
CUST-03874,FirstName_3873,LastName_3873,user3873@example.com,Germany,Munich,Corporate,2022-01-28
CUST-03875,FirstName_3874,LastName_3874,user3874@example.com,United States,Los Angeles,Consumer,2020-02-15
CUST-03876,FirstName_3875,LastName_3875,user3875@example.com,Canada,Chicago,Corporate,2021-02-15
CUST-03877,FirstName_3876,LastName_3876,user3876@example.com,United States,New York,Consumer,2021-03-25
CUST-03878,FirstName_3877,LastName_3877,user3877@example.com,Germany,New York,Consumer,2020-08-27
CUST-03879,FirstName_3878,LastName_3878,user3878@example.com,Canada,Berlin,Consumer,2021-07-06
CUST-03880,FirstName_3879,LastName_3879,user3879@example.com,United States,Melbourne,Consumer,2020-08-10
CUST-03881,FirstName_3880,LastName_3880,user3880@example.com,Canada,Chicago,Home Office,2022-02-11
CUST-03882,FirstName_3881,LastName_3881,user3881@example.com,United Kingdom,Los Angeles,Consumer,2022-06-03
CUST-03883,FirstName_3882,LastName_3882,user3882@example.com,Australia,Los Angeles,Consumer,2022-03-05
CUST-03884,FirstName_3883,LastName_3883,user3883@example.com,United States,New York,Home Office,2020-02-27
CUST-03885,FirstName_3884,LastName_3884,user3884@example.com,Germany,Melbourne,Corporate,2020-05-23
CUST-03886,FirstName_3885,LastName_3885,user3885@example.com,Australia,Los Angeles,Consumer,2021-05-30
CUST-03887,FirstName_3886,LastName_3886,user3886@example.com,Australia,Chicago,Consumer,2020-10-23
CUST-03888,FirstName_3887,LastName_3887,user3887@example.com,United Kingdom,Munich,Consumer,2020-08-27
CUST-03889,FirstName_3888,LastName_3888,user3888@example.com,United Kingdom,Toronto,Home Office,2022-04-15
CUST-03890,FirstName_3889,LastName_3889,user3889@example.com,Canada,Melbourne,Corporate,2022-07-27
CUST-03891,FirstName_3890,LastName_3890,user3890@example.com,Germany,Los Angeles,Home Office,2022-01-19
CUST-03892,FirstName_3891,LastName_3891,user3891@example.com,Canada,Melbourne,Consumer,2021-08-12
CUST-03893,FirstName_3892,LastName_3892,user3892@example.com,United Kingdom,Melbourne,Consumer,2020-11-22
CUST-03894,FirstName_3893,LastName_3893,user3893@example.com,Canada,Munich,Consumer,2021-08-14
CUST-03895,FirstName_3894,LastName_3894,user3894@example.com,United Kingdom,Chicago,Corporate,2021-09-04
CUST-03896,FirstName_3895,LastName_3895,user3895@example.com,Germany,New York,Consumer,2022-03-02
CUST-03897,FirstName_3896,LastName_3896,user3896@example.com,United States,Munich,Consumer,2021-11-19
CUST-03898,FirstName_3897,LastName_3897,user3897@example.com,Germany,Los Angeles,Consumer,2022-04-18
CUST-03899,FirstName_3898,LastName_3898,user3898@example.com,Canada,Berlin,Consumer,2020-11-24
CUST-03900,FirstName_3899,LastName_3899,user3899@example.com,Germany,Munich,Corporate,2020-08-30
CUST-03901,FirstName_3900,LastName_3900,user3900@example.com,Canada,Berlin,Consumer,2020-11-05
CUST-03902,FirstName_3901,LastName_3901,user3901@example.com,United States,London,Consumer,2022-06-16
CUST-03903,FirstName_3902,LastName_3902,user3902@example.com,Australia,New York,Consumer,2020-05-26
CUST-03904,FirstName_3903,LastName_3903,user3903@example.com,United States,Chicago,Home Office,2021-11-07
CUST-03905,FirstName_3904,LastName_3904,user3904@example.com,Germany,Toronto,Consumer,2021-06-17
CUST-03906,FirstName_3905,LastName_3905,user3905@example.com,Canada,Melbourne,Consumer,2020-08-14
CUST-03907,FirstName_3906,LastName_3906,user3906@example.com,Canada,Berlin,Consumer,2021-02-27
CUST-03908,FirstName_3907,LastName_3907,user3907@example.com,United States,Toronto,Consumer,2020-11-03
CUST-03909,FirstName_3908,LastName_3908,user3908@example.com,Canada,Toronto,Home Office,2020-10-08
CUST-03910,FirstName_3909,LastName_3909,user3909@example.com,United States,Berlin,Consumer,2020-03-03
CUST-03911,FirstName_3910,LastName_3910,user3910@example.com,United States,Toronto,Home Office,2021-07-24
CUST-03912,FirstName_3911,LastName_3911,user3911@example.com,United States,Melbourne,Consumer,2022-08-29
CUST-03913,FirstName_3912,LastName_3912,user3912@example.com,United States,Manchester,Home Office,2021-08-28
CUST-03914,FirstName_3913,LastName_3913,user3913@example.com,Australia,London,Corporate,2022-06-19
CUST-03915,FirstName_3914,LastName_3914,user3914@example.com,Australia,Berlin,Consumer,2022-01-22
CUST-03916,FirstName_3915,LastName_3915,user3915@example.com,United States,Melbourne,Corporate,2022-07-22
CUST-03917,FirstName_3916,LastName_3916,user3916@example.com,United Kingdom,New York,Consumer,2020-06-28
CUST-03918,FirstName_3917,LastName_3917,user3917@example.com,United States,Berlin,Consumer,2021-10-03
CUST-03919,FirstName_3918,LastName_3918,user3918@example.com,United Kingdom,Melbourne,Consumer,2021-11-26
CUST-03920,FirstName_3919,LastName_3919,user3919@example.com,Germany,Melbourne,Consumer,2021-03-13
CUST-03921,FirstName_3920,LastName_3920,user3920@example.com,Australia,Munich,Corporate,2021-07-23
CUST-03922,FirstName_3921,LastName_3921,user3921@example.com,Canada,Manchester,Consumer,2021-05-22
CUST-03923,FirstName_3922,LastName_3922,user3922@example.com,Germany,Berlin,Corporate,2020-02-18
CUST-03924,FirstName_3923,LastName_3923,user3923@example.com,United States,Chicago,Consumer,2022-09-22
CUST-03925,FirstName_3924,LastName_3924,user3924@example.com,Australia,Melbourne,Consumer,2020-12-18
CUST-03926,FirstName_3925,LastName_3925,user3925@example.com,United States,London,Home Office,2022-08-22
CUST-03927,FirstName_3926,LastName_3926,user3926@example.com,United Kingdom,Munich,Corporate,2021-10-20
CUST-03928,FirstName_3927,LastName_3927,user3927@example.com,United Kingdom,Melbourne,Corporate,2021-11-18
CUST-03929,FirstName_3928,LastName_3928,user3928@example.com,United Kingdom,Berlin,Corporate,2021-01-25
CUST-03930,FirstName_3929,LastName_3929,user3929@example.com,United States,Los Angeles,Home Office,2022-03-15
CUST-03931,FirstName_3930,LastName_3930,user3930@example.com,Australia,Melbourne,Consumer,2021-06-21
CUST-03932,FirstName_3931,LastName_3931,user3931@example.com,United States,Sydney,Corporate,2020-11-22
CUST-03933,FirstName_3932,LastName_3932,user3932@example.com,United Kingdom,Los Angeles,Consumer,2021-12-14
CUST-03934,FirstName_3933,LastName_3933,user3933@example.com,United States,Melbourne,Consumer,2021-03-02
CUST-03935,FirstName_3934,LastName_3934,user3934@example.com,United States,Toronto,Consumer,2021-02-22
CUST-03936,FirstName_3935,LastName_3935,user3935@example.com,Canada,Melbourne,Consumer,2020-06-01
CUST-03937,FirstName_3936,LastName_3936,user3936@example.com,Canada,New York,Consumer,2020-11-03
CUST-03938,FirstName_3937,LastName_3937,user3937@example.com,United States,Toronto,Home Office,2021-01-20
CUST-03939,FirstName_3938,LastName_3938,user3938@example.com,United States,Berlin,Corporate,2020-07-07
CUST-03940,FirstName_3939,LastName_3939,user3939@example.com,Canada,London,Consumer,2022-02-11
CUST-03941,FirstName_3940,LastName_3940,user3940@example.com,Germany,Los Angeles,Consumer,2021-07-04
CUST-03942,FirstName_3941,LastName_3941,user3941@example.com,Germany,Chicago,Consumer,2021-04-29
CUST-03943,FirstName_3942,LastName_3942,user3942@example.com,United States,Munich,Consumer,2020-09-03
CUST-03944,FirstName_3943,LastName_3943,user3943@example.com,United States,London,Corporate,2022-05-19
CUST-03945,FirstName_3944,LastName_3944,user3944@example.com,United States,Toronto,Consumer,2020-08-18
CUST-03946,FirstName_3945,LastName_3945,user3945@example.com,United States,Munich,Consumer,2020-11-03
CUST-03947,FirstName_3946,LastName_3946,user3946@example.com,United Kingdom,Los Angeles,Home Office,2022-05-28
CUST-03948,FirstName_3947,LastName_3947,user3947@example.com,United Kingdom,Chicago,Corporate,2021-12-25
CUST-03949,FirstName_3948,LastName_3948,user3948@example.com,United States,Sydney,Corporate,2020-05-27
CUST-03950,FirstName_3949,LastName_3949,user3949@example.com,United States,Sydney,Corporate,2022-04-05
CUST-03951,FirstName_3950,LastName_3950,user3950@example.com,United States,Chicago,Consumer,2021-04-19
CUST-03952,FirstName_3951,LastName_3951,user3951@example.com,Germany,Munich,Consumer,2022-07-25
CUST-03953,FirstName_3952,LastName_3952,user3952@example.com,Australia,Berlin,Corporate,2020-02-29
CUST-03954,FirstName_3953,LastName_3953,user3953@example.com,United States,Munich,Corporate,2021-07-29
CUST-03955,FirstName_3954,LastName_3954,user3954@example.com,United States,Melbourne,Consumer,2021-02-26
CUST-03956,FirstName_3955,LastName_3955,user3955@example.com,Germany,Munich,Consumer,2022-09-18
CUST-03957,FirstName_3956,LastName_3956,user3956@example.com,Australia,Berlin,Corporate,2021-03-02
CUST-03958,FirstName_3957,LastName_3957,user3957@example.com,Canada,London,Consumer,2021-07-24
CUST-03959,FirstName_3958,LastName_3958,user3958@example.com,United States,Los Angeles,Consumer,2021-06-26
CUST-03960,FirstName_3959,LastName_3959,user3959@example.com,United States,Munich,Consumer,2020-05-17
CUST-03961,FirstName_3960,LastName_3960,user3960@example.com,Canada,Los Angeles,Consumer,2021-02-01
CUST-03962,FirstName_3961,LastName_3961,user3961@example.com,United States,Toronto,Consumer,2020-09-05
CUST-03963,FirstName_3962,LastName_3962,user3962@example.com,United States,Sydney,Consumer,2020-09-18
CUST-03964,FirstName_3963,LastName_3963,user3963@example.com,Canada,Sydney,Corporate,2020-07-27
CUST-03965,FirstName_3964,LastName_3964,user3964@example.com,United States,Berlin,Consumer,2020-12-04
CUST-03966,FirstName_3965,LastName_3965,user3965@example.com,Germany,Toronto,Consumer,2021-10-24
CUST-03967,FirstName_3966,LastName_3966,user3966@example.com,United States,Sydney,Consumer,2020-03-21
CUST-03968,FirstName_3967,LastName_3967,user3967@example.com,United States,Berlin,Home Office,2022-08-02
CUST-03969,FirstName_3968,LastName_3968,user3968@example.com,Canada,Munich,Consumer,2021-04-05
CUST-03970,FirstName_3969,LastName_3969,user3969@example.com,United States,Toronto,Consumer,2022-05-17
CUST-03971,FirstName_3970,LastName_3970,user3970@example.com,Australia,Melbourne,Corporate,2021-01-14
CUST-03972,FirstName_3971,LastName_3971,user3971@example.com,Canada,Melbourne,Consumer,2020-04-04
CUST-03973,FirstName_3972,LastName_3972,user3972@example.com,United States,Melbourne,Consumer,2021-07-02
CUST-03974,FirstName_3973,LastName_3973,user3973@example.com,United Kingdom,London,Consumer,2022-01-11
CUST-03975,FirstName_3974,LastName_3974,user3974@example.com,United States,Melbourne,Home Office,2022-04-29
CUST-03976,FirstName_3975,LastName_3975,user3975@example.com,Australia,Toronto,Home Office,2020-07-14
CUST-03977,FirstName_3976,LastName_3976,user3976@example.com,United States,New York,Home Office,2020-02-22
CUST-03978,FirstName_3977,LastName_3977,user3977@example.com,Canada,Sydney,Consumer,2020-10-01
CUST-03979,FirstName_3978,LastName_3978,user3978@example.com,United States,Melbourne,Home Office,2021-01-21
CUST-03980,FirstName_3979,LastName_3979,user3979@example.com,Canada,Toronto,Consumer,2021-11-20
CUST-03981,FirstName_3980,LastName_3980,user3980@example.com,Germany,Manchester,Corporate,2021-09-11
CUST-03982,FirstName_3981,LastName_3981,user3981@example.com,Germany,Munich,Corporate,2021-09-09
CUST-03983,FirstName_3982,LastName_3982,user3982@example.com,United States,London,Consumer,2020-02-10
CUST-03984,FirstName_3983,LastName_3983,user3983@example.com,United States,Los Angeles,Corporate,2022-06-13
CUST-03985,FirstName_3984,LastName_3984,user3984@example.com,Germany,Berlin,Consumer,2020-03-15
CUST-03986,FirstName_3985,LastName_3985,user3985@example.com,Australia,Manchester,Consumer,2020-07-11
CUST-03987,FirstName_3986,LastName_3986,user3986@example.com,United States,Manchester,Home Office,2022-04-03
CUST-03988,FirstName_3987,LastName_3987,user3987@example.com,Canada,London,Consumer,2022-02-18
CUST-03989,FirstName_3988,LastName_3988,user3988@example.com,United States,Berlin,Consumer,2021-08-24
CUST-03990,FirstName_3989,LastName_3989,user3989@example.com,Germany,London,Consumer,2022-01-11
CUST-03991,FirstName_3990,LastName_3990,user3990@example.com,United States,Melbourne,Home Office,2021-11-18
CUST-03992,FirstName_3991,LastName_3991,user3991@example.com,United States,Los Angeles,Consumer,2021-07-26
CUST-03993,FirstName_3992,LastName_3992,user3992@example.com,Germany,Berlin,Consumer,2020-08-10
CUST-03994,FirstName_3993,LastName_3993,user3993@example.com,United States,Toronto,Home Office,2021-05-05
CUST-03995,FirstName_3994,LastName_3994,user3994@example.com,Canada,Sydney,Consumer,2020-08-01
CUST-03996,FirstName_3995,LastName_3995,user3995@example.com,Canada,London,Consumer,2022-06-09
CUST-03997,FirstName_3996,LastName_3996,user3996@example.com,United States,Los Angeles,Corporate,2022-07-17
CUST-03998,FirstName_3997,LastName_3997,user3997@example.com,United States,Munich,Consumer,2020-12-06
CUST-03999,FirstName_3998,LastName_3998,user3998@example.com,Canada,New York,Corporate,2020-11-06
CUST-04000,FirstName_3999,LastName_3999,user3999@example.com,United States,Munich,Consumer,2022-09-06
CUST-04001,FirstName_4000,LastName_4000,user4000@example.com,Canada,New York,Home Office,2022-07-19
CUST-04002,FirstName_4001,LastName_4001,user4001@example.com,Germany,Chicago,Home Office,2020-01-16
CUST-04003,FirstName_4002,LastName_4002,user4002@example.com,Germany,Toronto,Consumer,2020-08-04
CUST-04004,FirstName_4003,LastName_4003,user4003@example.com,United States,Chicago,Consumer,2022-08-17
CUST-04005,FirstName_4004,LastName_4004,user4004@example.com,United States,London,Home Office,2020-07-13
CUST-04006,FirstName_4005,LastName_4005,user4005@example.com,United States,London,Consumer,2022-09-12
CUST-04007,FirstName_4006,LastName_4006,user4006@example.com,United States,New York,Consumer,2022-01-29
CUST-04008,FirstName_4007,LastName_4007,user4007@example.com,Canada,Berlin,Corporate,2020-04-30
CUST-04009,FirstName_4008,LastName_4008,user4008@example.com,United Kingdom,Los Angeles,Corporate,2022-02-03
CUST-04010,FirstName_4009,LastName_4009,user4009@example.com,United States,Melbourne,Corporate,2022-02-11
CUST-04011,FirstName_4010,LastName_4010,user4010@example.com,United States,Manchester,Consumer,2021-05-05
CUST-04012,FirstName_4011,LastName_4011,user4011@example.com,United States,London,Consumer,2022-07-25
CUST-04013,FirstName_4012,LastName_4012,user4012@example.com,United Kingdom,Chicago,Home Office,2020-09-05
CUST-04014,FirstName_4013,LastName_4013,user4013@example.com,United States,Chicago,Corporate,2021-12-13
CUST-04015,FirstName_4014,LastName_4014,user4014@example.com,United Kingdom,Munich,Corporate,2021-09-10
CUST-04016,FirstName_4015,LastName_4015,user4015@example.com,United States,Toronto,Home Office,2021-12-21
CUST-04017,FirstName_4016,LastName_4016,user4016@example.com,Germany,New York,Corporate,2020-07-28
CUST-04018,FirstName_4017,LastName_4017,user4017@example.com,Germany,Manchester,Consumer,2021-02-10
CUST-04019,FirstName_4018,LastName_4018,user4018@example.com,United States,New York,Corporate,2022-07-26
CUST-04020,FirstName_4019,LastName_4019,user4019@example.com,United States,London,Consumer,2020-09-02
CUST-04021,FirstName_4020,LastName_4020,user4020@example.com,Canada,Sydney,Consumer,2021-07-19
CUST-04022,FirstName_4021,LastName_4021,user4021@example.com,United States,Manchester,Consumer,2020-11-25
CUST-04023,FirstName_4022,LastName_4022,user4022@example.com,United Kingdom,Munich,Corporate,2022-03-05
CUST-04024,FirstName_4023,LastName_4023,user4023@example.com,Germany,Chicago,Home Office,2020-10-16
CUST-04025,FirstName_4024,LastName_4024,user4024@example.com,United Kingdom,Munich,Consumer,2021-01-24
CUST-04026,FirstName_4025,LastName_4025,user4025@example.com,Germany,London,Consumer,2021-04-22
CUST-04027,FirstName_4026,LastName_4026,user4026@example.com,United States,Sydney,Consumer,2021-06-30
CUST-04028,FirstName_4027,LastName_4027,user4027@example.com,United States,Melbourne,Corporate,2021-10-26
CUST-04029,FirstName_4028,LastName_4028,user4028@example.com,United Kingdom,Manchester,Corporate,2021-01-02
CUST-04030,FirstName_4029,LastName_4029,user4029@example.com,United States,New York,Consumer,2020-11-11
CUST-04031,FirstName_4030,LastName_4030,user4030@example.com,United Kingdom,Manchester,Corporate,2020-09-24
CUST-04032,FirstName_4031,LastName_4031,user4031@example.com,United States,Chicago,Consumer,2021-01-03
CUST-04033,FirstName_4032,LastName_4032,user4032@example.com,United States,New York,Consumer,2021-06-09
CUST-04034,FirstName_4033,LastName_4033,user4033@example.com,Australia,Melbourne,Consumer,2022-06-22
CUST-04035,FirstName_4034,LastName_4034,user4034@example.com,United States,Melbourne,Home Office,2021-05-24
CUST-04036,FirstName_4035,LastName_4035,user4035@example.com,Australia,Toronto,Consumer,2021-04-22
CUST-04037,FirstName_4036,LastName_4036,user4036@example.com,Australia,New York,Corporate,2020-04-10
CUST-04038,FirstName_4037,LastName_4037,user4037@example.com,Germany,Los Angeles,Consumer,2022-04-02
CUST-04039,FirstName_4038,LastName_4038,user4038@example.com,United Kingdom,Sydney,Consumer,2022-01-09
CUST-04040,FirstName_4039,LastName_4039,user4039@example.com,Canada,Los Angeles,Consumer,2021-04-25
CUST-04041,FirstName_4040,LastName_4040,user4040@example.com,Germany,Melbourne,Consumer,2022-02-18
CUST-04042,FirstName_4041,LastName_4041,user4041@example.com,United States,New York,Consumer,2022-05-09
CUST-04043,FirstName_4042,LastName_4042,user4042@example.com,Canada,Toronto,Corporate,2020-11-23
CUST-04044,FirstName_4043,LastName_4043,user4043@example.com,United Kingdom,Manchester,Consumer,2022-07-25
CUST-04045,FirstName_4044,LastName_4044,user4044@example.com,Canada,Manchester,Corporate,2020-07-27
CUST-04046,FirstName_4045,LastName_4045,user4045@example.com,Canada,Manchester,Consumer,2021-01-14
CUST-04047,FirstName_4046,LastName_4046,user4046@example.com,United States,Toronto,Consumer,2020-11-16
CUST-04048,FirstName_4047,LastName_4047,user4047@example.com,Canada,London,Consumer,2021-02-27
CUST-04049,FirstName_4048,LastName_4048,user4048@example.com,Germany,New York,Home Office,2020-02-16
CUST-04050,FirstName_4049,LastName_4049,user4049@example.com,United States,Los Angeles,Consumer,2021-07-30
CUST-04051,FirstName_4050,LastName_4050,user4050@example.com,Australia,Sydney,Consumer,2022-06-03
CUST-04052,FirstName_4051,LastName_4051,user4051@example.com,United Kingdom,Melbourne,Home Office,2020-08-14
CUST-04053,FirstName_4052,LastName_4052,user4052@example.com,Germany,Sydney,Consumer,2022-01-29
CUST-04054,FirstName_4053,LastName_4053,user4053@example.com,Canada,Melbourne,Corporate,2020-05-29
CUST-04055,FirstName_4054,LastName_4054,user4054@example.com,Germany,New York,Consumer,2020-01-17
CUST-04056,FirstName_4055,LastName_4055,user4055@example.com,United States,New York,Corporate,2020-09-24
CUST-04057,FirstName_4056,LastName_4056,user4056@example.com,Germany,Munich,Consumer,2021-07-20
CUST-04058,FirstName_4057,LastName_4057,user4057@example.com,United States,Los Angeles,Home Office,2022-08-15
CUST-04059,FirstName_4058,LastName_4058,user4058@example.com,Germany,Chicago,Consumer,2021-08-21
CUST-04060,FirstName_4059,LastName_4059,user4059@example.com,Australia,Melbourne,Consumer,2021-08-16
CUST-04061,FirstName_4060,LastName_4060,user4060@example.com,United States,Berlin,Consumer,2022-01-07
CUST-04062,FirstName_4061,LastName_4061,user4061@example.com,United States,Chicago,Consumer,2021-03-03
CUST-04063,FirstName_4062,LastName_4062,user4062@example.com,Germany,Manchester,Corporate,2020-10-29
CUST-04064,FirstName_4063,LastName_4063,user4063@example.com,United States,Sydney,Consumer,2020-06-05
CUST-04065,FirstName_4064,LastName_4064,user4064@example.com,Germany,New York,Consumer,2020-07-19
CUST-04066,FirstName_4065,LastName_4065,user4065@example.com,United States,Berlin,Consumer,2020-12-03
CUST-04067,FirstName_4066,LastName_4066,user4066@example.com,United States,Melbourne,Consumer,2020-08-23
CUST-04068,FirstName_4067,LastName_4067,user4067@example.com,Australia,London,Consumer,2021-01-23
CUST-04069,FirstName_4068,LastName_4068,user4068@example.com,United Kingdom,Melbourne,Consumer,2021-08-06
CUST-04070,FirstName_4069,LastName_4069,user4069@example.com,Germany,Sydney,Corporate,2022-05-03
CUST-04071,FirstName_4070,LastName_4070,user4070@example.com,United States,Melbourne,Home Office,2020-09-08
CUST-04072,FirstName_4071,LastName_4071,user4071@example.com,United Kingdom,Melbourne,Consumer,2021-05-26
CUST-04073,FirstName_4072,LastName_4072,user4072@example.com,Canada,Toronto,Corporate,2021-07-17
CUST-04074,FirstName_4073,LastName_4073,user4073@example.com,United Kingdom,Los Angeles,Consumer,2021-11-01
CUST-04075,FirstName_4074,LastName_4074,user4074@example.com,United Kingdom,Chicago,Consumer,2022-08-24
CUST-04076,FirstName_4075,LastName_4075,user4075@example.com,Canada,London,Consumer,2021-12-02
CUST-04077,FirstName_4076,LastName_4076,user4076@example.com,Canada,New York,Consumer,2020-12-11
CUST-04078,FirstName_4077,LastName_4077,user4077@example.com,United States,Melbourne,Consumer,2020-09-20
CUST-04079,FirstName_4078,LastName_4078,user4078@example.com,Germany,London,Home Office,2022-02-20
CUST-04080,FirstName_4079,LastName_4079,user4079@example.com,United States,Munich,Home Office,2022-04-21
CUST-04081,FirstName_4080,LastName_4080,user4080@example.com,United Kingdom,Melbourne,Consumer,2021-05-15
CUST-04082,FirstName_4081,LastName_4081,user4081@example.com,United States,Toronto,Consumer,2022-09-16
CUST-04083,FirstName_4082,LastName_4082,user4082@example.com,United Kingdom,Toronto,Home Office,2022-01-10
CUST-04084,FirstName_4083,LastName_4083,user4083@example.com,United Kingdom,Berlin,Consumer,2021-10-19
CUST-04085,FirstName_4084,LastName_4084,user4084@example.com,United States,Manchester,Corporate,2022-01-27
CUST-04086,FirstName_4085,LastName_4085,user4085@example.com,United States,Sydney,Consumer,2021-05-17
CUST-04087,FirstName_4086,LastName_4086,user4086@example.com,United States,Chicago,Consumer,2021-04-16
CUST-04088,FirstName_4087,LastName_4087,user4087@example.com,United Kingdom,Munich,Consumer,2020-06-21
CUST-04089,FirstName_4088,LastName_4088,user4088@example.com,Germany,Sydney,Home Office,2022-01-20
CUST-04090,FirstName_4089,LastName_4089,user4089@example.com,United States,Sydney,Home Office,2022-03-25
CUST-04091,FirstName_4090,LastName_4090,user4090@example.com,United Kingdom,Berlin,Consumer,2020-12-26
CUST-04092,FirstName_4091,LastName_4091,user4091@example.com,United States,Toronto,Corporate,2020-06-22
CUST-04093,FirstName_4092,LastName_4092,user4092@example.com,Canada,Los Angeles,Consumer,2020-05-23
CUST-04094,FirstName_4093,LastName_4093,user4093@example.com,Australia,London,Consumer,2022-01-07
CUST-04095,FirstName_4094,LastName_4094,user4094@example.com,United States,New York,Corporate,2021-07-13
CUST-04096,FirstName_4095,LastName_4095,user4095@example.com,Canada,Los Angeles,Consumer,2021-05-15
CUST-04097,FirstName_4096,LastName_4096,user4096@example.com,United States,Los Angeles,Consumer,2020-07-07
CUST-04098,FirstName_4097,LastName_4097,user4097@example.com,United States,Manchester,Consumer,2022-07-27
CUST-04099,FirstName_4098,LastName_4098,user4098@example.com,United States,Manchester,Home Office,2022-06-29
CUST-04100,FirstName_4099,LastName_4099,user4099@example.com,United States,Los Angeles,Home Office,2021-07-09
CUST-04101,FirstName_4100,LastName_4100,user4100@example.com,United Kingdom,Toronto,Corporate,2021-10-19
CUST-04102,FirstName_4101,LastName_4101,user4101@example.com,Canada,Sydney,Consumer,2022-09-07
CUST-04103,FirstName_4102,LastName_4102,user4102@example.com,Canada,London,Corporate,2020-03-01
CUST-04104,FirstName_4103,LastName_4103,user4103@example.com,United States,Sydney,Consumer,2021-06-20
CUST-04105,FirstName_4104,LastName_4104,user4104@example.com,United States,Sydney,Home Office,2020-02-04
CUST-04106,FirstName_4105,LastName_4105,user4105@example.com,United Kingdom,Sydney,Consumer,2022-05-09
CUST-04107,FirstName_4106,LastName_4106,user4106@example.com,Australia,London,Consumer,2022-05-17
CUST-04108,FirstName_4107,LastName_4107,user4107@example.com,United States,London,Consumer,2020-03-17
CUST-04109,FirstName_4108,LastName_4108,user4108@example.com,Germany,Berlin,Corporate,2022-08-25
CUST-04110,FirstName_4109,LastName_4109,user4109@example.com,Canada,Chicago,Corporate,2022-04-17
CUST-04111,FirstName_4110,LastName_4110,user4110@example.com,Canada,Los Angeles,Consumer,2021-11-15
CUST-04112,FirstName_4111,LastName_4111,user4111@example.com,Canada,Melbourne,Consumer,2020-02-19
CUST-04113,FirstName_4112,LastName_4112,user4112@example.com,United States,Berlin,Corporate,2022-02-21
CUST-04114,FirstName_4113,LastName_4113,user4113@example.com,United States,Berlin,Consumer,2020-01-07
CUST-04115,FirstName_4114,LastName_4114,user4114@example.com,United Kingdom,New York,Corporate,2021-02-26
CUST-04116,FirstName_4115,LastName_4115,user4115@example.com,United States,Melbourne,Home Office,2020-05-20
CUST-04117,FirstName_4116,LastName_4116,user4116@example.com,Australia,Manchester,Consumer,2022-05-12
CUST-04118,FirstName_4117,LastName_4117,user4117@example.com,Canada,New York,Consumer,2021-10-07
CUST-04119,FirstName_4118,LastName_4118,user4118@example.com,United States,Manchester,Consumer,2020-08-24
CUST-04120,FirstName_4119,LastName_4119,user4119@example.com,United Kingdom,Chicago,Consumer,2020-03-10
CUST-04121,FirstName_4120,LastName_4120,user4120@example.com,United States,Munich,Consumer,2021-12-25
CUST-04122,FirstName_4121,LastName_4121,user4121@example.com,Canada,Manchester,Corporate,2020-06-03
CUST-04123,FirstName_4122,LastName_4122,user4122@example.com,United Kingdom,Sydney,Consumer,2020-01-10
CUST-04124,FirstName_4123,LastName_4123,user4123@example.com,Australia,Manchester,Consumer,2020-08-11
CUST-04125,FirstName_4124,LastName_4124,user4124@example.com,Germany,Melbourne,Corporate,2021-06-01
CUST-04126,FirstName_4125,LastName_4125,user4125@example.com,United Kingdom,London,Corporate,2021-04-11
CUST-04127,FirstName_4126,LastName_4126,user4126@example.com,United Kingdom,Melbourne,Home Office,2021-01-17
CUST-04128,FirstName_4127,LastName_4127,user4127@example.com,Australia,Chicago,Consumer,2020-03-02
CUST-04129,FirstName_4128,LastName_4128,user4128@example.com,United States,Berlin,Corporate,2021-09-24
CUST-04130,FirstName_4129,LastName_4129,user4129@example.com,United States,Sydney,Home Office,2021-10-15
CUST-04131,FirstName_4130,LastName_4130,user4130@example.com,United States,Munich,Consumer,2021-11-13
CUST-04132,FirstName_4131,LastName_4131,user4131@example.com,United States,Chicago,Consumer,2022-08-14
CUST-04133,FirstName_4132,LastName_4132,user4132@example.com,United Kingdom,Berlin,Consumer,2021-09-23
CUST-04134,FirstName_4133,LastName_4133,user4133@example.com,United Kingdom,Toronto,Home Office,2022-07-23
CUST-04135,FirstName_4134,LastName_4134,user4134@example.com,Canada,Melbourne,Consumer,2021-05-09
CUST-04136,FirstName_4135,LastName_4135,user4135@example.com,United States,Chicago,Home Office,2021-11-06
CUST-04137,FirstName_4136,LastName_4136,user4136@example.com,United Kingdom,Melbourne,Corporate,2021-05-14
CUST-04138,FirstName_4137,LastName_4137,user4137@example.com,United States,Munich,Consumer,2020-01-17
CUST-04139,FirstName_4138,LastName_4138,user4138@example.com,United Kingdom,Berlin,Consumer,2020-01-07
CUST-04140,FirstName_4139,LastName_4139,user4139@example.com,Canada,Melbourne,Consumer,2021-06-28
CUST-04141,FirstName_4140,LastName_4140,user4140@example.com,United States,London,Consumer,2021-07-18
CUST-04142,FirstName_4141,LastName_4141,user4141@example.com,United States,Manchester,Corporate,2021-02-25
CUST-04143,FirstName_4142,LastName_4142,user4142@example.com,United States,New York,Corporate,2020-01-13
CUST-04144,FirstName_4143,LastName_4143,user4143@example.com,Germany,Munich,Consumer,2020-01-18
CUST-04145,FirstName_4144,LastName_4144,user4144@example.com,Australia,New York,Corporate,2021-06-26
CUST-04146,FirstName_4145,LastName_4145,user4145@example.com,United Kingdom,Los Angeles,Consumer,2022-01-09
CUST-04147,FirstName_4146,LastName_4146,user4146@example.com,United States,Manchester,Consumer,2020-10-08
CUST-04148,FirstName_4147,LastName_4147,user4147@example.com,Canada,Munich,Consumer,2021-07-02
CUST-04149,FirstName_4148,LastName_4148,user4148@example.com,United Kingdom,Chicago,Consumer,2022-09-27
CUST-04150,FirstName_4149,LastName_4149,user4149@example.com,Germany,London,Home Office,2020-10-20
CUST-04151,FirstName_4150,LastName_4150,user4150@example.com,United States,Chicago,Corporate,2020-01-18
CUST-04152,FirstName_4151,LastName_4151,user4151@example.com,United States,Toronto,Consumer,2021-05-29
CUST-04153,FirstName_4152,LastName_4152,user4152@example.com,United Kingdom,Los Angeles,Consumer,2022-04-12
CUST-04154,FirstName_4153,LastName_4153,user4153@example.com,United States,London,Consumer,2021-12-15
CUST-04155,FirstName_4154,LastName_4154,user4154@example.com,United States,Melbourne,Consumer,2021-11-21
CUST-04156,FirstName_4155,LastName_4155,user4155@example.com,United States,Melbourne,Corporate,2021-03-16
CUST-04157,FirstName_4156,LastName_4156,user4156@example.com,Canada,Sydney,Home Office,2022-04-05
CUST-04158,FirstName_4157,LastName_4157,user4157@example.com,Germany,Melbourne,Corporate,2022-08-20
CUST-04159,FirstName_4158,LastName_4158,user4158@example.com,Australia,Berlin,Consumer,2022-07-20
CUST-04160,FirstName_4159,LastName_4159,user4159@example.com,Canada,Los Angeles,Consumer,2020-07-02
CUST-04161,FirstName_4160,LastName_4160,user4160@example.com,Canada,Berlin,Consumer,2020-04-19
CUST-04162,FirstName_4161,LastName_4161,user4161@example.com,United States,Manchester,Consumer,2022-07-29
CUST-04163,FirstName_4162,LastName_4162,user4162@example.com,Canada,Sydney,Consumer,2020-04-08
CUST-04164,FirstName_4163,LastName_4163,user4163@example.com,United States,Sydney,Consumer,2021-06-20
CUST-04165,FirstName_4164,LastName_4164,user4164@example.com,United Kingdom,Melbourne,Consumer,2020-06-01
CUST-04166,FirstName_4165,LastName_4165,user4165@example.com,United States,London,Corporate,2020-09-03
CUST-04167,FirstName_4166,LastName_4166,user4166@example.com,United States,Manchester,Corporate,2020-07-15
CUST-04168,FirstName_4167,LastName_4167,user4167@example.com,United States,Toronto,Consumer,2021-09-26
CUST-04169,FirstName_4168,LastName_4168,user4168@example.com,United States,Los Angeles,Corporate,2021-06-23
CUST-04170,FirstName_4169,LastName_4169,user4169@example.com,United States,Los Angeles,Consumer,2020-09-15
CUST-04171,FirstName_4170,LastName_4170,user4170@example.com,United States,Munich,Consumer,2022-04-14
CUST-04172,FirstName_4171,LastName_4171,user4171@example.com,Australia,Chicago,Corporate,2020-12-28
CUST-04173,FirstName_4172,LastName_4172,user4172@example.com,Canada,Melbourne,Consumer,2020-09-30
CUST-04174,FirstName_4173,LastName_4173,user4173@example.com,Canada,Munich,Home Office,2022-03-25
CUST-04175,FirstName_4174,LastName_4174,user4174@example.com,Germany,Toronto,Consumer,2021-02-10
CUST-04176,FirstName_4175,LastName_4175,user4175@example.com,Australia,Sydney,Consumer,2020-03-21
CUST-04177,FirstName_4176,LastName_4176,user4176@example.com,Canada,New York,Consumer,2021-01-17
CUST-04178,FirstName_4177,LastName_4177,user4177@example.com,Germany,Toronto,Corporate,2022-09-09
CUST-04179,FirstName_4178,LastName_4178,user4178@example.com,United States,Toronto,Corporate,2021-02-19
CUST-04180,FirstName_4179,LastName_4179,user4179@example.com,United States,London,Corporate,2021-04-15
CUST-04181,FirstName_4180,LastName_4180,user4180@example.com,Canada,London,Corporate,2021-08-01
CUST-04182,FirstName_4181,LastName_4181,user4181@example.com,United Kingdom,London,Consumer,2020-09-06
CUST-04183,FirstName_4182,LastName_4182,user4182@example.com,United Kingdom,London,Consumer,2021-12-14
CUST-04184,FirstName_4183,LastName_4183,user4183@example.com,United States,Chicago,Corporate,2020-08-19
CUST-04185,FirstName_4184,LastName_4184,user4184@example.com,United States,Melbourne,Consumer,2020-11-03
CUST-04186,FirstName_4185,LastName_4185,user4185@example.com,United Kingdom,Los Angeles,Home Office,2021-12-01
CUST-04187,FirstName_4186,LastName_4186,user4186@example.com,United States,Melbourne,Consumer,2022-04-27
CUST-04188,FirstName_4187,LastName_4187,user4187@example.com,Canada,Melbourne,Consumer,2022-05-18
CUST-04189,FirstName_4188,LastName_4188,user4188@example.com,United Kingdom,Los Angeles,Consumer,2020-03-23
CUST-04190,FirstName_4189,LastName_4189,user4189@example.com,United Kingdom,London,Home Office,2021-10-31
CUST-04191,FirstName_4190,LastName_4190,user4190@example.com,Germany,Melbourne,Home Office,2022-05-28
CUST-04192,FirstName_4191,LastName_4191,user4191@example.com,Germany,Chicago,Consumer,2021-10-27
CUST-04193,FirstName_4192,LastName_4192,user4192@example.com,Canada,London,Consumer,2022-02-16
CUST-04194,FirstName_4193,LastName_4193,user4193@example.com,United Kingdom,Chicago,Consumer,2020-02-02
CUST-04195,FirstName_4194,LastName_4194,user4194@example.com,United Kingdom,Munich,Consumer,2020-04-05
CUST-04196,FirstName_4195,LastName_4195,user4195@example.com,United States,Melbourne,Home Office,2021-02-19
CUST-04197,FirstName_4196,LastName_4196,user4196@example.com,United States,Berlin,Consumer,2021-01-23
CUST-04198,FirstName_4197,LastName_4197,user4197@example.com,United States,Chicago,Consumer,2021-01-21
CUST-04199,FirstName_4198,LastName_4198,user4198@example.com,Canada,Munich,Consumer,2021-07-19
CUST-04200,FirstName_4199,LastName_4199,user4199@example.com,United Kingdom,Manchester,Consumer,2021-05-02
CUST-04201,FirstName_4200,LastName_4200,user4200@example.com,Germany,Manchester,Corporate,2020-02-27
CUST-04202,FirstName_4201,LastName_4201,user4201@example.com,United States,Munich,Consumer,2021-10-14
CUST-04203,FirstName_4202,LastName_4202,user4202@example.com,United States,Sydney,Consumer,2020-01-10
CUST-04204,FirstName_4203,LastName_4203,user4203@example.com,Australia,Sydney,Home Office,2021-12-20
CUST-04205,FirstName_4204,LastName_4204,user4204@example.com,United States,London,Consumer,2020-06-24
CUST-04206,FirstName_4205,LastName_4205,user4205@example.com,Canada,Sydney,Corporate,2020-03-25
CUST-04207,FirstName_4206,LastName_4206,user4206@example.com,Canada,Manchester,Consumer,2021-05-26
CUST-04208,FirstName_4207,LastName_4207,user4207@example.com,Canada,Sydney,Consumer,2022-05-15
CUST-04209,FirstName_4208,LastName_4208,user4208@example.com,United States,Berlin,Consumer,2021-03-20
CUST-04210,FirstName_4209,LastName_4209,user4209@example.com,United States,Manchester,Consumer,2021-10-22
CUST-04211,FirstName_4210,LastName_4210,user4210@example.com,United States,Chicago,Consumer,2022-03-14
CUST-04212,FirstName_4211,LastName_4211,user4211@example.com,Canada,Toronto,Consumer,2020-12-05
CUST-04213,FirstName_4212,LastName_4212,user4212@example.com,Canada,Sydney,Consumer,2021-08-02
CUST-04214,FirstName_4213,LastName_4213,user4213@example.com,United States,Sydney,Consumer,2022-09-27
CUST-04215,FirstName_4214,LastName_4214,user4214@example.com,United Kingdom,Melbourne,Corporate,2022-05-28
CUST-04216,FirstName_4215,LastName_4215,user4215@example.com,Germany,Los Angeles,Home Office,2022-09-24
CUST-04217,FirstName_4216,LastName_4216,user4216@example.com,United States,Berlin,Consumer,2020-04-07
CUST-04218,FirstName_4217,LastName_4217,user4217@example.com,Canada,Manchester,Consumer,2022-07-05
CUST-04219,FirstName_4218,LastName_4218,user4218@example.com,United Kingdom,Manchester,Corporate,2021-06-24
CUST-04220,FirstName_4219,LastName_4219,user4219@example.com,United States,New York,Corporate,2022-07-30
CUST-04221,FirstName_4220,LastName_4220,user4220@example.com,United States,Los Angeles,Consumer,2020-02-13
CUST-04222,FirstName_4221,LastName_4221,user4221@example.com,United Kingdom,Sydney,Consumer,2020-08-23
CUST-04223,FirstName_4222,LastName_4222,user4222@example.com,Germany,Munich,Consumer,2020-08-04
CUST-04224,FirstName_4223,LastName_4223,user4223@example.com,Germany,Melbourne,Consumer,2022-07-11
CUST-04225,FirstName_4224,LastName_4224,user4224@example.com,Canada,Chicago,Home Office,2022-06-07
CUST-04226,FirstName_4225,LastName_4225,user4225@example.com,United Kingdom,Melbourne,Corporate,2021-12-09
CUST-04227,FirstName_4226,LastName_4226,user4226@example.com,United States,Sydney,Corporate,2022-06-27
CUST-04228,FirstName_4227,LastName_4227,user4227@example.com,United Kingdom,New York,Consumer,2021-08-03
CUST-04229,FirstName_4228,LastName_4228,user4228@example.com,Canada,Toronto,Consumer,2021-05-01
CUST-04230,FirstName_4229,LastName_4229,user4229@example.com,United States,Manchester,Home Office,2020-10-04
CUST-04231,FirstName_4230,LastName_4230,user4230@example.com,United Kingdom,Chicago,Consumer,2020-02-17
CUST-04232,FirstName_4231,LastName_4231,user4231@example.com,Canada,Los Angeles,Consumer,2022-08-04
CUST-04233,FirstName_4232,LastName_4232,user4232@example.com,United States,Sydney,Consumer,2020-03-17
CUST-04234,FirstName_4233,LastName_4233,user4233@example.com,Australia,Berlin,Consumer,2021-12-01
CUST-04235,FirstName_4234,LastName_4234,user4234@example.com,United States,Munich,Consumer,2022-08-05
CUST-04236,FirstName_4235,LastName_4235,user4235@example.com,United States,Melbourne,Consumer,2020-10-14
CUST-04237,FirstName_4236,LastName_4236,user4236@example.com,United States,New York,Home Office,2022-07-09
CUST-04238,FirstName_4237,LastName_4237,user4237@example.com,Germany,Toronto,Corporate,2021-07-10
CUST-04239,FirstName_4238,LastName_4238,user4238@example.com,United Kingdom,London,Consumer,2021-07-31
CUST-04240,FirstName_4239,LastName_4239,user4239@example.com,United States,Munich,Corporate,2021-11-04
CUST-04241,FirstName_4240,LastName_4240,user4240@example.com,United Kingdom,Sydney,Consumer,2020-02-03
CUST-04242,FirstName_4241,LastName_4241,user4241@example.com,United States,Toronto,Consumer,2020-07-02
CUST-04243,FirstName_4242,LastName_4242,user4242@example.com,Germany,Munich,Corporate,2022-08-09
CUST-04244,FirstName_4243,LastName_4243,user4243@example.com,Canada,Munich,Consumer,2022-05-20
CUST-04245,FirstName_4244,LastName_4244,user4244@example.com,Canada,Manchester,Consumer,2020-11-18
CUST-04246,FirstName_4245,LastName_4245,user4245@example.com,Australia,Munich,Corporate,2020-01-17
CUST-04247,FirstName_4246,LastName_4246,user4246@example.com,United States,Berlin,Home Office,2022-09-11
CUST-04248,FirstName_4247,LastName_4247,user4247@example.com,United States,Toronto,Consumer,2020-07-31
CUST-04249,FirstName_4248,LastName_4248,user4248@example.com,Canada,Sydney,Consumer,2021-08-24
CUST-04250,FirstName_4249,LastName_4249,user4249@example.com,Australia,Sydney,Consumer,2020-05-27
CUST-04251,FirstName_4250,LastName_4250,user4250@example.com,United States,Berlin,Consumer,2022-02-09
CUST-04252,FirstName_4251,LastName_4251,user4251@example.com,United States,Los Angeles,Consumer,2022-04-20
CUST-04253,FirstName_4252,LastName_4252,user4252@example.com,United States,Toronto,Consumer,2021-12-30
CUST-04254,FirstName_4253,LastName_4253,user4253@example.com,Canada,Munich,Corporate,2022-04-20
CUST-04255,FirstName_4254,LastName_4254,user4254@example.com,United States,New York,Consumer,2021-02-11
CUST-04256,FirstName_4255,LastName_4255,user4255@example.com,United Kingdom,Chicago,Consumer,2022-08-09
CUST-04257,FirstName_4256,LastName_4256,user4256@example.com,Australia,Toronto,Consumer,2020-03-19
CUST-04258,FirstName_4257,LastName_4257,user4257@example.com,Canada,London,Consumer,2020-11-02
CUST-04259,FirstName_4258,LastName_4258,user4258@example.com,United States,New York,Home Office,2020-06-15
CUST-04260,FirstName_4259,LastName_4259,user4259@example.com,Canada,Berlin,Consumer,2021-07-31
CUST-04261,FirstName_4260,LastName_4260,user4260@example.com,United States,Munich,Home Office,2020-09-03
CUST-04262,FirstName_4261,LastName_4261,user4261@example.com,Germany,Los Angeles,Home Office,2021-08-03
CUST-04263,FirstName_4262,LastName_4262,user4262@example.com,Canada,London,Corporate,2022-05-04
CUST-04264,FirstName_4263,LastName_4263,user4263@example.com,United States,Los Angeles,Consumer,2022-05-19
CUST-04265,FirstName_4264,LastName_4264,user4264@example.com,United Kingdom,Los Angeles,Home Office,2021-02-02
CUST-04266,FirstName_4265,LastName_4265,user4265@example.com,Canada,Melbourne,Consumer,2021-11-24
CUST-04267,FirstName_4266,LastName_4266,user4266@example.com,United Kingdom,Manchester,Consumer,2022-07-07
CUST-04268,FirstName_4267,LastName_4267,user4267@example.com,United States,London,Consumer,2021-07-07
CUST-04269,FirstName_4268,LastName_4268,user4268@example.com,Germany,Chicago,Consumer,2020-12-05
CUST-04270,FirstName_4269,LastName_4269,user4269@example.com,Australia,Manchester,Consumer,2021-01-28
CUST-04271,FirstName_4270,LastName_4270,user4270@example.com,United Kingdom,London,Consumer,2022-02-12
CUST-04272,FirstName_4271,LastName_4271,user4271@example.com,Australia,Los Angeles,Consumer,2022-01-27
CUST-04273,FirstName_4272,LastName_4272,user4272@example.com,United States,Manchester,Corporate,2020-05-23
CUST-04274,FirstName_4273,LastName_4273,user4273@example.com,Canada,London,Consumer,2022-03-20
CUST-04275,FirstName_4274,LastName_4274,user4274@example.com,United Kingdom,Chicago,Consumer,2021-12-06
CUST-04276,FirstName_4275,LastName_4275,user4275@example.com,Canada,New York,Home Office,2022-01-11
CUST-04277,FirstName_4276,LastName_4276,user4276@example.com,Canada,Toronto,Consumer,2020-03-21
CUST-04278,FirstName_4277,LastName_4277,user4277@example.com,United States,Munich,Corporate,2021-05-27
CUST-04279,FirstName_4278,LastName_4278,user4278@example.com,United States,London,Home Office,2022-02-02
CUST-04280,FirstName_4279,LastName_4279,user4279@example.com,United States,Chicago,Consumer,2022-09-24
CUST-04281,FirstName_4280,LastName_4280,user4280@example.com,United States,Toronto,Consumer,2020-12-20
CUST-04282,FirstName_4281,LastName_4281,user4281@example.com,United Kingdom,Manchester,Home Office,2020-02-24
CUST-04283,FirstName_4282,LastName_4282,user4282@example.com,United States,London,Home Office,2020-04-10
CUST-04284,FirstName_4283,LastName_4283,user4283@example.com,United States,London,Corporate,2021-03-23
CUST-04285,FirstName_4284,LastName_4284,user4284@example.com,Canada,Berlin,Consumer,2020-08-25
CUST-04286,FirstName_4285,LastName_4285,user4285@example.com,Canada,London,Home Office,2022-05-08
CUST-04287,FirstName_4286,LastName_4286,user4286@example.com,Germany,Munich,Consumer,2020-03-18
CUST-04288,FirstName_4287,LastName_4287,user4287@example.com,Canada,Berlin,Consumer,2020-12-14
CUST-04289,FirstName_4288,LastName_4288,user4288@example.com,United States,Toronto,Consumer,2021-09-11
CUST-04290,FirstName_4289,LastName_4289,user4289@example.com,Germany,Manchester,Consumer,2022-02-26
CUST-04291,FirstName_4290,LastName_4290,user4290@example.com,Canada,Manchester,Corporate,2021-09-20
CUST-04292,FirstName_4291,LastName_4291,user4291@example.com,United States,Sydney,Corporate,2022-09-04
CUST-04293,FirstName_4292,LastName_4292,user4292@example.com,Canada,Sydney,Corporate,2021-09-01
CUST-04294,FirstName_4293,LastName_4293,user4293@example.com,Australia,Toronto,Consumer,2021-02-10
CUST-04295,FirstName_4294,LastName_4294,user4294@example.com,United States,Melbourne,Consumer,2022-09-19
CUST-04296,FirstName_4295,LastName_4295,user4295@example.com,United States,Chicago,Corporate,2022-03-03
CUST-04297,FirstName_4296,LastName_4296,user4296@example.com,United States,Melbourne,Consumer,2020-11-30
CUST-04298,FirstName_4297,LastName_4297,user4297@example.com,United States,Chicago,Home Office,2020-01-31
CUST-04299,FirstName_4298,LastName_4298,user4298@example.com,Canada,Berlin,Corporate,2021-10-11
CUST-04300,FirstName_4299,LastName_4299,user4299@example.com,Canada,Toronto,Corporate,2020-10-06
CUST-04301,FirstName_4300,LastName_4300,user4300@example.com,United States,Chicago,Consumer,2022-03-13
CUST-04302,FirstName_4301,LastName_4301,user4301@example.com,Australia,Sydney,Corporate,2021-04-06
CUST-04303,FirstName_4302,LastName_4302,user4302@example.com,Germany,Sydney,Home Office,2021-05-17
CUST-04304,FirstName_4303,LastName_4303,user4303@example.com,Canada,Los Angeles,Consumer,2020-08-21
CUST-04305,FirstName_4304,LastName_4304,user4304@example.com,Germany,Chicago,Corporate,2020-12-30
CUST-04306,FirstName_4305,LastName_4305,user4305@example.com,United States,Toronto,Consumer,2021-07-20
CUST-04307,FirstName_4306,LastName_4306,user4306@example.com,Canada,New York,Consumer,2022-08-21
CUST-04308,FirstName_4307,LastName_4307,user4307@example.com,United Kingdom,Berlin,Corporate,2021-01-19
CUST-04309,FirstName_4308,LastName_4308,user4308@example.com,Germany,London,Corporate,2021-03-18
CUST-04310,FirstName_4309,LastName_4309,user4309@example.com,Germany,London,Home Office,2020-07-09
CUST-04311,FirstName_4310,LastName_4310,user4310@example.com,United States,Chicago,Consumer,2021-11-27
CUST-04312,FirstName_4311,LastName_4311,user4311@example.com,Australia,Melbourne,Consumer,2021-08-22
CUST-04313,FirstName_4312,LastName_4312,user4312@example.com,United States,Berlin,Corporate,2021-11-07
CUST-04314,FirstName_4313,LastName_4313,user4313@example.com,Germany,Manchester,Consumer,2021-01-24
CUST-04315,FirstName_4314,LastName_4314,user4314@example.com,Australia,Munich,Consumer,2020-03-28
CUST-04316,FirstName_4315,LastName_4315,user4315@example.com,United States,London,Consumer,2022-03-01
CUST-04317,FirstName_4316,LastName_4316,user4316@example.com,United Kingdom,Sydney,Consumer,2021-09-25
CUST-04318,FirstName_4317,LastName_4317,user4317@example.com,United States,Berlin,Corporate,2020-10-29
CUST-04319,FirstName_4318,LastName_4318,user4318@example.com,Canada,Melbourne,Corporate,2022-03-28
CUST-04320,FirstName_4319,LastName_4319,user4319@example.com,Canada,Toronto,Consumer,2020-09-09
CUST-04321,FirstName_4320,LastName_4320,user4320@example.com,Canada,Melbourne,Consumer,2021-12-31
CUST-04322,FirstName_4321,LastName_4321,user4321@example.com,Australia,Berlin,Consumer,2020-03-16
CUST-04323,FirstName_4322,LastName_4322,user4322@example.com,United Kingdom,Manchester,Consumer,2020-03-25
CUST-04324,FirstName_4323,LastName_4323,user4323@example.com,Canada,London,Consumer,2020-10-01
CUST-04325,FirstName_4324,LastName_4324,user4324@example.com,Germany,Sydney,Consumer,2020-06-06
CUST-04326,FirstName_4325,LastName_4325,user4325@example.com,Australia,New York,Corporate,2021-01-24
CUST-04327,FirstName_4326,LastName_4326,user4326@example.com,United States,Toronto,Corporate,2021-12-29
CUST-04328,FirstName_4327,LastName_4327,user4327@example.com,Australia,Sydney,Consumer,2022-03-13
CUST-04329,FirstName_4328,LastName_4328,user4328@example.com,United States,Manchester,Corporate,2021-10-11
CUST-04330,FirstName_4329,LastName_4329,user4329@example.com,Germany,Munich,Home Office,2020-06-06
CUST-04331,FirstName_4330,LastName_4330,user4330@example.com,United States,Manchester,Consumer,2022-01-27
CUST-04332,FirstName_4331,LastName_4331,user4331@example.com,United States,Manchester,Consumer,2021-02-02
CUST-04333,FirstName_4332,LastName_4332,user4332@example.com,Canada,London,Consumer,2020-11-20
CUST-04334,FirstName_4333,LastName_4333,user4333@example.com,United Kingdom,Berlin,Consumer,2021-01-04
CUST-04335,FirstName_4334,LastName_4334,user4334@example.com,United States,Berlin,Corporate,2020-04-19
CUST-04336,FirstName_4335,LastName_4335,user4335@example.com,United States,Sydney,Corporate,2020-04-03
CUST-04337,FirstName_4336,LastName_4336,user4336@example.com,Canada,Munich,Consumer,2020-01-06
CUST-04338,FirstName_4337,LastName_4337,user4337@example.com,Australia,Munich,Corporate,2022-08-23
CUST-04339,FirstName_4338,LastName_4338,user4338@example.com,United States,Melbourne,Corporate,2020-11-11
CUST-04340,FirstName_4339,LastName_4339,user4339@example.com,United States,New York,Consumer,2021-03-31
CUST-04341,FirstName_4340,LastName_4340,user4340@example.com,Canada,Manchester,Consumer,2021-01-03
CUST-04342,FirstName_4341,LastName_4341,user4341@example.com,United States,New York,Home Office,2022-02-18
CUST-04343,FirstName_4342,LastName_4342,user4342@example.com,Germany,Los Angeles,Home Office,2020-10-03
CUST-04344,FirstName_4343,LastName_4343,user4343@example.com,Germany,Chicago,Corporate,2020-04-14
CUST-04345,FirstName_4344,LastName_4344,user4344@example.com,Canada,Manchester,Home Office,2020-05-15
CUST-04346,FirstName_4345,LastName_4345,user4345@example.com,United States,New York,Consumer,2020-03-30
CUST-04347,FirstName_4346,LastName_4346,user4346@example.com,Germany,London,Consumer,2020-07-10
CUST-04348,FirstName_4347,LastName_4347,user4347@example.com,Canada,Chicago,Consumer,2021-03-17
CUST-04349,FirstName_4348,LastName_4348,user4348@example.com,Germany,Munich,Consumer,2021-04-04
CUST-04350,FirstName_4349,LastName_4349,user4349@example.com,United Kingdom,Manchester,Corporate,2021-07-24
CUST-04351,FirstName_4350,LastName_4350,user4350@example.com,Germany,Manchester,Home Office,2021-07-22
CUST-04352,FirstName_4351,LastName_4351,user4351@example.com,Canada,Munich,Corporate,2021-06-08
CUST-04353,FirstName_4352,LastName_4352,user4352@example.com,Canada,Melbourne,Consumer,2021-02-21
CUST-04354,FirstName_4353,LastName_4353,user4353@example.com,Australia,London,Consumer,2020-04-15
CUST-04355,FirstName_4354,LastName_4354,user4354@example.com,Canada,Manchester,Consumer,2020-01-27
CUST-04356,FirstName_4355,LastName_4355,user4355@example.com,United Kingdom,New York,Consumer,2020-04-01
CUST-04357,FirstName_4356,LastName_4356,user4356@example.com,United States,Manchester,Corporate,2020-12-28
CUST-04358,FirstName_4357,LastName_4357,user4357@example.com,United Kingdom,Chicago,Consumer,2021-07-21
CUST-04359,FirstName_4358,LastName_4358,user4358@example.com,Canada,Manchester,Home Office,2020-04-05
CUST-04360,FirstName_4359,LastName_4359,user4359@example.com,United States,New York,Home Office,2021-09-03
CUST-04361,FirstName_4360,LastName_4360,user4360@example.com,United States,Toronto,Consumer,2021-09-04
CUST-04362,FirstName_4361,LastName_4361,user4361@example.com,United Kingdom,Chicago,Consumer,2022-03-14
CUST-04363,FirstName_4362,LastName_4362,user4362@example.com,Germany,Sydney,Corporate,2020-11-28
CUST-04364,FirstName_4363,LastName_4363,user4363@example.com,Canada,Sydney,Consumer,2022-06-03
CUST-04365,FirstName_4364,LastName_4364,user4364@example.com,United States,Chicago,Corporate,2021-01-29
CUST-04366,FirstName_4365,LastName_4365,user4365@example.com,United Kingdom,London,Consumer,2020-01-13
CUST-04367,FirstName_4366,LastName_4366,user4366@example.com,United States,Toronto,Consumer,2020-10-25
CUST-04368,FirstName_4367,LastName_4367,user4367@example.com,Canada,Chicago,Consumer,2021-02-27
CUST-04369,FirstName_4368,LastName_4368,user4368@example.com,United States,New York,Consumer,2021-02-01
CUST-04370,FirstName_4369,LastName_4369,user4369@example.com,United States,Los Angeles,Home Office,2022-03-08
CUST-04371,FirstName_4370,LastName_4370,user4370@example.com,United States,Berlin,Consumer,2020-03-27
CUST-04372,FirstName_4371,LastName_4371,user4371@example.com,United States,Manchester,Home Office,2022-01-12
CUST-04373,FirstName_4372,LastName_4372,user4372@example.com,United States,Melbourne,Corporate,2022-07-11
CUST-04374,FirstName_4373,LastName_4373,user4373@example.com,United States,Toronto,Corporate,2021-07-26
CUST-04375,FirstName_4374,LastName_4374,user4374@example.com,Canada,New York,Consumer,2022-07-15
CUST-04376,FirstName_4375,LastName_4375,user4375@example.com,Canada,Melbourne,Corporate,2020-09-05
CUST-04377,FirstName_4376,LastName_4376,user4376@example.com,United States,Sydney,Consumer,2021-08-08
CUST-04378,FirstName_4377,LastName_4377,user4377@example.com,Germany,Chicago,Consumer,2021-06-17
CUST-04379,FirstName_4378,LastName_4378,user4378@example.com,United States,Toronto,Corporate,2020-06-22
CUST-04380,FirstName_4379,LastName_4379,user4379@example.com,Canada,Munich,Consumer,2021-12-02
CUST-04381,FirstName_4380,LastName_4380,user4380@example.com,United States,Manchester,Home Office,2021-01-24
CUST-04382,FirstName_4381,LastName_4381,user4381@example.com,United States,Berlin,Consumer,2020-06-22
CUST-04383,FirstName_4382,LastName_4382,user4382@example.com,Canada,Sydney,Corporate,2020-05-22
CUST-04384,FirstName_4383,LastName_4383,user4383@example.com,Canada,Chicago,Consumer,2020-10-02
CUST-04385,FirstName_4384,LastName_4384,user4384@example.com,Germany,Manchester,Corporate,2020-11-04
CUST-04386,FirstName_4385,LastName_4385,user4385@example.com,Canada,Sydney,Home Office,2020-10-01
CUST-04387,FirstName_4386,LastName_4386,user4386@example.com,Australia,Munich,Consumer,2021-05-19
CUST-04388,FirstName_4387,LastName_4387,user4387@example.com,United States,Melbourne,Consumer,2020-05-29
CUST-04389,FirstName_4388,LastName_4388,user4388@example.com,United States,Berlin,Corporate,2020-03-05
CUST-04390,FirstName_4389,LastName_4389,user4389@example.com,United States,Berlin,Consumer,2020-06-20
CUST-04391,FirstName_4390,LastName_4390,user4390@example.com,United States,Manchester,Consumer,2021-03-21
CUST-04392,FirstName_4391,LastName_4391,user4391@example.com,Canada,New York,Consumer,2020-10-09
CUST-04393,FirstName_4392,LastName_4392,user4392@example.com,United Kingdom,Manchester,Home Office,2021-03-07
CUST-04394,FirstName_4393,LastName_4393,user4393@example.com,United States,Sydney,Home Office,2020-11-02
CUST-04395,FirstName_4394,LastName_4394,user4394@example.com,Australia,New York,Corporate,2021-05-10
CUST-04396,FirstName_4395,LastName_4395,user4395@example.com,Germany,Berlin,Corporate,2022-03-12
CUST-04397,FirstName_4396,LastName_4396,user4396@example.com,United States,Los Angeles,Corporate,2020-03-19
CUST-04398,FirstName_4397,LastName_4397,user4397@example.com,United States,Berlin,Consumer,2021-01-04
CUST-04399,FirstName_4398,LastName_4398,user4398@example.com,United States,Manchester,Consumer,2020-09-14
CUST-04400,FirstName_4399,LastName_4399,user4399@example.com,United States,Sydney,Consumer,2022-08-24
CUST-04401,FirstName_4400,LastName_4400,user4400@example.com,United States,New York,Home Office,2020-09-09
CUST-04402,FirstName_4401,LastName_4401,user4401@example.com,Canada,Chicago,Corporate,2022-01-08
CUST-04403,FirstName_4402,LastName_4402,user4402@example.com,United States,New York,Consumer,2021-10-02
CUST-04404,FirstName_4403,LastName_4403,user4403@example.com,United States,Munich,Corporate,2021-05-22
CUST-04405,FirstName_4404,LastName_4404,user4404@example.com,Australia,London,Consumer,2021-08-31
CUST-04406,FirstName_4405,LastName_4405,user4405@example.com,United Kingdom,London,Corporate,2021-09-23
CUST-04407,FirstName_4406,LastName_4406,user4406@example.com,Australia,Toronto,Consumer,2020-07-19
CUST-04408,FirstName_4407,LastName_4407,user4407@example.com,United States,Melbourne,Consumer,2021-04-13
CUST-04409,FirstName_4408,LastName_4408,user4408@example.com,United States,Toronto,Corporate,2020-04-19
CUST-04410,FirstName_4409,LastName_4409,user4409@example.com,Canada,Toronto,Corporate,2020-05-18
CUST-04411,FirstName_4410,LastName_4410,user4410@example.com,United States,New York,Consumer,2020-11-07
CUST-04412,FirstName_4411,LastName_4411,user4411@example.com,United States,Sydney,Consumer,2020-01-07
CUST-04413,FirstName_4412,LastName_4412,user4412@example.com,United Kingdom,Toronto,Corporate,2022-08-29
CUST-04414,FirstName_4413,LastName_4413,user4413@example.com,United Kingdom,Manchester,Corporate,2021-02-09
CUST-04415,FirstName_4414,LastName_4414,user4414@example.com,Canada,New York,Home Office,2020-12-06
CUST-04416,FirstName_4415,LastName_4415,user4415@example.com,Canada,Sydney,Consumer,2022-05-11
CUST-04417,FirstName_4416,LastName_4416,user4416@example.com,Canada,London,Home Office,2021-09-27
CUST-04418,FirstName_4417,LastName_4417,user4417@example.com,United States,Los Angeles,Corporate,2021-01-24
CUST-04419,FirstName_4418,LastName_4418,user4418@example.com,United States,Manchester,Corporate,2022-04-03
CUST-04420,FirstName_4419,LastName_4419,user4419@example.com,United States,Chicago,Corporate,2022-06-01
CUST-04421,FirstName_4420,LastName_4420,user4420@example.com,United States,Melbourne,Consumer,2020-12-03
CUST-04422,FirstName_4421,LastName_4421,user4421@example.com,Australia,Chicago,Consumer,2021-03-26
CUST-04423,FirstName_4422,LastName_4422,user4422@example.com,Canada,Sydney,Corporate,2020-12-08
CUST-04424,FirstName_4423,LastName_4423,user4423@example.com,United Kingdom,Munich,Consumer,2021-03-16
CUST-04425,FirstName_4424,LastName_4424,user4424@example.com,United States,Sydney,Corporate,2022-04-15
CUST-04426,FirstName_4425,LastName_4425,user4425@example.com,United States,Los Angeles,Consumer,2022-04-23
CUST-04427,FirstName_4426,LastName_4426,user4426@example.com,United States,London,Consumer,2022-05-30
CUST-04428,FirstName_4427,LastName_4427,user4427@example.com,United States,Berlin,Consumer,2021-10-28
CUST-04429,FirstName_4428,LastName_4428,user4428@example.com,United States,Sydney,Corporate,2022-09-24
CUST-04430,FirstName_4429,LastName_4429,user4429@example.com,Germany,London,Consumer,2021-08-31
CUST-04431,FirstName_4430,LastName_4430,user4430@example.com,United Kingdom,Chicago,Corporate,2020-05-19
CUST-04432,FirstName_4431,LastName_4431,user4431@example.com,Canada,Sydney,Consumer,2020-11-03
CUST-04433,FirstName_4432,LastName_4432,user4432@example.com,Canada,Sydney,Corporate,2020-11-24
CUST-04434,FirstName_4433,LastName_4433,user4433@example.com,Australia,Toronto,Consumer,2021-09-09
CUST-04435,FirstName_4434,LastName_4434,user4434@example.com,United States,Chicago,Consumer,2022-08-28
CUST-04436,FirstName_4435,LastName_4435,user4435@example.com,United States,Melbourne,Corporate,2021-12-12
CUST-04437,FirstName_4436,LastName_4436,user4436@example.com,United States,Melbourne,Consumer,2020-07-24
CUST-04438,FirstName_4437,LastName_4437,user4437@example.com,Germany,Manchester,Consumer,2021-05-05
CUST-04439,FirstName_4438,LastName_4438,user4438@example.com,Australia,Munich,Home Office,2020-11-17
CUST-04440,FirstName_4439,LastName_4439,user4439@example.com,United States,Berlin,Consumer,2020-06-30
CUST-04441,FirstName_4440,LastName_4440,user4440@example.com,Germany,Sydney,Consumer,2022-09-14
CUST-04442,FirstName_4441,LastName_4441,user4441@example.com,Germany,Sydney,Consumer,2021-02-11
CUST-04443,FirstName_4442,LastName_4442,user4442@example.com,United States,Manchester,Consumer,2022-09-18
CUST-04444,FirstName_4443,LastName_4443,user4443@example.com,United States,Munich,Consumer,2020-11-22
CUST-04445,FirstName_4444,LastName_4444,user4444@example.com,Canada,Chicago,Consumer,2020-10-25
CUST-04446,FirstName_4445,LastName_4445,user4445@example.com,Australia,Sydney,Corporate,2022-01-22
CUST-04447,FirstName_4446,LastName_4446,user4446@example.com,United States,London,Consumer,2021-12-12
CUST-04448,FirstName_4447,LastName_4447,user4447@example.com,Germany,New York,Corporate,2021-10-10
CUST-04449,FirstName_4448,LastName_4448,user4448@example.com,United States,Munich,Consumer,2021-05-17
CUST-04450,FirstName_4449,LastName_4449,user4449@example.com,United Kingdom,Sydney,Consumer,2022-09-17
CUST-04451,FirstName_4450,LastName_4450,user4450@example.com,Canada,Munich,Consumer,2021-08-12
CUST-04452,FirstName_4451,LastName_4451,user4451@example.com,Canada,Melbourne,Corporate,2022-03-11
CUST-04453,FirstName_4452,LastName_4452,user4452@example.com,Germany,Berlin,Corporate,2020-09-05
CUST-04454,FirstName_4453,LastName_4453,user4453@example.com,Germany,Sydney,Corporate,2020-11-29
CUST-04455,FirstName_4454,LastName_4454,user4454@example.com,Germany,Berlin,Consumer,2021-01-20
CUST-04456,FirstName_4455,LastName_4455,user4455@example.com,United States,Los Angeles,Corporate,2020-10-14
CUST-04457,FirstName_4456,LastName_4456,user4456@example.com,United Kingdom,New York,Corporate,2022-04-16
CUST-04458,FirstName_4457,LastName_4457,user4457@example.com,United States,Manchester,Consumer,2022-03-15
CUST-04459,FirstName_4458,LastName_4458,user4458@example.com,Canada,Berlin,Consumer,2021-02-06
CUST-04460,FirstName_4459,LastName_4459,user4459@example.com,Canada,Sydney,Consumer,2021-01-08
CUST-04461,FirstName_4460,LastName_4460,user4460@example.com,Canada,Toronto,Corporate,2020-04-26
CUST-04462,FirstName_4461,LastName_4461,user4461@example.com,Canada,Manchester,Consumer,2022-08-12
CUST-04463,FirstName_4462,LastName_4462,user4462@example.com,Australia,Manchester,Corporate,2021-07-31
CUST-04464,FirstName_4463,LastName_4463,user4463@example.com,United States,Chicago,Consumer,2020-07-23
CUST-04465,FirstName_4464,LastName_4464,user4464@example.com,United Kingdom,Berlin,Consumer,2021-08-29
CUST-04466,FirstName_4465,LastName_4465,user4465@example.com,United States,Toronto,Consumer,2021-07-12
CUST-04467,FirstName_4466,LastName_4466,user4466@example.com,United States,Berlin,Consumer,2020-07-03
CUST-04468,FirstName_4467,LastName_4467,user4467@example.com,United States,Chicago,Consumer,2021-11-29
CUST-04469,FirstName_4468,LastName_4468,user4468@example.com,Australia,New York,Consumer,2022-02-25
CUST-04470,FirstName_4469,LastName_4469,user4469@example.com,Germany,Sydney,Corporate,2021-07-17
CUST-04471,FirstName_4470,LastName_4470,user4470@example.com,Australia,Melbourne,Consumer,2020-01-28
CUST-04472,FirstName_4471,LastName_4471,user4471@example.com,Australia,Melbourne,Consumer,2022-09-02
CUST-04473,FirstName_4472,LastName_4472,user4472@example.com,United States,Berlin,Consumer,2022-01-14
CUST-04474,FirstName_4473,LastName_4473,user4473@example.com,United States,Chicago,Consumer,2021-04-17
CUST-04475,FirstName_4474,LastName_4474,user4474@example.com,United Kingdom,Munich,Consumer,2022-08-23
CUST-04476,FirstName_4475,LastName_4475,user4475@example.com,Canada,Sydney,Consumer,2021-12-26
CUST-04477,FirstName_4476,LastName_4476,user4476@example.com,Canada,Berlin,Consumer,2020-08-02
CUST-04478,FirstName_4477,LastName_4477,user4477@example.com,United States,Munich,Consumer,2021-03-24
CUST-04479,FirstName_4478,LastName_4478,user4478@example.com,Canada,Sydney,Home Office,2022-03-27
CUST-04480,FirstName_4479,LastName_4479,user4479@example.com,Canada,Munich,Consumer,2020-10-25
CUST-04481,FirstName_4480,LastName_4480,user4480@example.com,United States,Manchester,Consumer,2022-05-01
CUST-04482,FirstName_4481,LastName_4481,user4481@example.com,Canada,Berlin,Consumer,2021-12-10
CUST-04483,FirstName_4482,LastName_4482,user4482@example.com,Canada,Chicago,Consumer,2020-03-11
CUST-04484,FirstName_4483,LastName_4483,user4483@example.com,Canada,Sydney,Home Office,2022-04-18
CUST-04485,FirstName_4484,LastName_4484,user4484@example.com,United States,Melbourne,Consumer,2022-05-18
CUST-04486,FirstName_4485,LastName_4485,user4485@example.com,United Kingdom,Berlin,Consumer,2022-03-25
CUST-04487,FirstName_4486,LastName_4486,user4486@example.com,United States,Sydney,Corporate,2022-03-25
CUST-04488,FirstName_4487,LastName_4487,user4487@example.com,United States,Sydney,Consumer,2021-02-22
CUST-04489,FirstName_4488,LastName_4488,user4488@example.com,Germany,Munich,Home Office,2021-11-20
CUST-04490,FirstName_4489,LastName_4489,user4489@example.com,Canada,Munich,Home Office,2021-05-26
CUST-04491,FirstName_4490,LastName_4490,user4490@example.com,United States,Toronto,Consumer,2020-05-22
CUST-04492,FirstName_4491,LastName_4491,user4491@example.com,United Kingdom,Berlin,Consumer,2021-10-10
CUST-04493,FirstName_4492,LastName_4492,user4492@example.com,Canada,Los Angeles,Consumer,2020-11-06
CUST-04494,FirstName_4493,LastName_4493,user4493@example.com,Germany,London,Consumer,2020-09-04
CUST-04495,FirstName_4494,LastName_4494,user4494@example.com,United Kingdom,Los Angeles,Consumer,2020-09-15
CUST-04496,FirstName_4495,LastName_4495,user4495@example.com,United Kingdom,Sydney,Consumer,2021-11-05
CUST-04497,FirstName_4496,LastName_4496,user4496@example.com,Canada,Toronto,Home Office,2020-06-06
CUST-04498,FirstName_4497,LastName_4497,user4497@example.com,United States,Sydney,Consumer,2022-01-02
CUST-04499,FirstName_4498,LastName_4498,user4498@example.com,United States,Los Angeles,Corporate,2021-03-09
CUST-04500,FirstName_4499,LastName_4499,user4499@example.com,Canada,Sydney,Corporate,2022-03-19
CUST-04501,FirstName_4500,LastName_4500,user4500@example.com,Canada,Munich,Home Office,2021-01-21
CUST-04502,FirstName_4501,LastName_4501,user4501@example.com,Canada,Berlin,Consumer,2020-03-16
CUST-04503,FirstName_4502,LastName_4502,user4502@example.com,United States,Melbourne,Consumer,2021-04-04
CUST-04504,FirstName_4503,LastName_4503,user4503@example.com,United States,Los Angeles,Corporate,2021-09-04
CUST-04505,FirstName_4504,LastName_4504,user4504@example.com,Canada,London,Corporate,2021-05-05
CUST-04506,FirstName_4505,LastName_4505,user4505@example.com,United States,London,Home Office,2021-08-19
CUST-04507,FirstName_4506,LastName_4506,user4506@example.com,United Kingdom,Munich,Corporate,2021-02-14
CUST-04508,FirstName_4507,LastName_4507,user4507@example.com,United States,Berlin,Consumer,2021-07-01
CUST-04509,FirstName_4508,LastName_4508,user4508@example.com,Canada,New York,Consumer,2021-06-02
CUST-04510,FirstName_4509,LastName_4509,user4509@example.com,Australia,New York,Consumer,2022-08-03
CUST-04511,FirstName_4510,LastName_4510,user4510@example.com,United States,Chicago,Corporate,2022-07-31
CUST-04512,FirstName_4511,LastName_4511,user4511@example.com,Canada,Chicago,Consumer,2022-06-09
CUST-04513,FirstName_4512,LastName_4512,user4512@example.com,United States,Los Angeles,Corporate,2021-12-09
CUST-04514,FirstName_4513,LastName_4513,user4513@example.com,United Kingdom,Munich,Home Office,2021-03-04
CUST-04515,FirstName_4514,LastName_4514,user4514@example.com,Canada,Munich,Corporate,2021-07-10
CUST-04516,FirstName_4515,LastName_4515,user4515@example.com,Canada,Sydney,Consumer,2020-02-07
CUST-04517,FirstName_4516,LastName_4516,user4516@example.com,Canada,London,Consumer,2022-03-20
CUST-04518,FirstName_4517,LastName_4517,user4517@example.com,Germany,London,Home Office,2022-09-18
CUST-04519,FirstName_4518,LastName_4518,user4518@example.com,United States,London,Consumer,2021-01-03
CUST-04520,FirstName_4519,LastName_4519,user4519@example.com,United States,Toronto,Consumer,2021-12-19
CUST-04521,FirstName_4520,LastName_4520,user4520@example.com,Germany,Berlin,Consumer,2022-07-05
CUST-04522,FirstName_4521,LastName_4521,user4521@example.com,Canada,Manchester,Consumer,2022-04-11
CUST-04523,FirstName_4522,LastName_4522,user4522@example.com,Germany,Sydney,Consumer,2021-07-03
CUST-04524,FirstName_4523,LastName_4523,user4523@example.com,Canada,New York,Home Office,2021-08-31
CUST-04525,FirstName_4524,LastName_4524,user4524@example.com,Germany,Munich,Home Office,2021-10-15
CUST-04526,FirstName_4525,LastName_4525,user4525@example.com,Canada,New York,Home Office,2022-07-25
CUST-04527,FirstName_4526,LastName_4526,user4526@example.com,United Kingdom,Toronto,Consumer,2020-03-28
CUST-04528,FirstName_4527,LastName_4527,user4527@example.com,Australia,New York,Home Office,2020-04-21
CUST-04529,FirstName_4528,LastName_4528,user4528@example.com,Canada,London,Home Office,2022-02-26
CUST-04530,FirstName_4529,LastName_4529,user4529@example.com,United States,Melbourne,Home Office,2020-09-11
CUST-04531,FirstName_4530,LastName_4530,user4530@example.com,United States,Sydney,Corporate,2021-11-04
CUST-04532,FirstName_4531,LastName_4531,user4531@example.com,United States,Melbourne,Corporate,2021-11-11
CUST-04533,FirstName_4532,LastName_4532,user4532@example.com,United States,Chicago,Consumer,2020-12-29
CUST-04534,FirstName_4533,LastName_4533,user4533@example.com,United States,Melbourne,Home Office,2020-06-19
CUST-04535,FirstName_4534,LastName_4534,user4534@example.com,Canada,Manchester,Consumer,2021-10-24
CUST-04536,FirstName_4535,LastName_4535,user4535@example.com,Canada,Munich,Consumer,2021-09-19
CUST-04537,FirstName_4536,LastName_4536,user4536@example.com,Canada,Toronto,Home Office,2020-02-15
CUST-04538,FirstName_4537,LastName_4537,user4537@example.com,United Kingdom,Munich,Consumer,2021-07-30
CUST-04539,FirstName_4538,LastName_4538,user4538@example.com,United States,Manchester,Consumer,2021-10-22
CUST-04540,FirstName_4539,LastName_4539,user4539@example.com,United States,Munich,Home Office,2021-11-24
CUST-04541,FirstName_4540,LastName_4540,user4540@example.com,United States,Melbourne,Home Office,2021-10-24
CUST-04542,FirstName_4541,LastName_4541,user4541@example.com,Canada,Berlin,Consumer,2021-02-13
CUST-04543,FirstName_4542,LastName_4542,user4542@example.com,United States,Munich,Home Office,2022-09-17
CUST-04544,FirstName_4543,LastName_4543,user4543@example.com,United States,Chicago,Consumer,2022-02-09
CUST-04545,FirstName_4544,LastName_4544,user4544@example.com,Canada,Sydney,Consumer,2020-12-05
CUST-04546,FirstName_4545,LastName_4545,user4545@example.com,Germany,Sydney,Consumer,2022-09-15
CUST-04547,FirstName_4546,LastName_4546,user4546@example.com,United States,New York,Consumer,2022-03-26
CUST-04548,FirstName_4547,LastName_4547,user4547@example.com,United Kingdom,Los Angeles,Consumer,2021-03-16
CUST-04549,FirstName_4548,LastName_4548,user4548@example.com,United Kingdom,Melbourne,Consumer,2020-04-18
CUST-04550,FirstName_4549,LastName_4549,user4549@example.com,Germany,London,Home Office,2020-01-11
CUST-04551,FirstName_4550,LastName_4550,user4550@example.com,Australia,Manchester,Corporate,2020-04-10
CUST-04552,FirstName_4551,LastName_4551,user4551@example.com,United States,Toronto,Home Office,2020-09-21
CUST-04553,FirstName_4552,LastName_4552,user4552@example.com,United States,Melbourne,Corporate,2020-08-15
CUST-04554,FirstName_4553,LastName_4553,user4553@example.com,Germany,Sydney,Consumer,2021-06-06
CUST-04555,FirstName_4554,LastName_4554,user4554@example.com,Canada,New York,Home Office,2022-02-03
CUST-04556,FirstName_4555,LastName_4555,user4555@example.com,Canada,Munich,Home Office,2021-06-15
CUST-04557,FirstName_4556,LastName_4556,user4556@example.com,United Kingdom,London,Consumer,2021-07-25
CUST-04558,FirstName_4557,LastName_4557,user4557@example.com,United Kingdom,London,Consumer,2021-08-17
CUST-04559,FirstName_4558,LastName_4558,user4558@example.com,Australia,Los Angeles,Corporate,2021-12-05
CUST-04560,FirstName_4559,LastName_4559,user4559@example.com,Australia,Berlin,Corporate,2021-08-12
CUST-04561,FirstName_4560,LastName_4560,user4560@example.com,United Kingdom,Los Angeles,Home Office,2020-08-14
CUST-04562,FirstName_4561,LastName_4561,user4561@example.com,United States,Munich,Consumer,2021-04-01
CUST-04563,FirstName_4562,LastName_4562,user4562@example.com,Germany,Melbourne,Consumer,2021-01-18
CUST-04564,FirstName_4563,LastName_4563,user4563@example.com,United States,Chicago,Consumer,2021-02-04
CUST-04565,FirstName_4564,LastName_4564,user4564@example.com,United States,Manchester,Corporate,2021-04-19
CUST-04566,FirstName_4565,LastName_4565,user4565@example.com,Germany,London,Consumer,2022-03-01
CUST-04567,FirstName_4566,LastName_4566,user4566@example.com,United States,Toronto,Consumer,2021-11-26
CUST-04568,FirstName_4567,LastName_4567,user4567@example.com,United States,Melbourne,Consumer,2021-08-25
CUST-04569,FirstName_4568,LastName_4568,user4568@example.com,United States,Toronto,Corporate,2021-12-08
CUST-04570,FirstName_4569,LastName_4569,user4569@example.com,Germany,New York,Consumer,2021-05-27
CUST-04571,FirstName_4570,LastName_4570,user4570@example.com,Canada,Toronto,Consumer,2020-06-03
CUST-04572,FirstName_4571,LastName_4571,user4571@example.com,United Kingdom,London,Corporate,2020-12-19
CUST-04573,FirstName_4572,LastName_4572,user4572@example.com,United States,London,Home Office,2020-01-26
CUST-04574,FirstName_4573,LastName_4573,user4573@example.com,Germany,London,Consumer,2021-05-09
CUST-04575,FirstName_4574,LastName_4574,user4574@example.com,Germany,Melbourne,Consumer,2020-04-17
CUST-04576,FirstName_4575,LastName_4575,user4575@example.com,United States,Melbourne,Home Office,2020-10-29
CUST-04577,FirstName_4576,LastName_4576,user4576@example.com,Canada,Manchester,Consumer,2021-03-01
CUST-04578,FirstName_4577,LastName_4577,user4577@example.com,United States,Sydney,Corporate,2022-07-31
CUST-04579,FirstName_4578,LastName_4578,user4578@example.com,Australia,Berlin,Corporate,2022-09-11
CUST-04580,FirstName_4579,LastName_4579,user4579@example.com,United Kingdom,Munich,Consumer,2020-03-28
CUST-04581,FirstName_4580,LastName_4580,user4580@example.com,Australia,Munich,Corporate,2020-04-28
CUST-04582,FirstName_4581,LastName_4581,user4581@example.com,United States,New York,Corporate,2022-05-01
CUST-04583,FirstName_4582,LastName_4582,user4582@example.com,Germany,Los Angeles,Consumer,2022-08-21
CUST-04584,FirstName_4583,LastName_4583,user4583@example.com,Germany,Manchester,Consumer,2022-01-17
CUST-04585,FirstName_4584,LastName_4584,user4584@example.com,United Kingdom,Sydney,Home Office,2020-05-25
CUST-04586,FirstName_4585,LastName_4585,user4585@example.com,Australia,Chicago,Consumer,2020-12-22
CUST-04587,FirstName_4586,LastName_4586,user4586@example.com,United States,New York,Corporate,2020-11-15
CUST-04588,FirstName_4587,LastName_4587,user4587@example.com,United States,Melbourne,Home Office,2020-12-17
CUST-04589,FirstName_4588,LastName_4588,user4588@example.com,United Kingdom,Sydney,Consumer,2021-04-11
CUST-04590,FirstName_4589,LastName_4589,user4589@example.com,United Kingdom,London,Corporate,2022-03-14
CUST-04591,FirstName_4590,LastName_4590,user4590@example.com,Canada,Melbourne,Home Office,2020-07-30
CUST-04592,FirstName_4591,LastName_4591,user4591@example.com,United States,Los Angeles,Consumer,2021-06-17
CUST-04593,FirstName_4592,LastName_4592,user4592@example.com,Canada,Los Angeles,Consumer,2021-05-09
CUST-04594,FirstName_4593,LastName_4593,user4593@example.com,United States,Munich,Home Office,2020-12-22
CUST-04595,FirstName_4594,LastName_4594,user4594@example.com,Canada,Berlin,Consumer,2021-05-02
CUST-04596,FirstName_4595,LastName_4595,user4595@example.com,United Kingdom,Berlin,Consumer,2020-04-09
CUST-04597,FirstName_4596,LastName_4596,user4596@example.com,United Kingdom,Chicago,Home Office,2021-03-24
CUST-04598,FirstName_4597,LastName_4597,user4597@example.com,United States,Melbourne,Corporate,2022-01-09
CUST-04599,FirstName_4598,LastName_4598,user4598@example.com,Canada,Melbourne,Home Office,2021-12-14
CUST-04600,FirstName_4599,LastName_4599,user4599@example.com,United States,Los Angeles,Consumer,2021-04-08
CUST-04601,FirstName_4600,LastName_4600,user4600@example.com,United States,London,Consumer,2020-11-22
CUST-04602,FirstName_4601,LastName_4601,user4601@example.com,Germany,London,Consumer,2020-03-09
CUST-04603,FirstName_4602,LastName_4602,user4602@example.com,Australia,Toronto,Corporate,2020-11-03
CUST-04604,FirstName_4603,LastName_4603,user4603@example.com,United States,London,Corporate,2020-02-15
CUST-04605,FirstName_4604,LastName_4604,user4604@example.com,Germany,Sydney,Consumer,2022-04-09
CUST-04606,FirstName_4605,LastName_4605,user4605@example.com,Germany,Berlin,Consumer,2021-12-28
CUST-04607,FirstName_4606,LastName_4606,user4606@example.com,Germany,London,Corporate,2020-04-27
CUST-04608,FirstName_4607,LastName_4607,user4607@example.com,United States,Manchester,Consumer,2020-01-24
CUST-04609,FirstName_4608,LastName_4608,user4608@example.com,Australia,Melbourne,Consumer,2022-05-19
CUST-04610,FirstName_4609,LastName_4609,user4609@example.com,United States,London,Home Office,2020-12-17
CUST-04611,FirstName_4610,LastName_4610,user4610@example.com,United States,Toronto,Consumer,2021-10-25
CUST-04612,FirstName_4611,LastName_4611,user4611@example.com,United States,Chicago,Corporate,2020-04-21
CUST-04613,FirstName_4612,LastName_4612,user4612@example.com,Canada,Chicago,Home Office,2021-11-24
CUST-04614,FirstName_4613,LastName_4613,user4613@example.com,United States,Los Angeles,Consumer,2022-03-30
CUST-04615,FirstName_4614,LastName_4614,user4614@example.com,United States,London,Consumer,2020-06-17
CUST-04616,FirstName_4615,LastName_4615,user4615@example.com,United States,Melbourne,Consumer,2022-08-10
CUST-04617,FirstName_4616,LastName_4616,user4616@example.com,Germany,Melbourne,Home Office,2022-01-28
CUST-04618,FirstName_4617,LastName_4617,user4617@example.com,Germany,Berlin,Consumer,2020-09-06
CUST-04619,FirstName_4618,LastName_4618,user4618@example.com,United States,Chicago,Corporate,2021-06-12
CUST-04620,FirstName_4619,LastName_4619,user4619@example.com,Germany,Los Angeles,Home Office,2020-06-27
CUST-04621,FirstName_4620,LastName_4620,user4620@example.com,Germany,London,Home Office,2021-07-19
CUST-04622,FirstName_4621,LastName_4621,user4621@example.com,Germany,Chicago,Consumer,2020-06-12
CUST-04623,FirstName_4622,LastName_4622,user4622@example.com,United States,Chicago,Corporate,2020-12-04
CUST-04624,FirstName_4623,LastName_4623,user4623@example.com,United Kingdom,Melbourne,Home Office,2021-07-27
CUST-04625,FirstName_4624,LastName_4624,user4624@example.com,Australia,London,Consumer,2021-03-12
CUST-04626,FirstName_4625,LastName_4625,user4625@example.com,United Kingdom,New York,Consumer,2022-09-08
CUST-04627,FirstName_4626,LastName_4626,user4626@example.com,United States,London,Consumer,2021-04-18
CUST-04628,FirstName_4627,LastName_4627,user4627@example.com,Canada,Sydney,Consumer,2020-08-25
CUST-04629,FirstName_4628,LastName_4628,user4628@example.com,United Kingdom,Chicago,Home Office,2022-03-27
CUST-04630,FirstName_4629,LastName_4629,user4629@example.com,Canada,Berlin,Consumer,2021-02-18
CUST-04631,FirstName_4630,LastName_4630,user4630@example.com,United States,New York,Home Office,2021-10-06
CUST-04632,FirstName_4631,LastName_4631,user4631@example.com,United States,Toronto,Corporate,2020-07-07
CUST-04633,FirstName_4632,LastName_4632,user4632@example.com,Germany,Los Angeles,Corporate,2020-07-09
CUST-04634,FirstName_4633,LastName_4633,user4633@example.com,Germany,London,Corporate,2021-10-17
CUST-04635,FirstName_4634,LastName_4634,user4634@example.com,United States,Berlin,Consumer,2021-11-04
CUST-04636,FirstName_4635,LastName_4635,user4635@example.com,Australia,Toronto,Home Office,2021-03-18
CUST-04637,FirstName_4636,LastName_4636,user4636@example.com,United States,Toronto,Consumer,2021-02-09
CUST-04638,FirstName_4637,LastName_4637,user4637@example.com,United Kingdom,Chicago,Consumer,2020-01-30
CUST-04639,FirstName_4638,LastName_4638,user4638@example.com,Germany,Sydney,Consumer,2022-01-25
CUST-04640,FirstName_4639,LastName_4639,user4639@example.com,Germany,Chicago,Home Office,2021-09-20
CUST-04641,FirstName_4640,LastName_4640,user4640@example.com,Australia,Los Angeles,Home Office,2022-06-23
CUST-04642,FirstName_4641,LastName_4641,user4641@example.com,United States,New York,Consumer,2020-07-21
CUST-04643,FirstName_4642,LastName_4642,user4642@example.com,Germany,Melbourne,Consumer,2021-04-05
CUST-04644,FirstName_4643,LastName_4643,user4643@example.com,United States,Manchester,Corporate,2021-08-29
CUST-04645,FirstName_4644,LastName_4644,user4644@example.com,United Kingdom,New York,Consumer,2021-03-15
CUST-04646,FirstName_4645,LastName_4645,user4645@example.com,United Kingdom,Los Angeles,Consumer,2021-02-02
CUST-04647,FirstName_4646,LastName_4646,user4646@example.com,United Kingdom,Melbourne,Corporate,2020-01-05
CUST-04648,FirstName_4647,LastName_4647,user4647@example.com,United States,Toronto,Consumer,2021-12-22
CUST-04649,FirstName_4648,LastName_4648,user4648@example.com,Germany,New York,Consumer,2020-08-07
CUST-04650,FirstName_4649,LastName_4649,user4649@example.com,United States,Melbourne,Consumer,2020-07-29
CUST-04651,FirstName_4650,LastName_4650,user4650@example.com,United States,London,Consumer,2020-10-12
CUST-04652,FirstName_4651,LastName_4651,user4651@example.com,United Kingdom,Chicago,Consumer,2022-02-09
CUST-04653,FirstName_4652,LastName_4652,user4652@example.com,Canada,Manchester,Consumer,2021-12-21
CUST-04654,FirstName_4653,LastName_4653,user4653@example.com,Germany,Berlin,Consumer,2022-04-08
CUST-04655,FirstName_4654,LastName_4654,user4654@example.com,United States,London,Consumer,2022-03-26
CUST-04656,FirstName_4655,LastName_4655,user4655@example.com,United States,New York,Corporate,2020-03-05
CUST-04657,FirstName_4656,LastName_4656,user4656@example.com,Germany,Munich,Home Office,2021-08-14
CUST-04658,FirstName_4657,LastName_4657,user4657@example.com,Canada,Melbourne,Consumer,2020-04-14
CUST-04659,FirstName_4658,LastName_4658,user4658@example.com,United States,Toronto,Home Office,2022-03-29
CUST-04660,FirstName_4659,LastName_4659,user4659@example.com,United Kingdom,Toronto,Consumer,2022-06-11
CUST-04661,FirstName_4660,LastName_4660,user4660@example.com,Canada,Munich,Consumer,2021-07-03
CUST-04662,FirstName_4661,LastName_4661,user4661@example.com,United Kingdom,New York,Consumer,2020-07-10
CUST-04663,FirstName_4662,LastName_4662,user4662@example.com,Canada,Toronto,Consumer,2021-01-09
CUST-04664,FirstName_4663,LastName_4663,user4663@example.com,Germany,Sydney,Corporate,2020-11-29
CUST-04665,FirstName_4664,LastName_4664,user4664@example.com,Germany,Toronto,Consumer,2020-07-20
CUST-04666,FirstName_4665,LastName_4665,user4665@example.com,United Kingdom,Manchester,Consumer,2021-04-13
CUST-04667,FirstName_4666,LastName_4666,user4666@example.com,United States,Sydney,Home Office,2020-04-26
CUST-04668,FirstName_4667,LastName_4667,user4667@example.com,Germany,Los Angeles,Consumer,2020-09-25
CUST-04669,FirstName_4668,LastName_4668,user4668@example.com,United Kingdom,Los Angeles,Consumer,2021-11-17
CUST-04670,FirstName_4669,LastName_4669,user4669@example.com,United Kingdom,Melbourne,Consumer,2022-06-02
CUST-04671,FirstName_4670,LastName_4670,user4670@example.com,United States,Sydney,Consumer,2021-05-16
CUST-04672,FirstName_4671,LastName_4671,user4671@example.com,Germany,London,Consumer,2021-06-24
CUST-04673,FirstName_4672,LastName_4672,user4672@example.com,United Kingdom,Melbourne,Consumer,2022-09-16
CUST-04674,FirstName_4673,LastName_4673,user4673@example.com,United States,London,Consumer,2021-10-16
CUST-04675,FirstName_4674,LastName_4674,user4674@example.com,Canada,Manchester,Consumer,2020-11-16
CUST-04676,FirstName_4675,LastName_4675,user4675@example.com,Germany,Chicago,Corporate,2021-09-03
CUST-04677,FirstName_4676,LastName_4676,user4676@example.com,United States,New York,Corporate,2021-02-01
CUST-04678,FirstName_4677,LastName_4677,user4677@example.com,Australia,Sydney,Home Office,2021-09-17
CUST-04679,FirstName_4678,LastName_4678,user4678@example.com,United Kingdom,Munich,Home Office,2021-02-05
CUST-04680,FirstName_4679,LastName_4679,user4679@example.com,United Kingdom,Berlin,Home Office,2021-08-24
CUST-04681,FirstName_4680,LastName_4680,user4680@example.com,United States,New York,Corporate,2020-04-26
CUST-04682,FirstName_4681,LastName_4681,user4681@example.com,United States,Manchester,Corporate,2020-12-22
CUST-04683,FirstName_4682,LastName_4682,user4682@example.com,Australia,Sydney,Consumer,2020-12-26
CUST-04684,FirstName_4683,LastName_4683,user4683@example.com,United States,Los Angeles,Corporate,2022-05-15
CUST-04685,FirstName_4684,LastName_4684,user4684@example.com,Germany,New York,Consumer,2021-04-13
CUST-04686,FirstName_4685,LastName_4685,user4685@example.com,United States,London,Home Office,2021-09-24
CUST-04687,FirstName_4686,LastName_4686,user4686@example.com,United States,Munich,Consumer,2020-06-25
CUST-04688,FirstName_4687,LastName_4687,user4687@example.com,United States,New York,Corporate,2022-04-13
CUST-04689,FirstName_4688,LastName_4688,user4688@example.com,Canada,Berlin,Consumer,2021-11-20
CUST-04690,FirstName_4689,LastName_4689,user4689@example.com,Australia,Manchester,Consumer,2021-12-23
CUST-04691,FirstName_4690,LastName_4690,user4690@example.com,United States,Manchester,Consumer,2022-03-30
CUST-04692,FirstName_4691,LastName_4691,user4691@example.com,United States,Melbourne,Consumer,2020-10-31
CUST-04693,FirstName_4692,LastName_4692,user4692@example.com,United States,Manchester,Consumer,2022-07-29
CUST-04694,FirstName_4693,LastName_4693,user4693@example.com,Canada,Melbourne,Consumer,2021-09-21
CUST-04695,FirstName_4694,LastName_4694,user4694@example.com,Canada,Manchester,Consumer,2021-08-27
CUST-04696,FirstName_4695,LastName_4695,user4695@example.com,Germany,Berlin,Consumer,2020-03-27
CUST-04697,FirstName_4696,LastName_4696,user4696@example.com,Canada,Manchester,Home Office,2021-11-19
CUST-04698,FirstName_4697,LastName_4697,user4697@example.com,Canada,Munich,Consumer,2020-05-17
CUST-04699,FirstName_4698,LastName_4698,user4698@example.com,United States,Chicago,Consumer,2020-11-16
CUST-04700,FirstName_4699,LastName_4699,user4699@example.com,Australia,Los Angeles,Home Office,2020-04-30
CUST-04701,FirstName_4700,LastName_4700,user4700@example.com,United States,Munich,Consumer,2020-09-01
CUST-04702,FirstName_4701,LastName_4701,user4701@example.com,United States,Manchester,Consumer,2020-11-08
CUST-04703,FirstName_4702,LastName_4702,user4702@example.com,United Kingdom,Sydney,Consumer,2020-04-29
CUST-04704,FirstName_4703,LastName_4703,user4703@example.com,Canada,London,Corporate,2020-07-06
CUST-04705,FirstName_4704,LastName_4704,user4704@example.com,Canada,Chicago,Consumer,2021-01-17
CUST-04706,FirstName_4705,LastName_4705,user4705@example.com,Canada,Los Angeles,Consumer,2021-12-11
CUST-04707,FirstName_4706,LastName_4706,user4706@example.com,Germany,London,Corporate,2020-05-24
CUST-04708,FirstName_4707,LastName_4707,user4707@example.com,United States,Munich,Consumer,2021-06-07
CUST-04709,FirstName_4708,LastName_4708,user4708@example.com,Germany,Berlin,Home Office,2021-02-01
CUST-04710,FirstName_4709,LastName_4709,user4709@example.com,United Kingdom,Berlin,Consumer,2021-03-04
CUST-04711,FirstName_4710,LastName_4710,user4710@example.com,Canada,London,Consumer,2021-09-02
CUST-04712,FirstName_4711,LastName_4711,user4711@example.com,Canada,Sydney,Corporate,2020-05-21
CUST-04713,FirstName_4712,LastName_4712,user4712@example.com,United States,London,Consumer,2021-08-11
CUST-04714,FirstName_4713,LastName_4713,user4713@example.com,Germany,Munich,Home Office,2021-01-27
CUST-04715,FirstName_4714,LastName_4714,user4714@example.com,Canada,London,Home Office,2021-03-09
CUST-04716,FirstName_4715,LastName_4715,user4715@example.com,United States,Los Angeles,Consumer,2020-07-09
CUST-04717,FirstName_4716,LastName_4716,user4716@example.com,Canada,Sydney,Home Office,2021-05-13
CUST-04718,FirstName_4717,LastName_4717,user4717@example.com,Australia,Toronto,Consumer,2021-10-12
CUST-04719,FirstName_4718,LastName_4718,user4718@example.com,Canada,New York,Home Office,2021-07-04
CUST-04720,FirstName_4719,LastName_4719,user4719@example.com,Australia,Toronto,Consumer,2021-12-11
CUST-04721,FirstName_4720,LastName_4720,user4720@example.com,United States,Melbourne,Consumer,2022-07-30
CUST-04722,FirstName_4721,LastName_4721,user4721@example.com,United States,London,Consumer,2021-10-22
CUST-04723,FirstName_4722,LastName_4722,user4722@example.com,United States,Berlin,Consumer,2022-08-11
CUST-04724,FirstName_4723,LastName_4723,user4723@example.com,Canada,Toronto,Consumer,2020-06-26
CUST-04725,FirstName_4724,LastName_4724,user4724@example.com,United States,Manchester,Home Office,2021-07-22
CUST-04726,FirstName_4725,LastName_4725,user4725@example.com,United States,Munich,Home Office,2020-06-19
CUST-04727,FirstName_4726,LastName_4726,user4726@example.com,Australia,Toronto,Consumer,2021-05-16
CUST-04728,FirstName_4727,LastName_4727,user4727@example.com,Germany,Chicago,Consumer,2020-10-22
CUST-04729,FirstName_4728,LastName_4728,user4728@example.com,United Kingdom,Sydney,Home Office,2020-05-23
CUST-04730,FirstName_4729,LastName_4729,user4729@example.com,United States,Munich,Consumer,2020-07-10
CUST-04731,FirstName_4730,LastName_4730,user4730@example.com,United States,Berlin,Consumer,2020-11-18
CUST-04732,FirstName_4731,LastName_4731,user4731@example.com,United States,Melbourne,Consumer,2022-05-12
CUST-04733,FirstName_4732,LastName_4732,user4732@example.com,United Kingdom,Toronto,Consumer,2021-04-06
CUST-04734,FirstName_4733,LastName_4733,user4733@example.com,Australia,Sydney,Consumer,2021-09-26
CUST-04735,FirstName_4734,LastName_4734,user4734@example.com,Canada,New York,Corporate,2020-02-24
CUST-04736,FirstName_4735,LastName_4735,user4735@example.com,United States,Sydney,Corporate,2022-06-05
CUST-04737,FirstName_4736,LastName_4736,user4736@example.com,Canada,Sydney,Consumer,2021-01-02
CUST-04738,FirstName_4737,LastName_4737,user4737@example.com,United States,Munich,Home Office,2022-09-01
CUST-04739,FirstName_4738,LastName_4738,user4738@example.com,United States,New York,Consumer,2020-01-10
CUST-04740,FirstName_4739,LastName_4739,user4739@example.com,United Kingdom,Sydney,Consumer,2021-05-11
CUST-04741,FirstName_4740,LastName_4740,user4740@example.com,United Kingdom,Chicago,Consumer,2020-05-19
CUST-04742,FirstName_4741,LastName_4741,user4741@example.com,United States,Toronto,Consumer,2020-07-18
CUST-04743,FirstName_4742,LastName_4742,user4742@example.com,United States,Toronto,Consumer,2022-04-14
CUST-04744,FirstName_4743,LastName_4743,user4743@example.com,Australia,Chicago,Consumer,2021-01-28
CUST-04745,FirstName_4744,LastName_4744,user4744@example.com,United States,Toronto,Consumer,2022-09-13
CUST-04746,FirstName_4745,LastName_4745,user4745@example.com,United States,Sydney,Consumer,2021-07-29
CUST-04747,FirstName_4746,LastName_4746,user4746@example.com,United States,Melbourne,Corporate,2021-06-01
CUST-04748,FirstName_4747,LastName_4747,user4747@example.com,United States,Sydney,Corporate,2021-10-30
CUST-04749,FirstName_4748,LastName_4748,user4748@example.com,United States,Munich,Consumer,2021-05-21
CUST-04750,FirstName_4749,LastName_4749,user4749@example.com,Germany,Manchester,Corporate,2021-02-22
CUST-04751,FirstName_4750,LastName_4750,user4750@example.com,United States,Melbourne,Home Office,2021-12-02
CUST-04752,FirstName_4751,LastName_4751,user4751@example.com,Canada,Berlin,Corporate,2021-05-18
CUST-04753,FirstName_4752,LastName_4752,user4752@example.com,United Kingdom,Berlin,Consumer,2021-03-01
CUST-04754,FirstName_4753,LastName_4753,user4753@example.com,Canada,Melbourne,Consumer,2021-12-28
CUST-04755,FirstName_4754,LastName_4754,user4754@example.com,Germany,Sydney,Home Office,2022-05-10
CUST-04756,FirstName_4755,LastName_4755,user4755@example.com,Germany,London,Consumer,2021-03-30
CUST-04757,FirstName_4756,LastName_4756,user4756@example.com,United States,Manchester,Consumer,2021-05-15
CUST-04758,FirstName_4757,LastName_4757,user4757@example.com,Germany,Chicago,Consumer,2020-06-20
CUST-04759,FirstName_4758,LastName_4758,user4758@example.com,Canada,Sydney,Corporate,2020-03-25
CUST-04760,FirstName_4759,LastName_4759,user4759@example.com,Australia,Melbourne,Corporate,2021-08-01
CUST-04761,FirstName_4760,LastName_4760,user4760@example.com,Canada,London,Consumer,2020-02-01
CUST-04762,FirstName_4761,LastName_4761,user4761@example.com,Australia,Sydney,Consumer,2022-03-25
CUST-04763,FirstName_4762,LastName_4762,user4762@example.com,Germany,London,Home Office,2022-02-18
CUST-04764,FirstName_4763,LastName_4763,user4763@example.com,United States,Melbourne,Consumer,2020-08-13
CUST-04765,FirstName_4764,LastName_4764,user4764@example.com,Canada,Sydney,Consumer,2020-10-26
CUST-04766,FirstName_4765,LastName_4765,user4765@example.com,Australia,New York,Consumer,2020-02-03
CUST-04767,FirstName_4766,LastName_4766,user4766@example.com,Germany,Toronto,Corporate,2020-10-08
CUST-04768,FirstName_4767,LastName_4767,user4767@example.com,United States,Melbourne,Corporate,2020-08-18
CUST-04769,FirstName_4768,LastName_4768,user4768@example.com,United Kingdom,Berlin,Home Office,2021-07-04
CUST-04770,FirstName_4769,LastName_4769,user4769@example.com,United States,Berlin,Consumer,2020-10-22
CUST-04771,FirstName_4770,LastName_4770,user4770@example.com,United States,Manchester,Consumer,2020-06-21
CUST-04772,FirstName_4771,LastName_4771,user4771@example.com,Canada,Los Angeles,Consumer,2022-03-10
CUST-04773,FirstName_4772,LastName_4772,user4772@example.com,United States,Berlin,Home Office,2021-04-13
CUST-04774,FirstName_4773,LastName_4773,user4773@example.com,Germany,Los Angeles,Consumer,2021-08-02
CUST-04775,FirstName_4774,LastName_4774,user4774@example.com,United States,New York,Consumer,2022-01-30
CUST-04776,FirstName_4775,LastName_4775,user4775@example.com,Germany,Melbourne,Corporate,2022-03-02
CUST-04777,FirstName_4776,LastName_4776,user4776@example.com,United States,London,Consumer,2022-02-23
CUST-04778,FirstName_4777,LastName_4777,user4777@example.com,United States,Manchester,Consumer,2021-05-22
CUST-04779,FirstName_4778,LastName_4778,user4778@example.com,United States,Toronto,Home Office,2021-07-16
CUST-04780,FirstName_4779,LastName_4779,user4779@example.com,United States,Chicago,Consumer,2021-06-07
CUST-04781,FirstName_4780,LastName_4780,user4780@example.com,United States,Los Angeles,Consumer,2020-04-25
CUST-04782,FirstName_4781,LastName_4781,user4781@example.com,United States,Toronto,Consumer,2021-08-09
CUST-04783,FirstName_4782,LastName_4782,user4782@example.com,Canada,Manchester,Consumer,2020-04-26
CUST-04784,FirstName_4783,LastName_4783,user4783@example.com,United States,Manchester,Consumer,2020-10-01
CUST-04785,FirstName_4784,LastName_4784,user4784@example.com,Canada,Berlin,Corporate,2022-03-04
CUST-04786,FirstName_4785,LastName_4785,user4785@example.com,United States,Toronto,Consumer,2021-07-10
CUST-04787,FirstName_4786,LastName_4786,user4786@example.com,Germany,Sydney,Home Office,2022-04-23
CUST-04788,FirstName_4787,LastName_4787,user4787@example.com,Australia,Munich,Consumer,2021-01-10
CUST-04789,FirstName_4788,LastName_4788,user4788@example.com,Canada,Manchester,Consumer,2021-07-09
CUST-04790,FirstName_4789,LastName_4789,user4789@example.com,United States,Los Angeles,Consumer,2022-04-22
CUST-04791,FirstName_4790,LastName_4790,user4790@example.com,United States,Chicago,Corporate,2022-02-13
CUST-04792,FirstName_4791,LastName_4791,user4791@example.com,Australia,Chicago,Consumer,2020-02-12
CUST-04793,FirstName_4792,LastName_4792,user4792@example.com,United States,New York,Corporate,2022-02-17
CUST-04794,FirstName_4793,LastName_4793,user4793@example.com,United States,New York,Corporate,2022-01-06
CUST-04795,FirstName_4794,LastName_4794,user4794@example.com,United States,Berlin,Home Office,2021-03-27
CUST-04796,FirstName_4795,LastName_4795,user4795@example.com,United States,Sydney,Corporate,2021-07-13
CUST-04797,FirstName_4796,LastName_4796,user4796@example.com,United States,Berlin,Consumer,2020-08-11
CUST-04798,FirstName_4797,LastName_4797,user4797@example.com,Germany,Chicago,Corporate,2021-03-11
CUST-04799,FirstName_4798,LastName_4798,user4798@example.com,United States,London,Home Office,2020-04-14
CUST-04800,FirstName_4799,LastName_4799,user4799@example.com,United Kingdom,Chicago,Home Office,2022-01-23
CUST-04801,FirstName_4800,LastName_4800,user4800@example.com,United States,Manchester,Consumer,2022-04-29
CUST-04802,FirstName_4801,LastName_4801,user4801@example.com,United States,Toronto,Corporate,2021-10-31
CUST-04803,FirstName_4802,LastName_4802,user4802@example.com,Australia,Toronto,Consumer,2022-02-08
CUST-04804,FirstName_4803,LastName_4803,user4803@example.com,United States,Manchester,Consumer,2020-09-10
CUST-04805,FirstName_4804,LastName_4804,user4804@example.com,Germany,Manchester,Corporate,2020-10-31
CUST-04806,FirstName_4805,LastName_4805,user4805@example.com,Canada,Chicago,Home Office,2022-06-14
CUST-04807,FirstName_4806,LastName_4806,user4806@example.com,United States,Toronto,Consumer,2020-02-03
CUST-04808,FirstName_4807,LastName_4807,user4807@example.com,Australia,Toronto,Home Office,2021-04-05
CUST-04809,FirstName_4808,LastName_4808,user4808@example.com,United States,Melbourne,Consumer,2020-09-26
CUST-04810,FirstName_4809,LastName_4809,user4809@example.com,Germany,Toronto,Consumer,2020-12-22
CUST-04811,FirstName_4810,LastName_4810,user4810@example.com,United States,Manchester,Consumer,2022-06-01
CUST-04812,FirstName_4811,LastName_4811,user4811@example.com,Germany,New York,Consumer,2022-04-16
CUST-04813,FirstName_4812,LastName_4812,user4812@example.com,United States,Sydney,Home Office,2020-03-30
CUST-04814,FirstName_4813,LastName_4813,user4813@example.com,Canada,London,Consumer,2021-03-25
CUST-04815,FirstName_4814,LastName_4814,user4814@example.com,Germany,Manchester,Consumer,2022-06-05
CUST-04816,FirstName_4815,LastName_4815,user4815@example.com,Australia,Toronto,Consumer,2020-04-30
CUST-04817,FirstName_4816,LastName_4816,user4816@example.com,Australia,Los Angeles,Consumer,2022-03-05
CUST-04818,FirstName_4817,LastName_4817,user4817@example.com,Germany,Chicago,Home Office,2022-04-11
CUST-04819,FirstName_4818,LastName_4818,user4818@example.com,Germany,Chicago,Consumer,2020-08-30
CUST-04820,FirstName_4819,LastName_4819,user4819@example.com,United States,Sydney,Consumer,2020-08-02
CUST-04821,FirstName_4820,LastName_4820,user4820@example.com,United States,Manchester,Corporate,2022-04-10
CUST-04822,FirstName_4821,LastName_4821,user4821@example.com,United States,Sydney,Consumer,2022-01-25
CUST-04823,FirstName_4822,LastName_4822,user4822@example.com,United States,New York,Corporate,2021-08-25
CUST-04824,FirstName_4823,LastName_4823,user4823@example.com,United States,Munich,Consumer,2021-12-06
CUST-04825,FirstName_4824,LastName_4824,user4824@example.com,Canada,Berlin,Consumer,2020-12-25
CUST-04826,FirstName_4825,LastName_4825,user4825@example.com,United States,Los Angeles,Home Office,2022-05-31
CUST-04827,FirstName_4826,LastName_4826,user4826@example.com,United Kingdom,Berlin,Corporate,2021-12-28
CUST-04828,FirstName_4827,LastName_4827,user4827@example.com,United States,Munich,Consumer,2021-09-16
CUST-04829,FirstName_4828,LastName_4828,user4828@example.com,United States,Los Angeles,Corporate,2021-10-09
CUST-04830,FirstName_4829,LastName_4829,user4829@example.com,Canada,Berlin,Home Office,2021-03-14
CUST-04831,FirstName_4830,LastName_4830,user4830@example.com,Germany,Los Angeles,Consumer,2020-06-18
CUST-04832,FirstName_4831,LastName_4831,user4831@example.com,United Kingdom,Sydney,Consumer,2021-09-22
CUST-04833,FirstName_4832,LastName_4832,user4832@example.com,United Kingdom,London,Consumer,2020-05-22
CUST-04834,FirstName_4833,LastName_4833,user4833@example.com,United States,Melbourne,Consumer,2022-03-14
CUST-04835,FirstName_4834,LastName_4834,user4834@example.com,Canada,Los Angeles,Consumer,2020-07-30
CUST-04836,FirstName_4835,LastName_4835,user4835@example.com,United States,Munich,Home Office,2022-04-13
CUST-04837,FirstName_4836,LastName_4836,user4836@example.com,United States,Sydney,Consumer,2020-07-30
CUST-04838,FirstName_4837,LastName_4837,user4837@example.com,Canada,Melbourne,Corporate,2022-04-04
CUST-04839,FirstName_4838,LastName_4838,user4838@example.com,United States,Sydney,Consumer,2020-03-01
CUST-04840,FirstName_4839,LastName_4839,user4839@example.com,United States,New York,Consumer,2021-08-06
CUST-04841,FirstName_4840,LastName_4840,user4840@example.com,Australia,Toronto,Corporate,2020-12-25
CUST-04842,FirstName_4841,LastName_4841,user4841@example.com,Australia,Chicago,Consumer,2021-06-29
CUST-04843,FirstName_4842,LastName_4842,user4842@example.com,United States,New York,Consumer,2020-10-14
CUST-04844,FirstName_4843,LastName_4843,user4843@example.com,United States,Munich,Consumer,2021-09-03
CUST-04845,FirstName_4844,LastName_4844,user4844@example.com,United States,Manchester,Corporate,2021-07-05
CUST-04846,FirstName_4845,LastName_4845,user4845@example.com,United States,Manchester,Consumer,2020-06-21
CUST-04847,FirstName_4846,LastName_4846,user4846@example.com,Australia,Chicago,Consumer,2020-11-27
CUST-04848,FirstName_4847,LastName_4847,user4847@example.com,United States,Sydney,Home Office,2021-12-21
CUST-04849,FirstName_4848,LastName_4848,user4848@example.com,Germany,London,Home Office,2020-10-26
CUST-04850,FirstName_4849,LastName_4849,user4849@example.com,United States,Munich,Consumer,2020-10-23
CUST-04851,FirstName_4850,LastName_4850,user4850@example.com,Australia,Chicago,Consumer,2021-08-09
CUST-04852,FirstName_4851,LastName_4851,user4851@example.com,United States,Melbourne,Corporate,2020-09-30
CUST-04853,FirstName_4852,LastName_4852,user4852@example.com,Germany,Melbourne,Corporate,2022-09-02
CUST-04854,FirstName_4853,LastName_4853,user4853@example.com,United States,Manchester,Consumer,2022-05-28
CUST-04855,FirstName_4854,LastName_4854,user4854@example.com,United Kingdom,Toronto,Consumer,2021-06-10
CUST-04856,FirstName_4855,LastName_4855,user4855@example.com,United States,Sydney,Corporate,2022-07-10
CUST-04857,FirstName_4856,LastName_4856,user4856@example.com,United States,Manchester,Home Office,2021-11-26
CUST-04858,FirstName_4857,LastName_4857,user4857@example.com,Australia,London,Corporate,2022-04-14
CUST-04859,FirstName_4858,LastName_4858,user4858@example.com,Australia,Chicago,Consumer,2020-04-07
CUST-04860,FirstName_4859,LastName_4859,user4859@example.com,Germany,Los Angeles,Consumer,2020-05-18
CUST-04861,FirstName_4860,LastName_4860,user4860@example.com,United Kingdom,London,Corporate,2022-09-12
CUST-04862,FirstName_4861,LastName_4861,user4861@example.com,Germany,Los Angeles,Consumer,2022-02-07
CUST-04863,FirstName_4862,LastName_4862,user4862@example.com,United States,Sydney,Consumer,2022-03-15
CUST-04864,FirstName_4863,LastName_4863,user4863@example.com,United States,Chicago,Consumer,2021-02-25
CUST-04865,FirstName_4864,LastName_4864,user4864@example.com,United States,Melbourne,Consumer,2022-07-29
CUST-04866,FirstName_4865,LastName_4865,user4865@example.com,United Kingdom,Melbourne,Consumer,2020-03-01
CUST-04867,FirstName_4866,LastName_4866,user4866@example.com,United States,New York,Corporate,2020-10-10
CUST-04868,FirstName_4867,LastName_4867,user4867@example.com,United States,Melbourne,Corporate,2022-06-06
CUST-04869,FirstName_4868,LastName_4868,user4868@example.com,Canada,Munich,Home Office,2021-11-02
CUST-04870,FirstName_4869,LastName_4869,user4869@example.com,Germany,New York,Corporate,2020-05-09
CUST-04871,FirstName_4870,LastName_4870,user4870@example.com,United States,New York,Consumer,2021-12-19
CUST-04872,FirstName_4871,LastName_4871,user4871@example.com,United States,Melbourne,Consumer,2022-06-05
CUST-04873,FirstName_4872,LastName_4872,user4872@example.com,United States,Manchester,Consumer,2020-05-15
CUST-04874,FirstName_4873,LastName_4873,user4873@example.com,United States,Toronto,Consumer,2020-09-12
CUST-04875,FirstName_4874,LastName_4874,user4874@example.com,United States,Toronto,Home Office,2020-05-29
CUST-04876,FirstName_4875,LastName_4875,user4875@example.com,United Kingdom,Munich,Consumer,2021-12-29
CUST-04877,FirstName_4876,LastName_4876,user4876@example.com,United Kingdom,Berlin,Consumer,2020-11-25
CUST-04878,FirstName_4877,LastName_4877,user4877@example.com,United Kingdom,Manchester,Consumer,2022-04-28
CUST-04879,FirstName_4878,LastName_4878,user4878@example.com,United States,Berlin,Consumer,2020-09-10
CUST-04880,FirstName_4879,LastName_4879,user4879@example.com,Germany,Los Angeles,Corporate,2022-02-18
CUST-04881,FirstName_4880,LastName_4880,user4880@example.com,United States,Manchester,Consumer,2022-05-13
CUST-04882,FirstName_4881,LastName_4881,user4881@example.com,Canada,Chicago,Consumer,2021-11-23
CUST-04883,FirstName_4882,LastName_4882,user4882@example.com,Germany,Berlin,Consumer,2021-02-06
CUST-04884,FirstName_4883,LastName_4883,user4883@example.com,United States,Munich,Home Office,2021-05-16
CUST-04885,FirstName_4884,LastName_4884,user4884@example.com,United States,Munich,Consumer,2020-05-25
CUST-04886,FirstName_4885,LastName_4885,user4885@example.com,Germany,Manchester,Consumer,2021-08-14
CUST-04887,FirstName_4886,LastName_4886,user4886@example.com,United States,New York,Consumer,2021-10-09
CUST-04888,FirstName_4887,LastName_4887,user4887@example.com,United Kingdom,Chicago,Consumer,2020-10-02
CUST-04889,FirstName_4888,LastName_4888,user4888@example.com,United States,Sydney,Consumer,2021-10-04
CUST-04890,FirstName_4889,LastName_4889,user4889@example.com,United Kingdom,Chicago,Corporate,2021-02-28
CUST-04891,FirstName_4890,LastName_4890,user4890@example.com,United States,Munich,Corporate,2021-01-19
CUST-04892,FirstName_4891,LastName_4891,user4891@example.com,United States,Los Angeles,Corporate,2021-04-07
CUST-04893,FirstName_4892,LastName_4892,user4892@example.com,United Kingdom,Berlin,Consumer,2020-03-18
CUST-04894,FirstName_4893,LastName_4893,user4893@example.com,United States,Berlin,Consumer,2021-10-10
CUST-04895,FirstName_4894,LastName_4894,user4894@example.com,United States,Los Angeles,Consumer,2022-03-24
CUST-04896,FirstName_4895,LastName_4895,user4895@example.com,United States,London,Consumer,2022-06-20
CUST-04897,FirstName_4896,LastName_4896,user4896@example.com,United States,Manchester,Consumer,2022-02-26
CUST-04898,FirstName_4897,LastName_4897,user4897@example.com,United States,Munich,Consumer,2020-04-05
CUST-04899,FirstName_4898,LastName_4898,user4898@example.com,United States,Toronto,Corporate,2021-02-16
CUST-04900,FirstName_4899,LastName_4899,user4899@example.com,Australia,Melbourne,Corporate,2021-06-11
CUST-04901,FirstName_4900,LastName_4900,user4900@example.com,United States,Los Angeles,Home Office,2022-02-06
CUST-04902,FirstName_4901,LastName_4901,user4901@example.com,Canada,Los Angeles,Corporate,2020-10-11
CUST-04903,FirstName_4902,LastName_4902,user4902@example.com,United States,Chicago,Consumer,2021-12-12
CUST-04904,FirstName_4903,LastName_4903,user4903@example.com,United States,Manchester,Consumer,2022-08-16
CUST-04905,FirstName_4904,LastName_4904,user4904@example.com,Australia,Manchester,Consumer,2022-06-17
CUST-04906,FirstName_4905,LastName_4905,user4905@example.com,United States,Toronto,Consumer,2021-01-12
CUST-04907,FirstName_4906,LastName_4906,user4906@example.com,Australia,Melbourne,Consumer,2021-04-10
CUST-04908,FirstName_4907,LastName_4907,user4907@example.com,United States,Manchester,Consumer,2022-08-31
CUST-04909,FirstName_4908,LastName_4908,user4908@example.com,United Kingdom,New York,Consumer,2021-05-14
CUST-04910,FirstName_4909,LastName_4909,user4909@example.com,Canada,Munich,Corporate,2020-12-01
CUST-04911,FirstName_4910,LastName_4910,user4910@example.com,Germany,New York,Corporate,2021-08-18
CUST-04912,FirstName_4911,LastName_4911,user4911@example.com,Canada,London,Consumer,2020-01-03
CUST-04913,FirstName_4912,LastName_4912,user4912@example.com,Canada,Munich,Consumer,2022-06-08
CUST-04914,FirstName_4913,LastName_4913,user4913@example.com,United States,Sydney,Consumer,2022-03-03
CUST-04915,FirstName_4914,LastName_4914,user4914@example.com,United States,Munich,Corporate,2022-05-17
CUST-04916,FirstName_4915,LastName_4915,user4915@example.com,Australia,Munich,Consumer,2022-01-20
CUST-04917,FirstName_4916,LastName_4916,user4916@example.com,United States,Toronto,Corporate,2020-04-05
CUST-04918,FirstName_4917,LastName_4917,user4917@example.com,United States,New York,Consumer,2022-01-18
CUST-04919,FirstName_4918,LastName_4918,user4918@example.com,Germany,Melbourne,Consumer,2022-09-22
CUST-04920,FirstName_4919,LastName_4919,user4919@example.com,United States,Chicago,Consumer,2021-04-14
CUST-04921,FirstName_4920,LastName_4920,user4920@example.com,Australia,Toronto,Consumer,2021-10-12
CUST-04922,FirstName_4921,LastName_4921,user4921@example.com,United Kingdom,Munich,Consumer,2021-11-11
CUST-04923,FirstName_4922,LastName_4922,user4922@example.com,Canada,Chicago,Corporate,2021-12-15
CUST-04924,FirstName_4923,LastName_4923,user4923@example.com,Germany,Berlin,Consumer,2021-01-01
CUST-04925,FirstName_4924,LastName_4924,user4924@example.com,United States,Chicago,Consumer,2022-05-20
CUST-04926,FirstName_4925,LastName_4925,user4925@example.com,United States,Los Angeles,Home Office,2020-03-05
CUST-04927,FirstName_4926,LastName_4926,user4926@example.com,Canada,Toronto,Consumer,2022-03-25
CUST-04928,FirstName_4927,LastName_4927,user4927@example.com,United States,Toronto,Consumer,2021-07-01
CUST-04929,FirstName_4928,LastName_4928,user4928@example.com,United Kingdom,Los Angeles,Consumer,2021-02-11
CUST-04930,FirstName_4929,LastName_4929,user4929@example.com,Australia,Berlin,Corporate,2020-08-11
CUST-04931,FirstName_4930,LastName_4930,user4930@example.com,Canada,Manchester,Corporate,2022-09-18
CUST-04932,FirstName_4931,LastName_4931,user4931@example.com,United States,Manchester,Consumer,2021-03-15
CUST-04933,FirstName_4932,LastName_4932,user4932@example.com,Australia,Manchester,Home Office,2022-04-24
CUST-04934,FirstName_4933,LastName_4933,user4933@example.com,Canada,Manchester,Corporate,2020-08-04
CUST-04935,FirstName_4934,LastName_4934,user4934@example.com,Canada,New York,Consumer,2021-05-21
CUST-04936,FirstName_4935,LastName_4935,user4935@example.com,United States,Los Angeles,Corporate,2020-10-01
CUST-04937,FirstName_4936,LastName_4936,user4936@example.com,Australia,Berlin,Consumer,2020-11-26
CUST-04938,FirstName_4937,LastName_4937,user4937@example.com,Canada,Munich,Corporate,2022-04-28
CUST-04939,FirstName_4938,LastName_4938,user4938@example.com,Germany,London,Consumer,2020-10-17
CUST-04940,FirstName_4939,LastName_4939,user4939@example.com,Germany,Toronto,Corporate,2020-12-11
CUST-04941,FirstName_4940,LastName_4940,user4940@example.com,United States,Chicago,Consumer,2021-07-14
CUST-04942,FirstName_4941,LastName_4941,user4941@example.com,Canada,Manchester,Home Office,2021-08-14
CUST-04943,FirstName_4942,LastName_4942,user4942@example.com,Germany,Chicago,Consumer,2020-05-13
CUST-04944,FirstName_4943,LastName_4943,user4943@example.com,United States,London,Corporate,2021-08-02
CUST-04945,FirstName_4944,LastName_4944,user4944@example.com,Germany,Toronto,Consumer,2022-05-22
CUST-04946,FirstName_4945,LastName_4945,user4945@example.com,Australia,Sydney,Home Office,2021-05-11
CUST-04947,FirstName_4946,LastName_4946,user4946@example.com,United Kingdom,Melbourne,Corporate,2022-03-18
CUST-04948,FirstName_4947,LastName_4947,user4947@example.com,United Kingdom,Berlin,Consumer,2020-12-17
CUST-04949,FirstName_4948,LastName_4948,user4948@example.com,Germany,New York,Home Office,2022-07-04
CUST-04950,FirstName_4949,LastName_4949,user4949@example.com,Germany,Chicago,Consumer,2021-11-29
CUST-04951,FirstName_4950,LastName_4950,user4950@example.com,United States,Manchester,Corporate,2022-02-19
CUST-04952,FirstName_4951,LastName_4951,user4951@example.com,United States,Los Angeles,Corporate,2020-02-19
CUST-04953,FirstName_4952,LastName_4952,user4952@example.com,Canada,Chicago,Consumer,2020-02-17
CUST-04954,FirstName_4953,LastName_4953,user4953@example.com,United Kingdom,Toronto,Home Office,2020-04-11
CUST-04955,FirstName_4954,LastName_4954,user4954@example.com,Canada,Sydney,Consumer,2021-10-03
CUST-04956,FirstName_4955,LastName_4955,user4955@example.com,United Kingdom,Berlin,Consumer,2022-03-13
CUST-04957,FirstName_4956,LastName_4956,user4956@example.com,United States,Los Angeles,Home Office,2022-05-06
CUST-04958,FirstName_4957,LastName_4957,user4957@example.com,United Kingdom,Melbourne,Corporate,2021-04-15
CUST-04959,FirstName_4958,LastName_4958,user4958@example.com,United States,Toronto,Consumer,2020-01-17
CUST-04960,FirstName_4959,LastName_4959,user4959@example.com,United Kingdom,Sydney,Consumer,2020-05-07
CUST-04961,FirstName_4960,LastName_4960,user4960@example.com,Canada,Los Angeles,Corporate,2022-08-09
CUST-04962,FirstName_4961,LastName_4961,user4961@example.com,United States,Melbourne,Consumer,2022-05-28
CUST-04963,FirstName_4962,LastName_4962,user4962@example.com,United States,Chicago,Home Office,2020-06-10
CUST-04964,FirstName_4963,LastName_4963,user4963@example.com,United Kingdom,Toronto,Corporate,2021-03-27
CUST-04965,FirstName_4964,LastName_4964,user4964@example.com,Canada,Munich,Consumer,2021-04-12
CUST-04966,FirstName_4965,LastName_4965,user4965@example.com,United States,Melbourne,Consumer,2020-01-01
CUST-04967,FirstName_4966,LastName_4966,user4966@example.com,Australia,Sydney,Consumer,2022-09-08
CUST-04968,FirstName_4967,LastName_4967,user4967@example.com,United Kingdom,Munich,Consumer,2021-03-14
CUST-04969,FirstName_4968,LastName_4968,user4968@example.com,Australia,Munich,Corporate,2020-07-26
CUST-04970,FirstName_4969,LastName_4969,user4969@example.com,Canada,New York,Home Office,2021-12-06
CUST-04971,FirstName_4970,LastName_4970,user4970@example.com,Canada,Sydney,Consumer,2022-07-20
CUST-04972,FirstName_4971,LastName_4971,user4971@example.com,Germany,Munich,Consumer,2020-05-15
CUST-04973,FirstName_4972,LastName_4972,user4972@example.com,Canada,Chicago,Consumer,2022-06-22
CUST-04974,FirstName_4973,LastName_4973,user4973@example.com,United Kingdom,Toronto,Corporate,2021-10-27
CUST-04975,FirstName_4974,LastName_4974,user4974@example.com,United States,Toronto,Corporate,2020-11-05
CUST-04976,FirstName_4975,LastName_4975,user4975@example.com,Canada,Chicago,Corporate,2020-06-11
CUST-04977,FirstName_4976,LastName_4976,user4976@example.com,United States,New York,Consumer,2022-06-14
CUST-04978,FirstName_4977,LastName_4977,user4977@example.com,United States,Berlin,Home Office,2022-08-13
CUST-04979,FirstName_4978,LastName_4978,user4978@example.com,United States,New York,Consumer,2022-06-16
CUST-04980,FirstName_4979,LastName_4979,user4979@example.com,United States,Toronto,Corporate,2020-10-07
CUST-04981,FirstName_4980,LastName_4980,user4980@example.com,Australia,Berlin,Corporate,2020-04-05
CUST-04982,FirstName_4981,LastName_4981,user4981@example.com,United States,New York,Corporate,2021-11-01
CUST-04983,FirstName_4982,LastName_4982,user4982@example.com,United Kingdom,Munich,Consumer,2021-01-04
CUST-04984,FirstName_4983,LastName_4983,user4983@example.com,Germany,Berlin,Corporate,2020-09-13
CUST-04985,FirstName_4984,LastName_4984,user4984@example.com,Canada,Toronto,Consumer,2020-03-25
CUST-04986,FirstName_4985,LastName_4985,user4985@example.com,United States,Chicago,Corporate,2021-01-15
CUST-04987,FirstName_4986,LastName_4986,user4986@example.com,United Kingdom,Manchester,Consumer,2021-11-11
CUST-04988,FirstName_4987,LastName_4987,user4987@example.com,United Kingdom,Munich,Consumer,2022-07-14
CUST-04989,FirstName_4988,LastName_4988,user4988@example.com,United Kingdom,Munich,Consumer,2021-10-26
CUST-04990,FirstName_4989,LastName_4989,user4989@example.com,Germany,Manchester,Corporate,2020-06-18
CUST-04991,FirstName_4990,LastName_4990,user4990@example.com,Australia,Melbourne,Consumer,2020-02-23
CUST-04992,FirstName_4991,LastName_4991,user4991@example.com,Canada,London,Corporate,2021-02-09
CUST-04993,FirstName_4992,LastName_4992,user4992@example.com,United States,Los Angeles,Corporate,2021-10-02
CUST-04994,FirstName_4993,LastName_4993,user4993@example.com,United Kingdom,Sydney,Corporate,2020-11-08
CUST-04995,FirstName_4994,LastName_4994,user4994@example.com,United States,New York,Consumer,2022-01-13
CUST-04996,FirstName_4995,LastName_4995,user4995@example.com,Germany,London,Corporate,2021-12-17
CUST-04997,FirstName_4996,LastName_4996,user4996@example.com,United States,New York,Consumer,2022-02-12
CUST-04998,FirstName_4997,LastName_4997,user4997@example.com,United States,London,Consumer,2020-08-27
CUST-04999,FirstName_4998,LastName_4998,user4998@example.com,Germany,Berlin,Consumer,2021-03-15
CUST-05000,FirstName_4999,LastName_4999,user4999@example.com,Canada,Chicago,Consumer,2021-11-02
